"","X1","X2","X3","X4","X5","X6","X7","X8","X9","X10","X11","X12","X13","X14","X15","X16","X17","X18","X19","X20","X21","X22","X23","X24","X25","Level","pam.res.clustering"
"1",1,4,1,1,4,1,4,5,4,4,5,3,1,5,4,5,3,1,5,3,4,5,4,4,5,3.44,1
"2",2,2,3,3,1,3,1,3,4,5,3,3,1,5,5,5,5,1,3,3,1,5,5,4,4,3.2,1
"3",2,2,2,3,4,4,3,2,3,3,4,3,2,3,5,3,2,2,3,2,2,3,3,4,4,2.92,2
"4",5,1,1,1,5,1,4,4,2,1,1,1,1,1,3,5,3,2,1,2,2,2,3,4,5,2.44,2
"5",3,5,2,1,5,3,4,4,3,2,1,2,2,5,3,4,1,5,4,3,3,4,4,1,4,3.12,1
"6",1,2,5,3,5,4,5,2,4,5,1,1,1,2,2,3,2,1,2,2,4,4,5,4,4,2.96,1
"7",5,5,5,5,5,5,5,4,4,3,2,3,1,3,3,3,2,2,2,2,2,3,3,3,3,3.32,1
"8",1,1,1,1,1,1,4,3,3,2,2,1,1,1,1,1,1,1,1,1,1,1,1,5,4,1.64,2
"9",5,1,5,5,5,2,5,5,2,5,2,5,5,5,5,4,1,1,5,5,1,5,5,5,5,3.96,1
"10",5,5,5,4,2,1,4,4,4,3,3,3,2,2,3,3,2,2,2,2,2,2,3,3,4,3,1
"11",1,3,5,5,2,1,4,5,3,3,5,4,1,3,5,5,5,1,4,3,1,5,5,1,5,3.4,1
"12",5,3,5,1,5,1,1,5,1,2,5,1,1,5,2,4,2,5,1,3,5,1,5,1,3,2.92,1
"13",5,5,5,1,5,2,1,4,4,2,2,2,2,4,2,2,2,2,3,2,2,2,2,2,3,2.72,1
"14",1,3,1,1,3,5,4,3,4,3,4,2,1,2,3,4,2,1,1,3,5,5,2,1,5,2.76,2
"15",1,1,2,4,1,1,4,4,4,3,2,3,1,3,4,4,4,3,2,3,4,4,4,3,4,2.92,1
"16",1,2,1,3,3,5,3,4,3,5,5,3,1,3,3,4,3,2,1,2,1,5,1,2,5,2.84,2
"17",3,4,2,5,2,5,5,2,1,4,4,5,1,2,4,5,2,1,2,3,2,2,1,5,4,3.04,2
"18",5,4,4,4,2,4,4,3,4,5,2,2,1,4,4,2,2,2,4,4,3,2,4,2,4,3.24,1
"19",5,5,4,3,5,4,4,3,4,4,5,2,1,2,4,5,2,4,5,2,1,3,2,4,5,3.52,1
"20",5,4,1,3,4,1,2,3,3,4,3,2,3,4,3,2,1,1,2,3,3,3,2,4,3,2.76,1
"21",1,1,1,2,4,1,5,1,2,3,3,2,1,2,1,1,1,2,1,2,2,2,3,1,2,1.88,2
"22",2,5,5,5,4,5,5,5,5,5,5,4,4,5,4,5,1,1,5,5,4,4,1,3,1,3.92,1
"23",5,5,3,4,5,2,3,4,3,2,3,4,1,3,3,4,3,2,1,3,2,1,3,4,3,3.04,1
"24",3,4,1,1,4,5,1,4,4,4,2,2,2,4,4,2,2,2,2,2,2,4,4,4,2,2.84,1
"25",1,1,3,1,5,1,5,5,3,2,4,2,1,5,1,4,1,1,5,2,2,4,2,3,5,2.76,2
"26",1,1,1,2,5,3,5,4,3,4,5,2,1,3,4,4,1,1,4,2,3,3,2,4,5,2.92,2
"27",5,5,5,1,5,1,2,2,4,1,1,2,1,3,3,2,1,1,2,3,1,1,1,1,3,2.28,1
"28",5,5,5,1,5,1,2,2,4,1,1,2,1,3,3,2,1,1,2,3,1,1,1,1,3,2.28,1
"29",1,3,5,3,4,1,5,4,4,4,5,5,1,5,5,2,5,5,1,4,1,4,3,5,5,3.6,1
"30",5,5,5,1,5,1,2,2,4,1,1,2,1,3,3,2,1,1,2,3,1,1,1,1,3,2.28,1
"31",1,1,1,1,5,1,4,1,1,4,1,1,1,1,1,2,1,1,2,4,2,2,2,4,4,1.96,2
"32",1,1,5,2,1,2,2,5,3,2,1,3,2,2,2,2,2,2,2,3,1,1,1,5,4,2.28,2
"33",5,1,1,1,1,5,1,4,4,4,2,2,2,2,4,2,2,2,2,3,2,2,2,2,2,2.4,1
"34",1,1,1,5,2,1,2,5,3,5,1,4,4,5,1,1,3,1,1,5,5,5,1,4,1,2.72,1
"35",1,1,5,2,1,2,2,4,4,2,1,3,1,3,3,3,3,2,3,2,2,3,1,1,1,2.24,2
"36",1,1,1,1,3,1,2,2,2,2,2,2,2,2,3,2,2,3,2,2,2,2,2,3,3,2,2
"37",5,4,1,1,3,1,2,1,3,2,4,1,3,2,4,1,5,1,3,2,4,2,3,1,2,2.44,2
"38",5,1,2,4,4,2,2,1,2,3,1,3,1,4,1,5,3,2,3,1,2,4,2,1,3,2.48,2
"39",4,1,2,4,5,2,3,1,3,4,3,1,2,4,4,3,4,1,2,3,2,4,1,4,1,2.72,1
"40",5,4,2,3,5,1,4,5,3,5,2,4,1,3,2,4,2,1,3,1,5,1,3,5,1,3,1
"41",1,1,1,1,1,3,2,5,2,1,2,1,1,3,1,1,3,1,1,3,2,2,3,1,5,1.92,2
"42",1,1,1,1,1,3,2,5,2,1,2,1,1,3,1,1,3,1,1,3,2,2,3,1,5,1.92,2
"43",1,1,5,3,5,1,5,5,4,2,1,3,1,3,1,1,3,5,1,3,2,5,2,4,5,2.88,1
"44",1,5,2,1,1,2,1,5,3,2,5,5,3,3,1,5,3,3,2,3,2,5,3,3,4,2.92,1
"45",5,5,3,5,5,5,2,4,4,5,2,3,1,4,5,1,2,1,1,3,1,1,1,5,4,3.12,1
"46",5,5,1,2,5,1,5,5,4,2,5,3,3,5,3,5,3,2,5,4,3,5,3,1,3,3.52,1
"47",5,5,1,4,1,2,1,3,2,5,4,4,3,3,4,2,2,1,4,4,5,3,5,3,1,3.08,1
"48",5,5,1,2,2,2,2,5,4,5,2,3,3,4,5,3,5,5,5,5,3,1,3,3,5,3.52,1
"49",4,5,5,1,5,1,2,1,1,2,3,1,1,5,3,1,4,1,1,1,3,5,3,2,5,2.64,2
"50",5,4,3,2,1,1,2,5,4,3,2,1,1,4,5,4,3,4,5,4,3,2,5,5,5,3.32,1
"51",5,4,3,2,1,2,3,5,4,3,2,1,1,2,3,4,5,4,3,2,1,2,3,4,5,2.96,1
"52",5,4,3,2,1,1,2,5,4,3,2,1,1,2,3,4,5,4,3,2,1,2,3,4,5,2.88,1
"53",5,2,1,1,1,3,4,4,3,2,1,2,2,3,3,3,2,2,2,2,2,2,2,4,5,2.52,2
"54",5,4,3,2,1,2,3,5,4,3,2,1,2,3,4,5,4,3,2,1,2,3,4,5,5,3.12,1
"55",3,3,3,4,5,4,4,5,2,4,5,5,2,5,2,2,2,2,1,5,5,5,1,5,5,3.56,1
"56",5,5,2,5,1,2,5,2,2,4,2,2,5,5,4,2,2,2,2,4,2,2,2,4,2,3,1
"57",5,4,3,2,1,1,2,5,4,3,2,1,2,3,4,5,5,4,3,2,1,2,3,4,5,3.04,1
"58",5,1,1,1,5,5,3,1,1,2,3,1,1,3,1,3,1,1,3,3,1,1,3,3,1,2.16,2
"59",4,1,1,1,5,1,3,1,1,2,3,1,1,1,3,1,4,1,1,1,3,5,3,2,5,2.2,2
"60",5,4,3,5,5,4,3,5,4,5,4,4,2,4,4,4,2,2,3,4,4,4,2,4,4,3.76,1
"61",3,5,5,4,1,5,4,3,4,5,4,4,5,3,4,4,3,2,4,4,4,3,5,4,5,3.88,1
"62",3,4,3,4,5,5,4,3,4,5,4,3,3,5,2,4,3,2,4,4,4,3,5,4,5,3.8,1
"63",5,4,4,4,5,5,3,3,4,3,2,3,1,3,3,3,3,2,1,3,3,3,3,4,4,3.24,1
"64",1,2,1,1,3,1,1,1,5,4,2,5,4,1,1,3,3,4,5,2,1,3,4,1,2,2.44,2
"65",5,3,1,1,5,3,4,5,4,3,1,1,5,4,2,1,1,1,2,1,4,5,5,4,1,2.88,1
"66",5,5,4,1,5,3,3,3,2,2,2,1,1,2,1,3,1,1,2,3,1,2,4,3,3,2.52,1
"67",5,1,5,4,5,1,4,4,3,2,1,3,1,3,1,1,3,2,1,1,3,1,1,2,4,2.48,2
"68",5,3,1,1,5,3,1,5,4,4,1,4,1,2,5,5,4,1,1,4,5,5,5,3,1,3.16,1
"69",5,1,1,2,5,3,4,5,3,2,1,2,2,3,4,3,2,2,2,3,2,2,2,4,2,2.68,2
"70",5,4,5,4,3,2,2,3,4,4,3,2,3,4,3,5,4,2,1,1,1,5,1,4,2,3.08,1
"71",5,4,3,1,5,2,3,3,4,3,2,4,2,5,1,2,4,1,3,2,4,4,2,1,1,2.84,1
"72",5,5,2,1,2,5,5,4,2,5,5,2,4,5,3,5,2,2,4,2,5,5,3,4,5,3.68,1
"73",5,5,2,1,2,5,5,4,2,5,2,2,5,5,3,5,2,2,5,2,2,4,3,4,5,3.48,1
"74",5,1,1,1,2,3,4,3,2,4,3,1,3,1,1,1,1,5,4,5,5,5,4,5,5,3,1
"75",5,4,3,5,4,2,3,3,4,3,2,4,2,5,4,3,2,4,4,5,4,3,2,4,2,3.44,1
"76",5,3,5,3,5,3,5,3,3,4,5,5,5,2,5,3,3,5,4,3,3,3,5,3,5,3.92,1
"77",5,4,3,5,1,3,2,4,5,3,5,2,4,5,4,3,5,4,3,5,3,5,2,5,5,3.8,1
"78",3,5,2,5,5,5,4,4,3,5,5,2,3,3,5,3,2,1,5,5,3,1,4,3,5,3.64,1
"79",4,5,1,1,3,5,5,5,1,3,4,4,3,5,3,5,3,2,4,1,4,3,3,4,4,3.4,2
"80",5,3,4,3,4,2,5,4,3,3,2,2,2,3,5,3,1,1,2,2,2,2,1,2,3,2.76,2
"81",5,4,3,4,1,2,1,4,3,4,5,4,2,4,4,4,3,3,3,2,2,5,2,4,4,3.28,1
"82",5,1,4,1,4,5,5,4,4,4,1,4,1,4,2,4,4,4,1,2,4,2,2,2,2,3.04,2
"83",5,4,1,3,5,4,2,5,5,1,4,4,5,3,3,3,2,3,4,3,2,1,3,3,4,3.28,1
"84",3,3,5,5,5,5,5,5,4,4,1,5,5,5,3,4,5,2,1,3,5,5,3,1,4,3.84,1
"85",5,2,2,1,5,1,2,3,2,1,2,2,1,4,3,4,2,4,3,2,2,5,1,4,2,2.6,2
"86",5,4,4,5,4,3,4,4,3,3,3,4,4,3,4,4,4,4,5,3,4,3,4,3,4,3.8,1
"87",5,5,2,1,2,5,5,5,2,5,5,2,3,3,4,3,3,3,3,3,4,3,4,5,5,3.6,1
"88",5,4,1,4,5,5,5,5,5,2,4,4,1,5,2,5,1,5,1,1,1,4,4,4,5,3.52,1
"89",5,5,2,1,2,4,5,5,5,2,2,3,3,3,2,3,2,3,3,3,3,5,3,5,5,3.36,1
"90",5,3,5,3,3,1,5,4,3,3,1,2,1,4,3,4,2,4,1,4,3,3,2,4,3,3.04,1
"91",5,3,3,4,3,5,3,5,3,3,2,2,3,3,5,3,1,3,2,3,3,2,3,1,1,2.96,1
"92",5,2,5,1,5,1,4,4,4,3,2,2,1,2,1,4,2,2,2,1,2,4,2,4,2,2.68,1
"93",5,3,1,1,4,3,1,2,3,2,4,2,2,2,3,4,2,2,2,2,2,2,2,4,3,2.52,2
"94",5,3,5,1,5,1,1,2,3,3,4,2,2,2,3,2,2,2,2,2,2,2,2,4,4,2.64,1
"95",3,2,3,4,4,3,2,4,2,4,2,2,2,4,4,2,1,2,3,5,4,2,3,2,4,2.92,1
"96",5,5,3,4,5,5,4,4,3,5,4,2,3,4,3,5,1,4,4,3,3,4,4,5,4,3.84,1
"97",3,5,1,2,5,3,4,3,4,3,5,4,2,3,4,5,4,5,3,3,2,2,4,4,5,3.52,1
"98",5,5,4,5,4,5,5,5,4,3,1,5,2,5,2,3,3,3,1,1,1,3,3,5,5,3.52,1
"99",5,5,5,5,5,4,5,5,4,3,1,3,2,5,3,2,2,4,1,2,2,4,4,5,2,3.52,1
"100",1,5,1,4,3,1,5,3,3,3,5,2,4,4,1,1,3,3,2,4,3,4,4,5,5,3.16,1
"101",5,3,4,3,5,4,4,5,3,3,5,3,3,4,3,4,2,3,2,3,3,3,2,3,2,3.36,1
"102",5,5,1,2,5,3,4,3,4,3,5,4,2,3,4,5,4,4,3,3,2,2,4,4,1,3.4,1
"103",5,5,5,4,2,5,5,5,5,4,5,3,2,2,5,4,4,4,3,4,2,2,4,4,4,3.88,1
"104",5,4,1,1,5,3,5,4,3,3,3,4,5,1,4,5,3,5,3,2,1,4,4,3,5,3.44,2
"105",5,4,5,1,5,5,5,4,4,2,5,1,1,2,2,2,1,1,2,2,1,2,3,3,4,2.88,1
"106",3,5,5,1,5,1,1,1,1,5,1,1,5,1,2,1,1,1,1,1,1,1,4,5,4,2.32,2
"107",1,4,5,1,5,1,4,2,2,4,1,2,1,4,4,2,2,2,2,2,3,2,4,4,1,2.6,2
"108",5,1,1,1,5,5,5,4,3,3,5,4,1,1,3,1,3,2,2,2,1,2,2,3,3,2.72,2
"109",5,2,1,3,3,3,4,2,3,4,2,2,1,3,3,2,2,2,1,2,3,3,2,2,2,2.48,2
"110",1,4,1,1,1,1,4,5,4,5,1,4,1,5,2,2,2,2,5,2,2,4,2,5,1,2.68,1
"111",5,2,2,3,1,3,4,2,3,4,4,1,3,3,2,2,2,1,2,3,3,3,2,2,2,2.56,1
"112",5,2,2,1,4,4,4,2,3,4,4,3,3,2,2,2,1,2,3,3,3,2,2,2,2,2.68,2
"113",5,2,2,1,3,3,3,2,3,4,4,3,3,2,2,2,1,2,3,3,3,2,2,2,2,2.56,2
"114",5,4,3,4,5,4,4,4,3,4,4,2,3,4,3,4,4,2,2,4,3,2,2,4,3,3.44,1
"115",5,1,5,2,1,1,4,4,2,4,2,2,1,2,2,2,2,2,1,2,2,2,2,3,2,2.32,2
"116",5,1,5,2,1,1,4,4,2,4,2,2,1,2,2,2,2,2,1,2,2,2,2,3,2,2.32,2
"117",5,1,4,2,1,1,4,4,2,4,2,2,1,2,2,2,2,2,2,1,2,2,2,3,2,2.28,2
"118",5,4,4,5,3,2,3,2,2,2,3,2,2,2,2,3,1,2,3,3,2,3,2,2,2,2.64,1
"119",5,3,2,2,2,1,4,2,3,2,2,2,2,3,2,2,2,1,2,3,2,3,3,2,2,2.36,2
"120",5,3,2,2,3,1,4,2,3,2,2,2,2,3,2,2,2,1,2,3,2,3,3,2,2,2.4,2
"121",5,3,2,2,2,1,4,2,3,2,2,2,2,3,2,2,2,1,2,3,2,3,3,2,2,2.36,2
"122",5,1,1,4,5,5,5,4,4,5,4,2,1,3,1,4,3,2,4,2,3,4,5,5,5,3.48,1
"123",5,1,5,2,4,1,4,4,2,4,2,2,1,2,2,2,2,2,2,2,2,2,2,4,4,2.6,2
"124",5,1,5,2,1,1,4,4,2,4,2,2,1,2,2,2,2,2,1,2,2,2,2,3,2,2.32,2
"125",1,1,5,2,1,1,4,4,2,4,2,2,1,2,2,2,2,2,1,2,2,2,2,3,2,2.16,2
"126",5,1,5,2,1,1,4,4,2,4,2,2,1,2,2,2,2,2,1,2,2,2,2,3,2,2.32,2
"127",5,2,1,3,4,3,4,2,3,4,2,2,1,3,3,2,2,2,1,2,3,3,3,2,2,2.56,2
"128",1,2,5,1,2,4,1,3,1,3,4,5,5,3,3,1,4,4,2,2,3,2,3,2,1,2.68,2
"129",1,2,1,3,1,5,1,1,5,4,1,4,1,3,2,1,1,5,1,3,1,2,5,3,4,2.44,1
"130",1,1,5,2,1,4,1,1,2,3,4,2,4,1,2,4,4,4,1,4,5,4,4,2,1,2.68,2
"131",1,2,5,5,1,4,1,3,1,3,4,5,5,2,3,3,1,1,4,4,2,2,3,2,4,2.84,1
"132",1,2,5,5,1,4,1,3,1,3,4,5,5,3,3,1,4,4,2,2,3,2,4,2,1,2.84,2
"133",1,2,5,1,5,1,1,4,1,4,5,4,4,3,3,1,4,4,2,2,2,3,2,4,2,2.8,2
"134",1,4,4,4,4,2,2,4,4,2,4,5,2,2,2,2,3,2,3,4,2,1,3,2,2,2.8,1
"135",1,5,3,5,1,1,5,1,2,4,4,2,5,4,1,1,3,4,3,4,1,1,1,1,2,2.6,2
"136",1,5,5,4,5,4,2,1,2,3,5,5,5,5,4,1,5,5,1,3,2,2,4,4,1,3.36,1
"137",1,2,3,1,2,3,2,1,2,1,2,1,2,3,4,5,4,5,4,5,4,4,5,2,4,2.88,2
"138",1,2,3,2,3,3,4,1,2,1,1,2,1,2,1,3,4,5,4,5,3,3,4,2,1,2.52,2
"139",2,1,3,2,2,2,5,1,1,2,1,2,5,4,4,5,2,2,2,3,2,3,3,1,1,2.44,2
"140",1,2,1,2,1,4,5,1,2,3,2,5,4,3,1,2,1,3,1,2,3,1,4,2,3,2.36,2
"141",1,2,1,2,3,4,2,1,2,1,2,3,1,3,2,2,3,4,5,5,4,5,3,2,1,2.56,2
"142",1,2,1,2,1,3,5,2,3,4,2,1,2,2,1,3,2,3,5,4,5,4,4,4,5,2.84,2
"143",1,2,1,2,3,2,5,1,2,1,2,4,5,2,3,3,3,2,3,2,3,4,2,4,5,2.68,2
"144",5,3,1,1,5,3,5,2,2,2,5,1,1,3,1,1,1,1,3,3,3,3,1,3,5,2.56,2
"145",5,5,3,1,5,1,2,3,1,1,1,1,1,5,1,1,1,1,5,4,3,1,3,2,5,2.48,1
"146",3,5,1,3,5,1,4,3,2,4,4,2,1,4,4,3,2,2,2,2,3,2,2,4,4,2.88,1
"147",5,3,1,1,5,3,5,2,2,2,5,1,1,3,1,1,1,1,3,3,3,3,1,3,5,2.56,2
"148",5,3,1,1,5,3,5,2,2,2,5,1,1,3,5,2,2,2,4,5,3,1,3,5,4,3,1
"149",5,3,1,1,5,3,5,3,3,4,5,1,1,3,3,5,4,1,1,3,3,3,1,3,5,3,2
"150",5,3,1,3,5,4,5,4,1,5,5,1,1,3,4,5,4,1,1,2,3,3,5,4,5,3.32,1
"151",5,1,1,4,5,3,5,4,4,4,3,1,3,2,4,2,2,2,4,5,3,3,2,1,3,3.04,1
"152",4,1,1,2,5,5,5,5,2,5,5,3,1,3,4,4,5,2,2,2,4,2,4,4,3,3.32,2
"153",5,1,2,3,5,5,2,4,5,4,5,5,5,5,4,5,3,2,2,5,3,3,3,3,5,3.76,1
"154",5,3,5,4,3,2,5,4,5,3,4,5,5,5,4,5,3,2,2,3,5,4,5,3,3,3.88,1
"155",5,4,5,3,1,5,4,4,4,4,3,1,3,2,4,2,2,2,2,5,3,2,5,4,1,3.2,1
"156",5,1,1,4,1,1,5,4,5,4,5,3,5,5,4,3,5,5,4,2,2,5,3,5,5,3.68,1
"157",5,5,1,1,3,1,5,4,3,4,4,3,1,3,2,4,5,5,3,3,4,3,5,1,4,3.28,1
"158",4,4,3,5,4,1,3,3,4,4,4,3,1,3,2,4,5,5,4,3,5,3,2,1,3,3.32,1
"159",5,2,1,4,5,1,5,4,5,4,5,3,5,4,3,5,5,4,2,2,4,4,3,4,4,3.72,1
"160",5,2,1,3,4,4,5,3,4,4,5,2,5,3,4,4,4,2,2,4,4,3,5,5,5,3.68,1
"161",5,1,5,1,5,4,5,4,1,5,3,3,2,2,4,4,2,2,2,3,4,4,4,4,4,3.32,1
"162",5,5,4,1,5,1,5,3,4,5,5,4,1,1,4,3,3,3,5,4,4,5,4,3,4,3.64,1
"163",5,5,1,1,5,4,5,3,4,5,5,4,1,1,4,5,5,4,4,5,4,3,5,5,1,3.76,1
"164",5,4,3,4,4,3,5,5,4,4,4,2,1,5,5,4,4,1,3,5,4,5,3,5,3,3.8,1
"165",5,2,1,1,5,4,5,3,4,5,5,4,1,3,1,4,2,2,2,1,2,5,4,3,4,3.12,1
"166",5,1,5,4,5,4,5,5,4,5,5,1,1,4,5,1,4,1,1,5,2,5,5,5,1,3.56,1
"167",3,2,5,1,5,4,3,4,2,4,3,1,4,1,4,4,1,2,3,2,1,5,4,5,5,3.12,1
"168",5,2,1,1,5,1,2,3,5,4,2,1,2,3,2,2,2,1,3,5,4,3,1,3,5,2.72,1
"169",5,5,5,3,4,2,4,5,4,4,3,1,1,2,3,3,2,4,2,2,2,3,2,5,5,3.24,1
"170",5,5,5,3,4,4,5,2,2,3,4,5,5,4,3,4,3,4,3,3,3,3,3,4,4,3.72,1
"171",5,4,5,3,5,4,5,4,5,4,5,1,1,5,5,4,4,4,5,5,4,4,3,5,5,4.16,1
"172",5,2,1,2,5,4,5,4,5,4,5,4,5,4,3,5,5,4,2,2,4,4,3,5,5,3.88,1
"173",2,1,1,5,5,1,5,5,3,3,3,5,2,2,4,4,2,1,4,1,5,5,5,3,4,3.24,2
"174",5,4,5,1,5,4,5,4,4,4,5,2,2,5,4,4,3,2,2,2,4,5,4,3,4,3.68,1
"175",5,4,5,1,5,4,4,5,1,4,4,3,1,1,5,3,3,1,3,5,2,1,3,5,1,3.16,1
"176",5,1,1,2,5,5,1,2,2,5,4,2,1,3,1,3,2,3,1,1,5,3,4,5,3,2.8,1
"177",5,4,5,1,5,4,4,4,4,4,3,1,3,2,5,1,3,5,3,5,3,4,3,5,4,3.6,1
"178",5,5,4,1,5,3,5,2,2,1,3,3,3,3,5,3,1,2,2,5,5,3,5,4,3,3.32,1
"179",5,5,1,1,3,1,5,5,1,4,1,1,5,3,1,3,5,1,3,3,4,5,1,3,2,2.88,2
"180",5,2,1,1,5,2,5,2,2,2,5,1,1,3,5,4,5,5,3,3,3,3,1,3,4,3.04,2
"181",5,5,1,1,4,1,5,4,2,1,3,2,1,5,5,5,2,1,1,3,3,5,1,3,5,2.96,1
"182",5,2,1,2,5,4,5,5,4,3,3,4,4,4,5,2,1,1,3,3,5,1,4,5,4,3.4,1
"183",5,1,1,4,5,1,5,4,3,4,5,3,2,4,4,2,2,5,5,4,5,3,3,4,4,3.52,1
"184",5,5,1,1,5,4,5,4,1,2,2,5,5,3,5,2,2,1,4,4,2,2,2,4,4,3.2,2
"185",5,5,1,1,5,4,5,2,2,1,5,4,1,1,4,3,3,3,1,3,5,4,3,4,4,3.16,2
"186",5,5,4,1,5,1,4,4,2,4,4,2,2,2,4,4,2,2,2,1,1,5,4,4,3,3.08,1
"187",5,5,1,5,1,5,4,5,5,3,3,2,3,5,5,5,5,4,4,3,3,3,5,5,1,3.8,1
"188",5,2,1,1,5,4,5,3,4,5,5,4,1,3,1,4,2,2,2,1,2,5,4,3,4,3.12,1
"189",5,5,2,1,5,1,5,4,3,4,4,2,2,3,3,5,5,4,4,5,4,3,3,3,4,3.56,1
"190",5,1,1,1,5,1,5,4,2,4,4,2,2,4,4,5,4,5,3,4,5,3,2,3,4,3.32,2
"191",5,4,5,3,2,1,5,2,2,4,2,5,4,2,3,3,4,2,2,3,1,5,4,1,5,3.16,1
"192",3,5,5,5,5,5,5,4,2,2,3,2,3,4,2,4,2,2,4,3,3,3,3,3,2,3.36,1
"193",1,2,3,1,2,1,4,1,2,1,4,4,5,5,3,3,4,3,4,1,1,2,1,3,1,2.48,2
"194",1,2,1,2,1,3,5,1,2,1,3,4,5,4,4,5,4,3,1,4,1,1,3,3,3,2.68,2
"195",2,1,2,1,3,5,4,1,2,2,3,4,5,2,3,3,2,3,2,3,2,5,2,5,4,2.84,2
"196",1,2,3,4,5,3,4,1,2,1,4,1,3,4,5,3,4,2,1,3,2,3,2,4,5,2.88,2
"197",1,2,1,3,2,3,4,1,2,1,2,4,2,2,3,2,3,3,2,4,2,4,2,4,5,2.56,2
"198",1,2,1,5,4,3,3,2,4,5,2,1,2,1,2,1,2,1,3,1,5,1,2,2,1,2.28,2
"199",2,2,3,2,3,1,2,5,4,4,2,3,2,3,2,1,1,2,1,2,1,4,4,5,2,2.52,1
"200",2,4,1,3,2,4,1,1,2,3,1,3,2,5,2,4,1,3,1,4,1,2,2,3,1,2.32,1
"201",5,5,1,1,3,5,3,1,5,4,3,4,4,3,1,5,3,3,1,4,4,3,2,2,2,3.08,1
"202",5,4,2,4,2,1,5,5,3,2,4,3,2,3,3,4,2,1,1,4,2,5,3,5,2,3.08,1
"203",1,3,2,4,1,2,5,4,1,5,3,2,4,1,5,5,1,2,4,5,3,3,5,3,1,3,1
"204",5,4,5,4,3,4,1,2,5,3,4,2,3,1,5,3,2,5,3,4,1,5,3,2,5,3.36,1
"205",2,1,3,4,5,3,1,2,5,4,2,3,5,4,1,3,5,3,2,5,3,2,4,2,1,3,1
"206",4,3,4,2,3,1,2,4,2,5,2,4,3,5,1,5,4,1,4,2,5,3,1,5,4,3.16,1
"207",5,4,3,4,2,3,1,2,5,2,4,1,5,3,1,4,5,2,5,3,1,5,1,3,5,3.16,1
"208",5,4,2,3,1,1,3,3,4,2,4,3,1,2,5,3,1,2,3,4,5,3,3,4,2,2.92,1
"209",2,4,1,5,2,4,1,1,3,5,2,4,1,3,5,1,3,5,2,4,1,3,5,1,3,2.84,1
"210",5,1,3,2,1,5,4,4,5,3,1,4,1,2,3,1,4,1,3,5,1,2,3,2,4,2.8,1
"211",3,5,4,2,1,3,1,3,4,2,3,2,4,1,3,4,3,2,3,5,1,3,2,5,1,2.8,1
"212",4,3,5,3,2,3,1,5,3,1,5,3,1,4,3,5,2,1,4,3,1,5,3,1,5,3.04,1
"213",4,3,4,5,3,2,1,5,5,3,1,5,2,3,4,1,5,3,2,5,1,3,5,2,1,3.12,1
"214",2,3,4,5,4,3,2,3,3,4,5,2,4,3,3,3,3,3,2,2,2,2,3,3,3,3.04,1
"215",5,2,4,2,4,1,3,3,5,2,4,1,3,5,2,4,1,5,2,4,1,5,2,3,1,2.96,1
"216",5,3,1,4,2,4,1,4,2,5,2,4,1,3,5,2,4,1,5,2,4,1,3,1,5,2.96,2
"217",4,5,3,5,3,5,3,4,1,5,3,5,2,5,3,5,1,3,5,3,5,4,3,2,4,3.64,1
"218",3,3,2,1,4,5,4,5,4,5,3,4,2,3,4,3,2,4,5,3,5,5,5,3,1,3.52,1
"219",5,4,3,5,2,3,4,3,5,3,2,4,2,5,5,4,5,5,1,1,2,2,3,4,2,3.36,1
"220",4,3,3,3,2,3,2,5,4,3,4,4,4,2,5,5,4,4,3,1,4,4,5,5,3,3.56,1
"221",4,2,4,1,4,2,3,5,4,2,1,4,4,4,2,1,2,1,5,4,3,5,5,5,4,3.24,1
"222",4,5,2,4,1,4,2,4,1,5,4,4,5,5,5,4,4,5,3,2,5,4,1,5,3,3.64,1
"223",3,2,4,2,4,2,4,4,2,5,3,1,3,3,5,4,2,5,1,5,3,5,5,4,4,3.4,1
"224",3,1,4,2,4,1,3,5,2,3,1,5,2,4,4,2,4,3,1,5,3,2,4,4,4,3.04,1
"225",4,2,5,3,4,5,2,4,4,2,4,3,1,3,5,3,4,2,3,5,4,5,2,4,4,3.48,1
"226",5,3,4,4,1,3,4,3,5,3,4,2,3,5,4,5,4,5,3,4,2,3,4,5,5,3.72,1
"227",5,4,3,3,2,1,4,5,4,5,4,5,3,3,4,3,5,3,2,4,2,5,4,4,5,3.68,1
"228",5,3,5,4,3,5,2,3,4,3,5,3,2,4,2,4,4,2,5,4,2,4,5,5,2,3.6,1
"229",4,2,4,1,3,2,3,4,2,4,4,2,5,4,5,4,5,1,4,4,2,4,3,3,3,3.28,1
"230",4,5,4,3,5,1,4,4,5,4,5,1,4,4,2,3,4,1,5,4,4,1,5,3,1,3.44,1
"231",3,2,4,1,3,4,1,4,2,3,4,1,5,5,4,4,3,4,2,3,5,1,5,5,2,3.2,1
"232",4,2,5,2,4,4,5,3,1,4,3,5,3,1,4,5,3,5,3,5,2,5,1,4,3,3.44,1
"233",5,3,4,2,3,4,5,5,3,2,1,3,4,3,3,5,4,4,5,5,3,5,2,4,2,3.56,1
"234",5,3,5,4,3,5,4,3,4,3,5,4,4,3,1,3,5,3,5,4,4,4,3,1,2,3.6,1
"235",5,3,1,5,4,4,3,5,4,1,4,4,1,5,3,5,1,1,3,5,3,3,4,3,1,3.24,1
"236",5,3,4,2,4,1,3,5,4,3,2,1,3,3,5,3,4,1,5,3,4,2,5,3,5,3.32,1
"237",4,5,3,5,3,5,2,3,5,3,5,2,5,3,1,1,1,3,1,5,5,1,4,4,3,3.28,1
"238",5,3,5,3,5,2,5,5,4,5,3,5,3,4,5,3,1,4,5,3,5,2,5,2,3,3.8,1
"239",5,4,5,5,4,5,1,5,3,1,4,2,4,4,5,5,2,2,1,2,3,1,1,4,4,3.28,1
"240",4,5,4,5,2,5,3,4,5,2,5,3,5,5,5,4,5,5,1,1,2,2,3,4,5,3.76,1
"241",5,1,2,3,4,3,1,3,2,3,4,5,4,4,3,3,2,1,1,2,3,4,5,5,4,3.08,1
"242",3,4,2,2,1,3,5,3,3,5,5,1,2,4,3,2,1,2,3,4,5,4,3,2,1,2.92,1
"243",5,4,2,1,3,1,1,5,4,5,3,4,3,3,4,3,2,2,3,4,5,5,4,3,3,3.28,1
"244",3,4,5,3,1,5,2,3,3,4,5,5,4,3,2,1,1,2,3,4,5,5,4,3,2,3.28,1
"245",4,5,2,3,1,2,1,4,3,2,1,2,3,4,3,2,4,2,3,4,5,4,3,2,1,2.8,1
"246",1,3,2,5,3,2,1,4,5,3,4,3,2,3,2,3,2,2,1,2,3,3,2,3,5,2.76,1
"247",5,4,1,3,2,1,1,5,4,3,2,1,2,3,3,3,4,5,4,3,2,1,2,3,4,2.84,1
"248",4,2,5,3,1,4,2,3,5,2,4,1,3,5,2,4,1,3,5,2,4,2,4,2,5,3.12,1
"249",4,2,3,1,2,5,1,2,5,3,2,5,3,2,1,2,3,4,5,4,3,2,1,2,3,2.8,1
"250",5,1,3,1,4,2,5,2,1,3,4,5,3,2,1,2,3,4,5,4,3,2,1,2,3,2.84,2
"251",5,1,4,2,3,1,1,4,3,2,1,2,3,4,5,4,3,2,1,2,3,4,5,4,3,2.88,1
"252",5,1,4,3,1,5,1,5,5,4,3,2,3,2,4,1,1,5,3,2,4,1,4,5,1,3,1
"253",5,1,3,4,2,1,1,2,1,2,3,4,3,2,4,3,2,1,2,3,4,5,4,3,2,2.68,1
"254",1,3,2,4,1,5,2,4,3,2,1,2,3,4,3,2,1,2,3,4,5,4,3,2,1,2.68,1
"255",5,4,3,1,1,4,2,4,5,3,3,2,4,3,2,1,2,3,4,5,3,2,1,2,3,2.88,1
"256",4,5,2,3,1,1,5,5,5,4,4,3,3,2,2,1,1,2,5,4,3,3,2,3,1,2.96,1
"257",4,5,3,1,5,3,5,4,3,5,3,5,2,2,5,5,4,4,3,1,4,4,5,3,5,3.72,1
"258",3,3,5,5,3,3,1,5,5,3,4,4,3,4,2,1,2,1,5,4,3,5,5,1,3,3.32,1
"259",5,3,1,5,5,4,2,5,4,4,4,5,5,5,5,4,4,5,3,2,5,4,1,3,5,3.92,1
"260",5,3,4,5,5,1,5,5,4,3,2,5,1,3,5,4,2,5,1,5,3,5,5,5,5,3.84,1
"261",3,4,3,5,5,2,1,5,5,5,4,5,5,4,4,2,4,3,1,5,3,2,4,5,3,3.68,1
"262",5,5,3,2,1,5,4,5,5,5,2,2,2,3,5,2,5,3,5,1,1,4,5,3,1,3.36,1
"263",5,5,3,2,5,4,4,5,3,5,4,3,4,5,4,2,3,1,4,1,5,3,4,3,5,3.68,1
"264",5,2,3,4,5,5,4,1,2,4,5,3,1,5,2,3,1,1,5,4,4,5,3,4,4,3.4,1
"265",3,3,4,5,3,5,3,1,4,5,4,5,3,4,4,1,3,3,5,4,5,1,5,3,5,3.64,1
"266",5,4,3,2,5,3,7,2,4,4,1,3,3,4,5,1,4,5,1,5,1,5,4,5,4,3.6,1
"267",1,1,1,1,1,3,2,5,2,1,2,1,1,1,5,4,5,4,4,4,5,5,5,5,2,2.84,2
"268",5,3,5,4,5,3,5,4,5,3,5,1,5,5,5,5,5,3,1,4,2,4,5,4,4,4,1
"269",5,4,4,3,2,5,3,5,4,3,2,4,5,4,5,4,4,4,5,1,1,5,5,4,5,3.84,1
"270",5,4,3,5,3,5,3,3,3,5,5,4,4,5,5,4,4,4,3,3,5,5,4,1,5,4,1
"271",1,3,4,2,5,3,1,4,5,4,3,2,1,2,3,2,1,2,3,4,5,4,3,2,1,2.8,1
"272",1,5,3,1,4,2,1,3,2,3,4,3,4,3,2,3,4,3,2,1,2,3,4,5,4,2.88,2
"273",5,3,2,4,1,5,1,3,1,1,2,2,3,5,4,3,2,1,2,3,4,5,4,3,2,2.84,1
"274",5,3,2,4,2,1,1,3,4,5,4,3,2,1,2,3,4,5,4,3,2,1,2,3,4,2.92,1
"275",4,5,3,1,2,4,1,5,4,3,2,1,2,3,4,5,4,3,2,1,2,3,4,5,4,3.08,1
"276",1,4,3,5,2,4,1,3,2,1,2,3,4,3,3,2,3,2,3,4,5,4,3,2,1,2.8,1
"277",5,3,1,4,5,3,5,3,5,4,5,3,5,4,5,4,5,4,3,1,2,1,2,5,5,3.68,1
"278",3,5,4,3,5,3,5,4,1,4,3,5,1,5,4,4,5,5,4,1,4,5,5,4,5,3.88,1
"279",3,3,3,3,3,1,4,4,5,3,3,3,3,2,1,4,4,5,4,2,3,5,1,5,5,3.28,1
"280",5,3,4,5,4,1,2,3,5,3,5,5,3,5,4,5,4,4,4,5,5,4,5,4,5,4.08,1
"281",3,4,5,3,5,3,1,4,5,4,5,3,5,3,1,1,1,1,3,3,3,3,1,5,4,3.16,1
"282",5,4,3,4,5,3,5,2,4,5,1,4,2,1,2,4,5,3,1,5,2,3,1,2,1,3.08,1
"283",5,1,3,1,4,1,3,2,4,2,1,3,3,1,4,5,4,5,3,4,4,1,3,5,4,3.04,2
"284",4,2,5,1,3,5,1,2,4,1,5,1,3,5,2,4,1,5,2,4,2,3,1,5,2,2.92,1
"285",3,5,2,4,3,1,4,2,4,2,5,2,4,2,5,4,1,3,5,1,3,2,4,2,5,3.12,1
"286",2,4,1,5,2,4,1,3,5,2,3,1,4,2,5,1,4,2,3,1,4,2,5,1,3,2.8,1
"287",3,4,4,5,5,3,1,5,4,5,3,2,5,2,4,4,1,3,3,4,5,1,4,3,1,3.36,1
"288",3,5,3,5,3,2,4,5,4,3,4,5,4,5,2,1,2,1,1,1,5,4,5,1,2,3.2,1
"289",4,2,4,1,3,2,3,4,2,4,4,2,5,4,5,3,5,1,5,5,5,5,5,1,4,3.52,1
"290",4,5,4,3,5,1,4,4,5,4,5,1,5,3,5,1,1,2,4,5,4,4,5,5,4,3.72,1
"291",3,2,4,1,3,4,1,4,2,3,4,1,2,5,5,3,3,2,1,2,1,4,4,5,5,2.96,1
"292",4,2,5,2,4,4,5,3,1,4,3,5,3,5,3,4,1,2,3,3,4,5,4,2,1,3.28,1
"293",5,3,4,2,3,4,5,5,3,2,1,3,5,3,1,1,1,3,1,5,5,1,4,4,4,3.12,1
"294",5,3,5,4,3,5,4,3,4,3,5,4,4,4,5,3,1,3,3,3,3,3,3,3,3,3.56,1
"295",5,3,1,5,4,4,3,5,4,1,4,4,4,4,5,5,2,2,1,2,3,1,1,5,4,3.28,1
"296",5,3,4,2,4,1,3,5,4,3,2,1,5,5,5,4,5,5,1,1,2,2,3,5,5,3.4,1
"297",4,5,3,5,3,5,2,3,5,3,5,2,5,2,5,5,4,4,3,1,4,4,5,5,5,3.88,1
"298",5,3,5,3,5,2,5,5,4,5,3,5,4,4,2,1,2,1,5,4,3,5,5,4,5,3.8,1
"299",5,4,5,5,4,5,1,5,3,1,4,2,5,5,5,4,4,5,3,2,5,4,1,5,4,3.84,1
"300",4,5,4,5,2,5,3,4,5,2,5,3,5,3,5,4,2,5,1,5,3,5,5,4,5,3.96,1
"301",4,5,3,1,5,3,5,4,3,5,3,5,1,4,4,2,4,3,1,5,3,2,4,3,5,3.48,1
"302",3,3,5,5,3,3,1,5,5,3,4,4,3,3,5,3,4,2,3,5,4,5,2,1,3,3.48,1
"303",5,3,1,5,5,4,2,5,4,4,4,5,3,5,4,5,4,5,3,4,2,3,4,3,5,3.88,1
"304",5,3,4,5,5,1,5,5,4,3,2,5,1,3,4,3,5,3,2,4,2,5,4,5,5,3.72,1
"305",3,4,3,5,5,2,1,5,5,5,4,5,5,4,2,4,4,2,5,4,2,4,5,5,3,3.84,1
"306",5,5,3,2,1,5,4,5,5,5,2,2,5,4,5,4,5,1,4,4,2,4,3,3,1,3.56,1
"307",5,5,3,2,5,4,4,5,3,5,4,3,4,4,2,3,4,1,5,4,4,1,5,4,5,3.76,1
"308",5,2,3,4,5,5,4,1,2,4,5,3,5,5,4,4,3,4,2,3,5,1,5,2,3,3.56,1
"309",5,4,5,3,5,3,2,5,4,5,4,2,3,2,3,2,1,4,3,2,3,5,3,5,4,3.48,1
"310",5,4,1,2,5,1,3,2,3,4,4,2,2,3,1,5,3,3,2,3,3,5,4,1,2,2.92,1
"311",5,4,3,5,4,3,1,5,4,3,5,3,1,3,2,3,2,1,3,2,4,2,4,5,2,3.16,1
"312",4,3,5,3,5,3,1,4,5,1,5,3,5,3,5,1,4,5,2,4,5,3,4,5,2,3.6,1
"313",5,4,5,3,2,1,5,5,4,3,2,1,4,3,3,4,1,3,4,3,2,1,2,4,3,3.08,1
"314",5,5,4,3,2,1,4,5,4,5,1,4,3,2,4,3,1,5,3,5,3,1,3,4,5,3.4,1
"315",5,4,3,4,3,2,5,4,3,4,3,1,3,4,3,5,5,4,5,4,2,1,2,5,2,3.44,1
"316",5,4,3,1,2,1,5,4,3,2,1,3,5,3,2,3,2,1,1,2,2,1,4,5,4,2.76,2
"317",4,3,1,5,3,5,5,3,4,1,5,4,2,3,3,4,1,4,1,3,5,3,5,2,4,3.32,1
"318",5,3,3,3,3,3,5,4,4,5,5,4,3,4,4,4,3,3,4,4,3,3,4,4,4,3.76,1
"319",1,1,1,2,5,2,4,4,4,3,2,5,5,5,5,2,1,3,1,1,5,5,1,3,3,2.96,2
"320",1,5,2,1,2,4,5,3,3,5,3,2,3,3,3,2,3,2,3,4,4,2,2,3,5,3,2
"321",1,2,1,1,2,5,3,5,4,5,1,1,1,1,1,3,2,1,1,1,2,5,2,3,5,2.36,2
"322",4,4,3,5,4,3,4,3,2,3,4,3,5,5,5,4,4,3,5,4,3,3,4,4,5,3.84,1
"323",5,2,3,4,4,3,3,3,2,4,2,3,4,5,4,3,4,3,5,5,4,4,5,2,2,3.52,1
"324",1,1,1,1,2,1,1,2,1,1,1,3,1,1,3,1,1,1,2,2,2,1,2,2,1,1.44,2
"325",3,1,4,1,2,1,4,2,4,3,1,4,2,4,5,5,2,2,4,2,2,2,2,4,4,2.8,2
"326",3,1,1,3,2,3,3,2,1,5,4,2,1,2,1,2,3,2,1,2,5,1,2,3,2,2.28,2
"327",1,1,1,1,1,1,5,1,1,1,1,1,1,5,5,5,1,1,1,1,1,1,3,2,1,1.76,2
"328",1,1,1,1,1,1,1,1,4,2,4,4,4,2,2,5,2,1,1,1,1,1,1,1,1,1.8,2
"329",5,5,2,5,1,2,5,5,2,4,4,2,2,1,4,5,1,2,5,2,1,5,5,2,5,3.28,1
"330",5,1,2,5,1,1,4,1,4,4,4,4,4,1,2,5,5,3,3,1,2,2,3,2,4,2.92,2
"331",5,5,2,5,1,2,5,5,4,4,2,4,2,1,4,5,1,2,5,2,3,5,2,3,2,3.24,1
"332",5,5,2,5,1,2,5,5,4,4,2,4,2,1,4,5,1,2,4,5,4,4,2,3,2,3.32,1
"333",1,1,1,4,1,1,1,1,2,1,1,1,2,1,1,1,2,1,1,2,1,1,3,2,1,1.4,2
"334",3,1,1,3,2,3,3,2,1,2,3,2,3,5,2,3,2,3,1,3,2,1,2,1,2,2.24,2
"335",1,1,1,1,2,1,5,2,1,2,1,2,1,2,1,1,2,2,1,1,2,2,2,3,4,1.76,2
"336",3,1,1,1,5,4,5,4,2,4,2,4,1,4,1,2,3,2,3,3,2,2,2,4,4,2.76,2
"337",3,4,2,2,3,2,2,4,3,3,3,2,2,3,2,2,4,3,2,3,2,3,2,4,4,2.76,1
"338",1,3,1,1,5,3,5,3,2,3,5,5,5,5,5,3,2,3,3,4,3,4,2,2,1,3.16,2
"339",3,1,4,1,2,3,4,3,4,3,4,3,4,3,3,3,3,1,4,4,3,2,4,3,4,3.04,1
"340",5,5,5,5,5,5,5,5,3,2,5,5,4,3,1,3,4,2,3,5,3,5,5,3,1,3.88,1
"341",5,4,3,2,1,4,5,5,4,3,4,1,5,4,3,4,2,4,5,3,2,5,4,2,1,3.4,1
"342",4,5,3,5,2,5,3,5,1,3,5,3,5,3,5,3,5,3,5,3,5,2,1,3,4,3.64,1
"343",3,5,4,5,3,5,3,4,5,3,5,1,3,5,3,5,1,4,5,2,5,1,5,3,4,3.68,1
"344",1,2,3,2,3,4,3,1,2,1,2,3,4,2,3,2,3,3,4,3,4,2,4,4,2,2.68,2
"345",1,1,2,3,2,3,2,1,2,2,3,4,3,2,3,2,3,2,3,1,2,1,3,2,1,2.16,2
"346",1,2,1,2,3,4,3,1,2,3,3,3,2,2,1,3,3,5,2,4,3,2,4,2,3,2.56,2
"347",1,2,1,5,2,1,2,1,2,2,3,2,2,3,3,4,2,3,2,3,2,5,3,3,5,2.56,2
"348",2,1,3,1,3,1,4,2,1,3,1,3,1,3,1,3,5,3,4,5,3,4,5,3,2,2.68,2
"349",3,1,4,2,1,3,2,2,5,2,1,3,1,2,1,3,1,3,1,3,4,4,2,5,3,2.48,1
"350",3,2,4,5,1,2,3,5,2,4,2,3,2,5,4,2,5,1,2,4,5,2,2,1,3,2.96,1
"351",2,3,4,5,3,2,5,1,2,3,2,1,2,4,5,4,5,3,4,1,2,3,3,4,3,3.04,2
"352",1,2,1,3,4,5,1,1,2,3,2,5,3,4,5,4,5,3,4,5,3,1,2,4,2,3,2
"353",3,4,5,2,1,3,5,3,3,3,4,3,1,2,2,1,2,1,3,4,3,2,4,5,3,2.88,1
"354",5,2,4,3,4,4,5,3,2,4,4,3,3,1,2,5,3,1,4,2,4,3,5,1,4,3.24,2
"355",3,2,4,2,1,3,5,3,2,1,3,4,5,2,2,4,2,3,1,3,5,4,1,3,5,2.92,2
"356",2,1,3,4,3,4,5,3,2,3,1,2,2,4,4,2,1,5,4,1,4,5,2,3,1,2.84,2
"357",5,3,4,2,1,4,5,4,3,2,1,4,3,2,1,2,2,4,5,3,2,2,3,5,4,3.04,1
"358",2,1,3,4,4,3,5,3,2,3,2,3,4,5,4,3,2,1,1,3,3,4,4,2,5,3.04,2
"359",3,2,4,1,4,3,5,4,3,4,2,1,3,4,5,1,3,2,1,4,5,3,2,3,4,3.04,1
"360",1,2,3,1,2,4,5,3,1,3,4,2,4,1,4,2,4,1,5,3,1,4,3,2,5,2.8,2
"361",1,2,2,3,4,1,2,1,2,3,4,1,2,5,1,1,3,1,3,4,5,3,4,5,3,2.64,1
"362",1,2,3,4,2,3,1,1,2,3,3,4,3,4,1,2,1,3,4,5,2,2,4,5,4,2.76,1
"363",1,2,1,3,4,5,2,1,1,3,4,5,1,2,3,1,2,3,2,3,4,4,4,3,4,2.72,2
"364",1,2,3,2,2,3,5,1,2,1,2,3,4,5,4,4,3,2,3,2,3,4,3,4,5,2.92,2
"365",5,4,3,4,5,3,5,5,1,3,4,3,1,3,4,2,4,1,3,5,2,4,2,4,1,3.24,1
"366",5,1,1,2,3,5,2,3,4,4,1,4,4,2,5,3,5,3,1,4,5,5,4,1,2,3.16,1
"367",3,1,1,1,1,4,5,5,1,5,5,1,1,1,5,1,1,1,2,2,1,3,4,5,5,2.6,2
"368",5,1,1,2,4,3,2,3,4,2,5,1,5,3,4,2,5,1,3,4,2,3,5,4,5,3.16,1
"369",1,1,1,3,1,4,2,1,1,1,4,4,3,1,5,1,5,1,1,4,5,1,1,2,4,2.32,2
"370",1,5,2,2,5,5,5,5,1,2,1,1,1,2,2,1,2,1,2,1,2,1,3,5,3,2.44,2
"371",1,5,2,2,5,5,5,5,3,2,1,1,2,5,2,4,1,1,2,3,4,3,4,3,3,2.96,1
"372",1,4,5,5,5,5,5,3,5,5,4,5,1,4,2,1,1,1,5,4,5,4,4,5,3,3.68,1
"373",1,4,2,1,3,1,4,5,3,4,5,1,3,5,2,5,3,1,5,3,4,5,4,4,3,3.24,1
"374",5,4,1,1,1,1,1,2,4,1,3,3,1,2,1,2,2,2,1,1,4,4,1,2,4,2.16,2
"375",5,4,1,1,3,1,5,2,4,1,3,3,1,2,1,2,2,2,1,1,3,4,4,3,4,2.52,2
"376",5,1,1,1,5,1,5,2,4,1,3,3,1,2,1,2,2,2,1,1,4,4,1,2,4,2.36,2
"377",1,1,1,3,1,1,3,3,3,3,3,2,2,2,2,4,2,2,2,3,2,2,3,4,4,2.36,2
"378",5,1,2,3,3,3,2,3,2,3,1,4,4,2,4,3,1,1,2,3,3,3,3,4,3,2.72,1
"379",1,5,5,1,1,4,5,4,5,4,4,2,1,3,4,3,3,2,1,1,1,1,3,4,5,2.92,1
"380",1,1,1,3,5,3,4,3,2,2,2,4,2,2,4,3,2,2,2,3,3,3,2,3,3,2.6,2
"381",1,1,1,1,1,3,2,5,2,1,2,1,1,3,1,1,3,1,1,3,2,2,3,1,5,1.92,2
"382",5,3,5,4,5,3,5,4,5,3,5,1,5,3,5,3,5,3,4,4,1,4,3,5,2,3.8,1
"383",5,4,4,3,2,5,3,5,4,3,2,4,5,4,3,4,5,5,3,4,2,5,4,3,2,3.72,1
"384",5,4,3,5,3,5,3,3,3,5,5,4,4,2,3,5,3,5,3,5,4,5,5,3,1,3.84,1
"385",5,3,1,4,5,3,5,3,5,4,5,3,5,4,4,3,4,2,3,5,1,5,2,3,5,3.68,1
"386",3,5,4,3,5,3,5,4,1,4,3,5,1,4,5,3,5,3,5,2,5,1,1,3,5,3.52,2
"387",5,3,5,3,5,2,5,5,4,5,3,5,3,5,3,5,1,5,3,5,3,5,2,5,3,3.92,1
"388",5,4,5,5,4,5,1,5,3,1,4,2,4,5,4,5,1,5,3,4,1,5,3,5,3,3.68,1
"389",4,5,4,5,2,5,3,4,5,2,5,3,5,3,5,3,5,3,5,3,5,3,5,3,1,3.84,1
"390",4,5,3,1,5,3,5,4,3,5,3,5,2,5,3,5,3,5,3,5,3,5,3,1,4,3.72,1
"391",3,3,5,5,3,3,1,5,5,3,4,4,3,3,3,2,2,2,4,5,4,4,5,5,4,3.6,1
"392",5,3,1,5,5,4,2,5,4,4,4,5,5,5,3,3,1,2,1,2,1,4,4,5,5,3.52,1
"393",5,3,4,5,5,1,5,5,4,3,2,5,1,4,3,2,4,2,3,3,4,5,4,2,1,3.4,1
"394",3,4,3,5,5,2,1,5,5,5,4,5,5,5,3,3,2,3,1,5,5,1,4,4,4,3.68,1
"395",3,3,3,3,3,1,4,4,5,3,3,3,3,3,5,4,4,5,5,3,5,2,4,2,1,3.36,1
"396",5,3,4,5,4,1,2,3,5,3,5,5,3,1,3,5,3,5,4,4,4,3,2,3,1,3.44,1
"397",3,4,5,3,5,3,1,4,5,4,5,3,5,3,5,1,1,3,5,3,3,4,5,3,1,3.48,1
"398",5,4,3,4,5,3,5,2,4,5,1,4,2,5,5,3,3,4,1,3,5,2,1,4,1,3.36,1
"399",5,1,3,1,4,1,3,2,4,2,1,3,3,5,3,4,1,3,3,2,3,4,5,5,2,2.92,1
"400",3,4,4,5,5,3,1,5,4,5,3,2,5,3,1,1,1,1,3,4,5,3,3,3,4,3.24,1
"401",3,5,3,5,3,2,4,5,4,3,4,5,4,4,5,3,1,5,3,1,1,3,1,5,3,3.4,1
"402",3,4,3,2,4,5,3,5,5,5,3,3,3,4,5,3,5,3,3,5,5,3,1,4,3,3.68,1
"403",5,3,4,5,4,3,5,3,5,3,3,5,2,3,3,5,3,3,5,3,5,3,5,3,5,3.84,1
"404",5,3,3,3,4,4,4,5,1,1,1,3,3,5,3,4,2,3,4,3,5,5,5,2,1,3.28,1
"405",5,4,3,5,1,4,5,5,1,4,3,4,1,5,3,5,2,4,2,2,2,5,5,5,3,3.52,1
"406",5,4,4,3,5,3,2,3,3,4,3,2,2,2,4,2,2,2,3,3,1,4,3,4,4,3.08,1
"407",5,3,4,3,3,5,3,4,4,3,2,3,4,3,2,2,2,3,3,2,3,2,3,2,3,3.04,1
"408",3,4,3,1,3,4,5,2,4,4,2,2,4,2,5,3,4,2,3,3,3,2,3,2,3,3.04,2
"409",3,4,3,4,3,2,1,4,3,2,4,4,4,5,2,3,3,1,3,3,3,2,3,2,3,2.96,1
"410",4,3,3,3,2,3,2,5,4,3,4,4,4,3,3,3,3,4,4,5,2,4,3,4,2,3.36,1
"411",4,2,4,1,4,2,3,5,4,2,1,4,4,5,2,4,5,2,4,1,4,2,4,2,4,3.16,2
"412",4,5,2,4,1,4,2,4,1,5,4,4,5,4,4,5,2,3,1,4,1,4,1,4,1,3.16,1
"413",3,2,4,2,4,2,4,4,2,5,3,1,3,2,4,3,1,4,4,4,1,5,3,1,4,3,1
"414",3,1,4,2,4,1,3,5,2,3,1,5,2,4,1,5,3,2,4,3,5,2,4,4,3,3.04,1
"415",4,2,5,3,4,5,2,4,4,2,4,3,1,5,3,2,4,3,4,4,5,4,5,4,5,3.64,1
"416",5,3,4,4,1,3,4,3,5,3,4,2,3,5,4,5,2,5,3,2,3,5,3,2,4,3.48,1
"417",5,4,3,3,2,1,4,5,4,5,4,5,3,4,2,3,4,2,1,5,3,4,5,2,1,3.36,1
"418",5,3,5,4,3,5,2,3,4,3,5,3,2,4,2,5,4,1,5,4,5,5,1,4,2,3.56,1
"419",4,2,4,1,3,2,3,4,2,4,4,2,5,4,2,4,5,2,4,3,1,4,4,3,2,3.12,1
"420",4,5,4,3,5,1,4,4,5,4,5,1,4,4,2,4,3,4,2,5,2,3,1,5,4,3.52,1
"421",3,2,4,1,3,4,1,4,2,3,4,1,5,4,4,1,5,4,4,1,5,2,3,1,4,3,2
"422",4,2,5,2,4,4,5,3,1,4,3,5,3,1,5,2,3,3,5,5,4,3,2,2,1,3.24,2
"423",5,3,4,2,3,4,5,5,3,2,1,3,4,2,1,2,3,5,1,4,2,1,4,2,1,2.88,1
"424",5,3,5,4,3,5,4,3,4,3,5,4,4,3,2,3,5,4,2,1,5,4,4,2,1,3.52,1
"425",5,3,1,5,4,4,3,5,4,1,4,4,1,5,3,1,5,2,3,4,2,1,4,2,3,3.16,1
"426",5,3,4,2,4,1,3,5,4,3,2,1,3,4,3,2,1,4,2,3,5,4,5,2,5,3.2,1
"427",4,5,3,5,3,5,2,3,5,3,5,2,5,3,5,3,5,3,5,1,4,5,3,4,3,3.76,1
"428",5,5,3,2,1,5,4,5,5,5,2,2,2,1,1,5,5,3,2,4,5,5,4,4,4,3.56,1
"429",5,5,3,2,5,4,4,5,3,5,4,3,4,1,4,4,5,5,5,3,2,3,2,1,1,3.52,1
"430",5,2,3,4,5,5,4,1,2,4,5,3,1,5,5,5,4,5,3,3,5,4,4,5,5,3.88,1
"431",3,3,4,5,3,5,3,1,4,5,4,5,3,5,3,5,1,1,2,4,5,4,4,5,5,3.68,1
"432",5,4,3,2,5,3,7,2,4,4,1,3,3,3,3,2,5,3,4,4,2,1,4,2,1,3.2,2
"433",1,1,1,1,1,3,2,5,2,1,2,1,1,3,1,1,3,4,2,1,5,4,4,2,1,2.12,2
"434",5,3,5,4,5,3,5,4,5,3,5,1,5,3,5,3,5,2,3,4,2,1,4,2,3,3.6,1
"435",5,4,4,3,2,5,3,5,4,3,2,4,5,4,3,4,5,4,2,3,5,4,5,2,5,3.8,1
"436",5,4,3,5,3,5,3,3,3,5,5,4,4,2,3,5,3,3,5,1,4,5,3,4,3,3.72,1
"437",5,3,1,4,5,3,5,3,5,4,5,3,5,4,4,3,4,5,3,5,3,5,2,5,3,3.88,1
"438",3,5,4,3,5,3,5,4,1,4,3,5,1,4,5,3,5,5,3,4,1,5,3,5,3,3.68,1
"439",3,3,3,3,3,1,4,4,5,3,3,3,3,3,5,4,4,3,5,3,5,3,5,3,1,3.4,1
"440",5,3,4,5,4,1,2,3,5,3,5,5,3,1,3,5,3,5,3,5,3,5,3,1,4,3.56,1
"441",3,4,5,3,5,3,1,4,5,4,5,3,5,3,5,1,1,2,4,5,4,4,5,5,4,3.72,1
"442",5,4,3,4,5,3,5,2,4,5,1,4,2,5,5,3,3,2,1,2,1,4,4,5,5,3.48,1
"443",5,1,3,1,4,1,3,2,4,2,1,3,3,5,3,4,1,2,3,3,4,5,4,2,1,2.8,1
"444",3,4,4,5,5,3,1,5,4,5,3,2,5,3,1,1,1,3,1,5,5,1,4,4,4,3.28,1
"445",3,5,3,5,3,2,4,5,4,3,4,5,4,4,5,3,1,3,3,3,3,3,3,3,3,3.48,1
"446",1,1,5,5,3,5,5,4,5,4,5,4,4,4,5,5,2,2,1,2,3,1,1,5,4,3.44,1
"447",5,5,2,1,3,4,5,4,5,4,3,4,5,5,5,4,5,5,1,1,2,2,3,5,5,3.72,1
"448",3,4,4,5,4,5,5,5,4,3,4,2,5,2,5,5,4,4,3,1,4,4,5,5,5,4,1
"449",5,4,5,3,2,3,5,5,5,3,4,4,4,4,2,1,2,1,5,4,3,5,5,4,5,3.72,1
"450",5,4,5,3,5,4,5,5,1,1,3,2,5,5,5,4,4,5,3,2,5,4,1,5,4,3.8,1
"451",5,3,5,2,5,1,4,5,5,4,4,3,5,3,5,4,2,5,1,5,3,5,5,4,5,3.92,1
"452",5,2,3,4,5,5,4,1,2,4,5,3,1,4,4,2,4,3,1,5,3,2,4,3,5,3.36,1
"453",3,3,4,5,3,5,3,1,4,5,4,5,3,3,5,3,4,2,3,5,4,5,2,1,3,3.52,1
"454",5,4,3,2,5,3,7,2,4,4,1,3,3,5,4,5,4,5,3,4,2,3,4,3,5,3.72,1
"455",1,1,1,1,1,3,2,5,2,1,2,1,1,3,4,3,5,3,2,4,2,5,4,5,5,2.68,2
"456",5,3,5,4,5,3,5,4,5,3,5,1,5,4,2,4,4,2,5,4,2,4,5,5,3,3.88,1
"457",5,4,4,3,2,5,3,5,4,3,2,4,5,4,5,4,5,1,4,4,2,4,3,3,1,3.56,1
"458",5,4,3,5,3,5,3,3,3,5,5,4,4,4,2,3,4,1,5,4,4,1,5,4,5,3.76,1
"459",5,3,1,4,5,3,5,3,5,4,5,3,5,5,4,4,3,4,2,3,5,1,5,2,3,3.68,1
"460",3,5,4,3,5,3,5,4,1,4,3,5,1,1,4,5,3,5,3,5,2,5,1,1,5,3.44,1
"461",3,3,3,3,3,1,4,4,5,3,3,3,3,3,3,5,4,4,5,5,3,5,2,4,3,3.48,1
"462",5,3,4,5,4,1,2,3,5,3,5,5,3,3,1,3,5,3,5,4,4,4,3,2,3,3.52,1
"463",5,3,5,3,5,3,1,4,3,3,2,4,4,5,3,5,1,1,3,5,3,3,4,5,2,3.4,1
"464",5,4,5,1,5,3,5,5,2,5,3,5,4,3,5,3,4,1,5,3,4,2,5,4,1,3.68,1
"465",5,4,4,1,4,4,3,4,3,4,5,3,3,2,4,3,4,3,1,2,4,4,3,5,5,3.48,1
"466",5,4,4,3,4,4,3,4,3,4,5,3,3,2,4,3,4,3,3,2,4,4,3,5,4,3.6,1
"467",5,1,5,1,1,2,1,1,1,1,1,4,1,1,1,3,3,1,1,2,2,2,1,3,1,1.84,2
"468",5,5,1,4,2,4,3,4,3,4,3,3,1,3,2,3,3,3,4,4,4,3,4,4,5,3.36,1
"469",5,2,1,5,4,5,3,5,4,5,5,2,1,1,4,4,1,4,1,4,2,1,4,5,4,3.28,1
"470",5,4,5,5,4,5,3,5,4,5,5,2,1,3,4,1,4,1,4,2,2,1,4,5,4,3.52,1
"471",5,4,1,4,2,4,3,4,3,4,3,3,1,3,2,3,3,3,4,4,4,3,4,4,5,3.32,1
"472",5,4,3,5,3,5,3,3,3,5,5,4,5,3,1,1,1,3,1,5,5,1,4,4,4,3.44,1
"473",5,3,1,4,5,3,5,3,5,4,5,3,4,4,5,3,1,4,5,3,5,2,5,5,5,3.88,1
"474",3,5,4,3,5,3,5,4,1,4,3,5,4,4,5,5,2,2,1,2,3,1,1,5,4,3.36,2
"475",3,3,3,3,3,1,4,4,5,3,3,3,5,5,5,4,5,5,1,1,2,2,3,5,5,3.44,1
"476",5,3,4,5,4,1,2,3,5,3,5,5,5,2,5,5,4,4,3,1,4,4,5,5,5,3.88,1
"477",3,4,5,3,5,3,1,4,5,4,5,3,4,4,2,1,2,1,5,4,3,5,5,4,5,3.6,1
"478",5,4,3,4,5,3,5,2,4,5,1,4,5,5,5,4,4,5,3,2,5,4,1,5,4,3.88,1
"479",5,1,3,1,4,1,3,2,4,2,1,3,5,3,5,4,2,5,1,5,3,5,5,4,5,3.28,1
"480",4,0,3,2,4,3,5,4,1,5,3,5,1,4,4,2,4,3,1,5,3,2,4,3,5,3.2,1
"481",4,5,3,1,4,5,1,3,5,3,5,4,5,3,5,2,5,3,5,1,1,4,5,2,4,3.52,1
"482",4,5,3,4,2,5,1,5,3,5,4,5,1,5,4,2,3,1,4,1,5,3,4,5,1,3.4,1
"483",5,4,3,5,5,4,5,5,4,1,5,2,3,5,2,3,1,1,5,4,4,5,3,4,4,3.68,1
"484",3,3,2,4,3,4,1,5,4,3,2,5,1,4,4,1,3,3,5,4,5,1,5,3,1,3.16,1
"485",5,4,3,2,5,5,4,5,1,1,2,2,5,4,5,1,4,5,1,5,1,5,4,4,1,3.36,1
"486",1,1,5,4,5,3,5,5,5,4,5,3,1,1,5,4,5,4,4,4,5,5,5,4,5,3.92,1
"487",2,4,2,4,5,5,5,5,3,2,4,5,4,5,5,5,5,3,1,4,2,4,5,5,1,3.8,1
"488",5,2,5,3,5,4,5,1,2,2,1,5,5,4,5,4,4,4,5,1,1,5,5,4,4,3.64,2
"489",5,5,4,3,5,4,5,5,5,2,3,2,1,5,5,4,4,4,3,3,5,5,4,5,4,4,1
"490",3,3,5,5,4,5,1,3,5,3,2,4,5,4,5,4,5,4,3,1,2,1,2,5,5,3.56,1
"491",5,5,3,5,1,5,2,4,2,4,2,4,5,5,4,4,5,5,4,1,4,5,5,4,5,3.92,1
"492",5,4,5,3,5,4,3,5,4,5,4,3,1,3,2,1,2,3,2,1,3,2,4,3,1,3.12,1
"493",5,4,5,4,3,4,1,5,4,3,4,3,4,3,4,2,1,4,3,5,4,2,3,3,5,3.52,1
"494",5,4,5,4,5,4,3,5,5,4,5,3,2,1,3,4,3,2,1,3,2,3,4,5,1,3.44,1
"495",5,4,5,4,5,4,1,5,4,5,4,5,4,4,3,2,1,3,2,1,3,4,3,2,5,3.52,1
"496",5,5,4,3,2,1,4,5,4,5,4,5,4,3,2,4,3,4,3,4,5,3,4,3,5,3.76,1
"497",5,1,4,2,4,1,3,5,2,4,1,4,2,5,2,4,2,4,2,4,1,5,2,4,3,3.04,1
"498",4,5,5,3,2,2,1,3,4,2,5,3,1,2,4,3,5,2,4,1,4,2,4,5,1,3.08,1
"499",4,2,5,3,2,4,2,5,2,5,2,5,2,4,1,4,1,4,2,1,5,1,5,3,1,3,1
"500",5,4,3,2,5,1,3,5,4,3,5,3,2,4,3,4,1,4,5,3,5,2,3,5,1,3.4,1
"501",5,4,5,1,2,3,5,5,4,5,4,1,3,4,5,4,3,1,4,5,4,3,3,1,5,3.56,1
"502",5,3,5,3,5,4,1,2,5,3,5,3,4,5,3,5,3,5,3,5,2,5,3,5,2,3.76,1
"503",5,4,5,3,1,2,1,5,4,3,3,2,1,4,3,5,4,3,4,3,1,2,1,3,2,2.96,1
"504",5,4,3,4,5,3,1,5,4,5,3,5,4,5,4,5,2,3,4,2,2,4,3,2,1,3.52,1
"505",4,5,3,2,4,2,1,3,4,2,5,1,1,2,4,3,1,5,3,2,1,4,2,1,5,2.8,1
"506",4,2,5,2,4,1,3,4,2,4,2,5,1,3,2,5,2,3,4,5,3,1,4,2,4,3.08,1
"507",5,2,4,1,3,5,1,4,2,4,1,4,2,3,4,1,3,5,3,2,3,5,2,4,2,3,1
"508",5,4,2,5,3,5,3,3,5,3,5,3,1,5,3,5,2,5,3,5,3,4,2,5,3,3.68,1
"509",4,2,3,5,1,4,2,5,2,1,4,1,4,1,5,3,2,5,3,1,5,2,4,2,4,3,2
"510",5,2,1,5,4,5,3,5,4,5,5,2,1,1,4,4,1,4,2,1,4,1,4,5,4,3.28,1
"511",4,5,3,5,3,5,3,4,5,3,1,5,3,5,3,5,3,5,3,5,3,5,2,5,3,3.84,1
"512",5,4,3,2,1,1,5,5,4,4,3,2,1,1,2,2,3,1,5,4,3,3,3,2,1,2.8,1
"513",3,1,1,1,1,2,2,2,2,4,1,1,2,4,1,4,1,5,5,5,5,1,5,1,5,2.6,2
"514",3,3,3,4,4,5,5,5,5,3,3,3,3,3,4,4,4,4,4,5,2,2,2,1,4,3.52,1
"515",2,3,3,2,2,2,3,2,2,4,4,3,2,3,3,5,5,2,3,3,3,5,5,2,2,3,1
"516",2,2,3,3,3,3,3,3,2,2,2,2,2,4,4,4,4,4,1,2,2,2,4,1,4,2.72,2
"517",4,4,4,4,2,2,1,1,2,2,4,2,2,2,2,1,1,1,2,2,2,2,4,4,5,2.48,1
"518",3,2,3,3,2,2,2,4,4,5,5,5,3,3,2,2,3,5,5,2,2,3,2,3,5,3.2,1
"519",3,2,3,5,2,2,3,3,2,1,1,4,4,5,5,1,2,2,4,4,5,5,5,5,2,3.2,1
"520",2,4,3,4,3,3,3,3,3,3,3,4,3,4,2,4,3,2,2,3,3,3,3,3,2,3,1
"521",3,2,3,3,2,2,3,3,3,2,2,5,3,4,3,4,3,2,3,2,3,2,3,2,3,2.8,2
"522",2,2,4,3,2,2,4,4,2,2,2,5,3,2,2,2,2,3,3,3,4,4,5,5,5,3.08,1
"523",3,4,3,3,3,1,4,4,3,3,1,2,4,3,3,2,4,2,2,2,2,3,3,3,3,2.8,2
"524",3,2,3,3,2,4,3,4,3,3,1,2,3,3,4,3,5,5,3,3,4,5,5,6,3,3.4,1
"525",3,2,3,3,2,3,3,4,3,2,2,3,2,2,4,3,4,5,4,3,3,2,2,2,3,2.88,2
"526",4,3,3,3,2,3,2,3,3,2,2,2,2,3,4,2,4,3,2,3,4,2,2,4,2,2.76,1
"527",5,2,5,4,3,4,2,3,3,2,3,3,3,3,2,3,3,3,3,2,2,2,3,3,4,3,1
"528",5,3,3,4,3,4,3,3,3,2,2,3,3,3,3,3,2,4,3,2,2,3,3,2,2,2.92,1
"529",2,3,3,4,2,3,3,3,2,2,3,2,2,3,3,2,3,3,4,4,5,2,2,3,2,2.8,2
"530",2,2,2,4,3,3,3,3,2,2,3,3,3,2,2,3,3,3,2,2,3,3,2,3,3,2.64,2
"531",1,3,1,4,3,3,2,4,2,3,3,3,3,3,3,2,3,4,4,2,2,3,3,2,3,2.76,2
"532",4,2,2,5,3,4,3,4,2,3,3,2,2,3,3,3,4,3,3,3,4,3,2,2,3,3,2
"533",4,3,3,2,3,4,3,2,2,2,4,2,3,2,2,2,3,2,4,4,5,5,2,5,2,3,1
"534",4,2,1,2,3,3,2,2,3,3,2,2,3,3,3,3,3,3,5,5,4,3,3,2,3,2.88,1
"535",4,3,2,3,4,3,2,3,3,3,4,2,2,3,2,3,3,3,4,5,3,4,2,3,2,3,1
"536",4,2,2,2,4,3,3,3,3,2,4,4,3,3,3,3,3,4,3,2,3,3,4,2,3,3,2
"537",5,3,2,4,2,4,3,3,3,3,2,4,3,2,3,2,3,3,5,5,2,3,2,3,3,3.08,1
"538",5,2,4,2,2,4,3,3,3,3,2,2,2,3,2,3,4,3,2,3,2,3,2,3,3,2.8,1
"539",4,3,4,4,3,4,2,3,3,2,2,2,3,2,3,3,4,4,4,5,3,2,2,3,2,3.04,1
"540",4,2,4,2,2,4,2,3,2,3,2,3,2,3,3,2,3,2,3,2,3,2,3,2,3,2.64,2
"541",3,3,2,2,3,3,2,3,3,3,3,2,3,3,2,3,2,4,4,5,4,2,2,2,4,2.88,1
"542",2,2,2,2,3,3,4,3,2,3,3,3,3,2,3,3,3,2,3,2,3,2,2,2,3,2.6,2
"543",2,3,4,3,3,3,4,3,3,3,3,2,3,3,2,4,3,2,2,4,2,4,4,4,3,3.04,1
"544",3,3,4,4,2,4,4,3,2,2,2,3,2,3,3,3,2,3,2,2,3,2,3,2,3,2.76,2
"545",3,2,5,2,3,2,2,2,3,2,2,2,3,3,3,4,3,4,4,5,3,2,4,2,4,2.96,1
"546",3,3,2,4,3,3,2,3,2,3,3,3,3,2,3,4,3,3,2,2,2,2,2,2,3,2.68,2
"547",5,2,3,4,2,4,2,2,3,3,4,3,2,3,2,3,3,3,3,2,2,3,2,3,2,2.8,1
"548",5,1,3,2,3,4,3,3,2,2,4,3,4,3,4,4,2,1,2,1,2,2,3,2,3,2.72,2
"549",3,2,4,4,2,4,2,3,3,1,5,2,4,2,4,3,3,2,3,3,4,4,2,2,2,2.92,1
"550",3,2,4,4,4,5,3,4,2,2,5,3,4,3,4,4,1,2,1,2,1,2,2,1,3,2.84,2
"551",3,4,5,4,4,3,2,4,3,2,5,4,5,3,4,3,2,4,2,4,4,3,3,3,2,3.4,1
"552",5,4,2,4,4,2,3,4,2,1,2,4,5,2,4,4,1,2,1,2,1,2,2,1,1,2.6,2
"553",5,3,3,4,2,2,2,3,3,2,2,2,2,3,4,5,2,3,3,4,4,1,2,1,2,2.76,1
"554",5,2,2,2,4,2,3,3,3,2,3,2,3,2,3,5,2,2,2,1,1,1,2,2,1,2.4,2
"555",3,2,3,2,2,2,3,2,2,3,2,3,2,3,3,5,3,3,4,2,2,1,1,2,3,2.52,2
"556",3,3,2,2,4,3,2,2,2,3,3,2,3,3,3,5,2,1,2,1,2,2,1,1,2,2.36,2
"557",3,3,4,2,4,3,2,3,3,4,2,3,3,2,2,5,2,1,3,3,4,4,5,2,2,2.96,1
"558",2,3,3,2,2,3,3,4,3,4,3,2,3,3,3,4,1,2,2,1,2,2,1,1,2,2.44,2
"559",2,2,4,2,2,3,3,4,3,2,3,3,4,2,3,4,2,3,3,4,5,5,6,4,2,3.2,1
"560",2,2,4,4,2,3,2,3,3,2,2,2,4,3,2,3,2,1,2,1,2,1,1,1,2,2.24,2
"561",4,3,5,4,2,4,3,3,2,3,3,3,4,4,2,3,2,3,4,4,2,2,2,3,4,3.12,1
"562",4,3,2,4,2,3,3,2,2,2,4,2,2,4,4,3,2,1,2,1,2,2,1,1,2,2.4,2
"563",4,2,2,4,2,3,2,2,3,2,4,3,3,4,4,3,2,2,3,4,5,5,5,5,5,3.32,1
"564",5,3,1,2,3,4,2,2,3,2,4,3,2,4,4,3,2,2,3,2,2,2,2,2,2,2.64,2
"565",5,2,1,2,3,4,2,4,3,4,5,2,3,3,4,3,3,3,4,4,5,5,2,2,3,3.24,1
"566",3,3,2,2,3,5,3,4,3,4,2,3,3,3,3,4,3,2,2,3,3,3,2,3,2,2.92,1
"567",2,2,2,4,3,3,3,4,3,2,3,2,3,4,2,5,3,2,3,3,2,2,3,3,3,2.84,1
"568",1,3,4,3,1,2,2,3,4,2,2,3,3,3,2,5,1,2,2,1,2,3,2,2,4,2.48,2
"569",1,2,2,3,1,2,3,2,3,3,3,2,2,4,2,4,1,2,2,3,3,4,1,2,1,2.32,2
"570",2,3,4,2,2,2,2,3,4,2,2,3,3,3,3,5,2,1,2,1,4,4,3,2,1,2.6,2
"571",3,3,2,2,3,2,3,3,4,2,3,2,3,3,3,3,2,2,4,4,4,5,4,4,2,3,1
"572",3,3,2,4,4,3,2,4,3,3,2,3,5,5,3,3,1,2,1,4,3,2,2,2,1,2.8,1
"573",5,5,4,3,3,3,3,4,3,3,5,3,4,5,3,5,3,5,5,5,4,4,3,4,5,3.96,1
"574",5,3,3,2,1,3,5,5,3,2,3,4,1,5,3,4,2,5,3,5,2,1,4,5,3,3.28,1
"575",5,4,3,4,1,5,4,5,3,2,4,1,5,4,2,5,3,1,5,4,2,5,3,1,5,3.44,1
"576",5,4,3,5,4,2,4,5,4,3,2,4,5,3,5,4,2,5,3,5,3,5,3,5,1,3.76,1
"577",5,4,5,1,5,4,2,5,3,3,2,5,3,2,4,3,1,4,5,3,1,5,2,3,5,3.4,1
"578",5,5,3,4,3,4,2,5,3,5,5,2,5,5,5,3,4,3,4,2,4,2,2,2,5,3.68,1
"579",5,5,3,5,3,5,1,5,1,5,5,3,3,3,5,3,5,3,2,5,2,4,3,4,1,3.56,1
"580",5,5,4,3,4,3,4,5,4,3,4,4,5,5,4,3,4,5,3,5,2,3,3,4,1,3.8,1
"581",5,4,4,1,3,2,3,5,4,3,4,4,2,2,4,3,4,3,3,3,4,3,4,3,3,3.32,1
"582",5,5,2,4,2,4,2,5,4,4,3,4,3,4,3,4,3,2,4,3,4,4,4,4,3,3.56,1
"583",5,2,3,1,3,1,2,3,2,2,3,2,3,2,4,2,3,1,2,3,1,3,2,3,1,2.36,2
"584",5,2,3,4,2,3,1,4,3,4,2,2,4,2,4,2,4,2,2,4,2,3,2,3,1,2.8,1
"585",3,2,2,3,4,4,1,2,4,4,4,4,4,2,2,1,1,1,2,2,2,2,4,4,2,2.64,1
"586",3,1,1,2,4,4,2,1,1,2,2,4,4,4,2,1,1,2,2,2,4,4,4,1,2,2.4,2
"587",3,2,2,3,4,4,2,1,1,2,2,2,4,4,4,4,4,2,2,1,4,4,1,5,5,2.88,2
"588",3,2,1,1,4,4,2,1,1,1,2,2,2,1,1,2,2,1,1,2,2,1,2,1,2,1.76,2
"589",3,1,1,4,4,4,4,2,1,1,2,4,2,2,1,1,2,4,2,2,2,1,1,1,4,2.24,2
"590",2,1,2,4,4,4,5,1,1,2,2,4,2,2,2,2,1,1,4,4,4,2,1,1,1,2.36,2
"591",4,2,1,1,2,3,3,1,2,2,4,2,1,1,2,2,1,1,1,2,2,4,4,2,2,2.08,2
"592",3,2,3,3,1,2,2,4,1,1,2,2,1,2,2,3,4,4,4,5,5,2,1,5,5,2.76,2
"593",3,2,1,2,4,4,5,5,5,5,2,2,1,4,1,2,2,3,2,2,1,2,3,3,2,2.72,1
"594",3,2,1,3,5,4,2,2,2,1,1,2,2,4,2,2,2,4,1,1,2,1,2,4,5,2.4,2
"595",2,1,2,2,4,4,1,1,1,2,2,2,2,1,4,1,2,2,1,1,2,4,4,2,4,2.16,2
"596",2,1,1,2,4,4,2,5,5,5,3,2,1,3,3,3,2,2,2,2,4,4,1,4,2,2.76,1
"597",2,4,2,1,1,2,4,4,5,5,5,5,2,2,1,1,1,2,4,4,2,4,2,4,1,2.8,1
"598",3,1,1,2,4,2,2,4,2,1,1,2,4,4,2,1,1,1,2,4,1,2,2,4,2,2.2,2
"599",3,2,4,5,5,1,1,2,2,1,1,2,4,4,2,2,2,4,4,2,1,4,2,2,1,2.52,2
"600",3,2,5,5,1,1,1,2,2,4,4,5,1,1,2,2,2,2,1,5,5,1,1,2,2,2.48,1
"601",2,1,1,3,4,4,1,1,2,2,2,1,1,4,4,2,2,4,2,2,1,1,2,1,1,2.04,2
"602",1,2,2,2,1,4,1,1,3,3,4,2,2,1,1,1,3,2,4,4,1,1,2,2,1,2.04,2
"603",3,1,1,2,3,3,5,2,5,2,2,5,1,1,3,5,5,5,5,1,1,2,5,4,3,3,2
"604",3,1,1,2,4,1,1,2,4,1,1,1,2,2,4,1,1,2,4,1,2,2,1,1,2,1.88,2
"605",1,3,3,4,1,1,2,2,2,3,4,4,4,1,1,2,2,1,1,1,4,4,5,1,2,2.36,2
"606",2,4,4,2,1,1,4,4,2,2,4,2,5,2,1,1,1,2,2,4,4,1,1,1,2,2.36,2
"607",2,2,4,1,1,2,2,1,1,1,2,2,4,1,4,4,2,1,1,4,4,4,1,1,1,2.12,2
"608",5,4,5,3,1,5,2,1,4,5,3,1,5,3,5,3,5,1,5,1,5,3,4,1,5,3.4,1
"609",5,3,5,3,1,4,1,5,3,1,5,4,2,1,4,2,5,3,4,5,4,2,1,4,2,3.16,1
"610",5,2,4,2,5,3,1,5,4,2,1,3,4,3,1,5,3,1,5,4,3,2,4,2,1,3,1
"611",5,3,5,2,5,2,4,5,5,3,2,4,3,1,4,2,5,3,4,2,3,1,4,1,3,3.24,1
"612",1,3,4,1,3,2,4,1,3,2,1,3,5,1,4,3,4,3,4,3,4,3,1,3,4,2.8,2
"613",4,3,2,4,2,4,2,5,4,3,3,1,2,3,3,2,3,2,4,2,4,2,4,2,3,2.92,1
"614",4,3,4,5,3,4,5,2,4,2,4,4,1,2,4,5,2,2,2,4,4,4,1,3,2,3.2,1
"615",2,3,4,5,2,3,4,4,2,4,2,5,4,2,4,4,1,2,4,3,3,5,4,2,3,3.24,1
"616",1,4,1,2,4,2,1,2,4,4,1,2,3,1,2,4,3,4,5,5,3,3,2,4,4,2.84,1
"617",1,2,3,2,1,2,4,1,2,1,2,4,4,1,5,1,5,5,5,2,1,4,1,2,3,2.56,2
"618",4,5,3,4,3,5,4,3,1,3,1,2,1,3,1,3,1,3,1,2,3,4,1,1,1,2.52,2
"619",1,2,2,4,1,1,2,4,4,5,5,1,1,5,2,5,5,2,2,5,1,2,4,5,2,2.92,1
"620",1,2,1,3,1,3,1,4,4,5,1,1,2,3,5,2,2,3,1,2,1,4,4,2,4,2.48,1
"621",3,1,1,4,1,4,5,5,1,2,3,4,6,8,3,4,4,6,7,2,4,5,6,1,2,3.68,2
"622",3,1,1,1,2,3,3,3,3,4,4,4,2,3,1,1,2,3,3,3,1,1,1,2,2,2.28,2
"623",3,1,2,2,2,1,1,3,4,4,1,1,2,2,1,2,2,2,1,3,4,4,1,2,2,2.12,2
"624",4,2,3,4,3,4,3,3,3,3,4,5,5,1,3,2,1,1,2,3,2,4,3,1,1,2.8,1
"625",4,2,4,4,4,4,2,2,2,4,3,2,1,2,3,5,4,4,3,3,2,2,3,4,5,3.12,1
"626",5,3,2,4,2,3,2,5,3,4,2,4,2,4,2,4,2,3,2,1,5,3,4,2,2,3,1
"627",5,1,5,1,3,1,3,5,2,1,3,2,2,4,3,1,3,4,3,2,3,2,3,1,2,2.6,2
"628",5,3,5,4,5,2,3,3,4,2,5,3,1,2,3,4,5,4,3,1,2,3,2,1,2,3.08,1
"629",5,4,5,4,1,2,4,3,5,3,4,5,2,1,3,1,2,1,3,4,3,4,3,4,5,3.24,1
"630",5,3,4,5,4,1,1,5,4,5,3,3,2,1,3,5,4,3,5,4,2,4,3,5,5,3.56,1
"631",5,5,4,5,2,2,1,5,5,4,5,1,2,3,2,1,3,5,5,4,5,3,2,1,5,3.4,1
"632",5,5,4,1,1,1,3,5,4,3,2,4,3,5,4,5,3,4,3,1,2,1,3,4,5,3.24,1
"633",5,4,5,4,5,3,1,5,1,2,2,3,3,4,3,5,4,5,1,1,2,3,4,3,5,3.32,1
"634",4,2,4,3,4,3,4,5,2,4,3,4,1,3,5,1,3,4,2,3,1,4,2,4,3,3.12,1
"635",3,4,2,5,2,3,4,4,2,1,5,3,1,4,2,3,4,2,1,3,2,4,2,5,2,2.92,1
"636",5,3,4,2,5,3,2,4,2,5,3,1,3,4,2,3,4,2,4,2,5,4,2,3,5,3.28,1
"637",5,2,3,4,2,5,3,4,2,4,1,5,3,4,2,3,4,2,4,3,1,5,1,4,2,3.12,1
"638",5,3,4,2,3,2,4,5,3,3,3,4,2,5,2,4,2,5,3,3,3,3,3,4,1,3.24,1
"639",1,1,5,5,2,3,5,4,5,4,4,5,5,2,1,4,4,5,4,2,3,5,1,5,4,3.56,1
"640",5,3,5,3,1,4,5,3,5,4,5,5,3,5,4,5,4,4,4,5,5,4,5,5,2,4.12,1
"641",5,3,1,1,5,3,5,4,4,4,5,1,1,3,1,1,1,1,3,3,3,3,1,3,5,2.8,1
"642",5,5,3,1,5,1,4,3,1,1,1,1,1,5,1,1,4,5,3,2,5,3,4,5,2,2.88,2
"643",3,5,1,3,5,1,4,3,2,4,4,2,1,4,4,3,2,2,2,2,3,2,2,5,5,2.96,1
"644",4,5,4,5,2,5,3,4,5,2,5,3,5,3,1,1,3,4,2,1,5,4,4,5,2,3.48,1
"645",4,5,3,1,5,3,5,4,3,5,3,5,2,5,5,3,5,2,3,4,2,1,3,4,3,3.52,1
"646",3,3,5,5,3,3,1,5,5,3,4,4,3,3,3,4,5,4,2,3,5,4,4,5,2,3.64,1
"647",5,3,1,5,5,4,2,5,4,4,4,5,5,5,3,5,3,3,5,1,4,5,5,3,1,3.8,1
"648",5,3,4,5,5,1,5,5,4,3,2,5,1,4,4,3,4,5,3,5,3,5,5,5,5,3.96,1
"649",3,4,3,5,5,2,1,5,5,5,4,5,5,5,5,3,5,5,3,4,1,5,1,4,4,3.88,1
"650",5,5,3,2,1,5,4,5,5,5,2,2,2,1,5,4,4,3,5,3,5,3,3,5,2,3.56,1
"651",5,5,3,2,5,4,4,5,3,5,4,3,4,1,3,5,3,5,3,5,3,5,4,3,5,3.88,1
"652",5,2,3,4,5,5,4,1,2,4,5,3,1,5,5,1,1,2,4,5,4,4,3,5,4,3.48,1
"653",3,3,4,5,3,5,3,1,4,5,4,5,3,5,5,3,3,2,1,2,1,4,2,5,3,3.36,1
"654",5,4,3,2,5,3,7,2,4,4,1,3,3,4,5,3,2,4,4,2,4,2,4,4,5,3.56,1
"655",3,2,4,1,5,5,4,3,3,5,2,4,1,5,2,4,4,5,1,3,3,4,5,4,3,3.4,1
"656",3,3,3,3,3,1,4,4,5,3,3,3,3,4,4,5,2,3,1,4,1,3,3,4,5,3.2,1
"657",5,3,4,5,4,1,2,3,5,3,5,5,3,2,4,3,1,4,4,4,1,5,3,5,3,3.48,1
"658",3,4,5,3,5,3,1,4,5,4,5,3,5,4,1,5,3,2,4,3,5,4,4,3,4,3.68,1
"659",5,4,3,4,5,3,5,2,4,5,1,4,2,5,3,2,4,3,4,4,5,5,5,3,5,3.8,1
"660",5,1,3,1,4,1,3,2,4,2,1,3,3,5,4,5,2,5,3,2,3,1,5,4,4,3.04,1
"661",3,4,4,5,5,3,1,5,4,5,3,2,5,4,2,3,4,2,1,5,3,1,3,5,3,3.4,1
"662",3,5,3,5,3,2,4,5,4,3,4,5,4,4,2,5,4,1,5,4,5,5,5,1,1,3.68,1
"663",3,4,3,2,4,5,3,5,5,5,3,3,3,4,2,4,5,2,4,3,1,5,5,3,3,3.56,1
"664",5,3,4,5,4,3,5,3,5,3,3,5,2,4,2,4,3,4,2,5,2,4,5,3,2,3.6,1
"665",5,3,3,3,4,4,4,5,1,1,1,3,3,4,4,1,5,4,4,1,5,5,2,4,4,3.32,2
"666",5,4,3,5,1,4,5,5,1,4,3,4,1,1,5,2,3,3,5,5,4,4,4,5,2,3.52,1
"667",5,4,4,3,5,3,2,3,3,4,3,2,2,2,1,2,3,5,1,4,2,2,4,3,1,2.92,1
"668",5,3,4,3,3,5,3,4,4,3,2,3,4,3,2,3,5,4,2,1,5,4,1,5,3,3.36,1
"669",4,4,3,1,3,4,5,2,4,4,2,2,4,5,3,1,5,2,3,4,2,5,3,2,4,3.24,1
"670",3,4,3,4,3,2,1,4,3,2,4,4,4,3,3,3,2,4,3,4,4,5,4,5,2,3.32,1
"671",4,3,3,3,2,3,2,5,4,3,4,4,4,4,1,5,4,3,2,5,1,4,2,3,4,3.28,1
"672",4,2,4,1,4,2,3,5,4,2,1,4,4,5,4,5,1,1,2,2,5,4,2,5,4,3.2,1
"673",5,3,4,5,4,1,2,3,5,3,5,5,5,3,5,5,5,4,5,3,1,1,5,4,5,3.84,1
"674",3,4,5,3,5,3,1,4,5,4,5,4,5,5,5,5,3,2,4,5,4,5,5,3,5,4.08,1
"675",5,4,3,4,5,3,5,2,4,5,1,5,2,4,5,1,2,2,1,5,5,4,5,5,3,3.6,1
"676",5,1,3,1,4,1,3,2,4,2,1,3,3,5,4,3,5,4,5,5,4,2,3,4,2,3.16,1
"677",3,4,4,5,5,3,1,5,4,5,3,3,1,3,3,5,4,3,5,4,4,2,5,4,1,3.56,1
"678",3,5,3,5,3,2,4,5,4,3,4,5,2,2,4,3,4,5,4,3,4,2,4,5,2,3.6,1
"679",3,4,3,2,4,5,3,5,5,5,3,4,3,3,3,5,5,4,5,2,4,2,4,3,4,3.72,1
"680",5,4,5,3,5,2,5,5,4,5,4,4,2,5,5,2,2,4,4,3,4,4,1,5,4,3.84,1
"681",3,4,5,6,7,8,9,4,2,1,2,1,2,4,5,3,3,3,1,1,1,5,2,3,3,3.52,2
"682",1,1,1,3,2,5,2,1,2,1,1,3,1,1,3,4,2,5,2,2,2,1,2,3,5,2.24,2
"683",5,4,5,3,5,4,5,3,5,1,5,3,5,3,5,4,4,1,5,4,3,2,3,5,4,3.84,1
"684",4,3,2,5,3,5,4,3,2,4,5,4,3,4,5,3,5,5,4,3,2,2,1,1,3,3.4,2
"685",3,5,3,5,3,3,3,5,5,4,4,2,3,5,3,5,1,4,2,1,4,2,1,1,1,3.12,1
"686",1,4,5,3,5,3,5,4,5,3,5,4,4,3,4,4,2,1,5,4,4,2,1,5,3,3.56,1
"687",4,3,5,3,5,4,1,4,3,5,1,4,5,3,5,2,3,4,2,1,4,2,3,5,4,3.4,1
"688",3,3,3,1,4,4,5,3,3,3,3,3,5,4,4,4,2,3,5,4,5,2,5,5,4,3.6,1
"689",4,5,4,1,2,3,5,3,5,5,3,1,3,5,3,3,5,1,4,5,3,4,3,5,3,3.52,1
"690",5,3,5,3,1,4,5,4,5,3,5,3,5,1,1,5,3,5,3,5,2,5,3,3,5,3.68,1
"691",3,4,5,3,5,2,4,5,1,4,2,5,5,3,3,5,3,4,1,5,3,5,3,3,3,3.56,1
"692",3,1,4,1,3,2,4,2,1,3,3,5,3,4,1,3,5,3,5,3,5,3,1,5,3,3.04,2
"693",4,5,5,3,1,5,4,5,3,2,5,3,1,1,1,5,3,5,3,5,3,1,4,3,4,3.36,1
"694",3,5,3,2,4,5,4,3,4,5,4,4,5,3,1,2,4,5,4,4,5,5,4,5,4,3.88,1
"695",3,2,4,5,3,5,5,5,3,3,3,4,5,3,5,2,1,2,1,4,4,5,5,5,1,3.52,1
"696",4,5,4,3,5,3,5,3,3,5,2,3,3,5,3,2,3,3,4,5,4,2,1,3,4,3.48,1
"697",3,3,4,4,4,5,1,1,1,3,3,5,3,4,2,3,1,5,5,1,4,4,4,3,5,3.24,1
"698",3,5,1,4,5,5,1,4,3,4,1,5,3,5,2,3,2,4,5,5,4,4,4,3,4,3.56,1
"699",4,3,5,3,2,3,3,4,3,2,2,2,4,2,2,5,5,3,2,3,2,1,1,5,3,2.96,2
"700",4,3,3,5,3,4,4,3,2,3,4,3,2,2,2,5,3,3,5,4,4,5,5,5,3,3.56,1
"701",3,1,3,4,5,2,4,4,2,2,4,2,5,3,4,1,2,4,5,4,4,5,5,5,4,3.48,1
"702",3,4,3,2,1,4,3,2,4,4,4,5,2,3,3,3,4,4,2,1,4,2,1,5,4,3.08,2
"703",3,3,2,3,2,5,4,3,4,4,4,3,3,3,3,4,2,1,5,4,4,2,1,5,3,3.2,1
"704",4,1,4,2,3,5,4,2,1,4,4,5,2,4,5,2,3,4,2,1,4,2,3,3,4,3.12,2
"705",2,4,1,4,2,4,1,5,4,4,5,4,4,5,2,4,2,3,5,4,5,2,5,3,4,3.52,1
"706",4,2,4,2,4,4,2,5,3,1,3,2,4,3,1,3,5,1,4,5,3,4,3,4,3,3.16,1
"707",4,2,4,1,3,5,2,3,1,5,2,4,1,5,3,5,3,5,3,5,2,5,3,4,2,3.28,1
"708",5,3,4,5,2,4,4,2,4,3,1,5,3,2,4,4,5,5,3,1,5,4,5,4,5,3.68,1
"709",4,4,1,3,4,3,5,3,4,2,3,5,4,5,2,3,5,3,2,4,5,4,3,3,2,3.44,1
"710",5,4,5,3,2,3,5,5,5,3,4,4,1,1,4,5,3,5,3,5,2,5,1,1,5,3.56,1
"711",2,1,3,1,3,1,3,1,2,1,2,3,1,3,1,3,1,3,1,3,4,2,2,1,4,2.08,2
"712",2,1,3,4,1,5,2,1,3,1,3,1,2,1,4,1,3,1,4,1,3,4,2,1,4,2.32,2
"713",4,1,3,1,3,1,4,2,1,3,1,3,1,2,1,3,1,2,4,2,1,2,4,5,3,2.32,2
"714",5,4,5,3,5,4,5,5,1,1,3,2,3,3,3,5,4,4,5,5,3,5,2,4,3,3.68,1
"715",5,3,5,2,5,1,4,5,5,4,4,3,3,3,1,3,5,3,5,4,4,4,3,2,3,3.56,1
"716",5,2,3,4,5,5,4,1,2,4,5,3,4,5,3,5,1,1,3,5,3,3,4,5,2,3.48,1
"717",2,1,5,2,1,3,2,2,1,5,4,1,3,1,3,1,3,1,2,4,2,4,5,4,5,2.68,1
"718",2,5,2,1,3,2,4,2,1,1,3,1,4,5,2,3,4,4,1,2,4,5,2,3,3,2.76,2
"719",5,4,2,1,5,4,2,5,4,1,2,2,2,4,4,5,4,3,2,2,1,4,4,3,4,3.16,1
"720",2,2,3,4,4,4,2,2,2,1,2,4,4,4,4,2,1,1,1,4,2,1,1,1,2,2.4,2
"721",3,2,2,2,3,3,3,3,3,3,3,1,1,2,4,4,1,1,2,1,1,1,1,1,4,2.2,2
"722",4,1,5,3,4,3,4,3,3,4,2,4,1,3,5,2,4,1,5,3,1,4,4,1,5,3.16,1
"723",5,4,1,3,1,1,2,4,3,5,1,2,4,5,2,3,4,3,5,5,2,2,4,5,2,3.12,1
"724",1,2,4,5,3,2,1,4,3,3,5,4,3,5,4,3,3,5,4,2,5,1,5,3,1,3.24,1
"725",1,5,1,4,2,2,3,4,4,3,5,3,2,2,4,2,3,5,1,5,2,4,2,4,5,3.12,1
"726",2,4,3,5,1,1,2,2,4,3,2,3,1,4,3,4,2,1,4,1,5,3,2,1,5,2.72,1
"727",2,1,2,3,4,5,4,3,1,5,2,4,1,3,5,2,5,4,2,4,4,1,4,3,1,3,2
"728",1,4,2,5,1,3,4,4,5,4,2,5,2,4,1,2,4,1,3,1,5,2,3,1,5,2.96,2
"729",5,1,3,4,2,5,1,3,2,1,2,3,2,2,3,4,5,4,3,4,3,2,3,1,2,2.8,2
"730",5,4,3,4,1,2,1,3,4,3,2,1,2,3,2,3,4,5,4,3,3,2,3,1,1,2.76,1
"731",3,5,2,5,3,5,2,4,5,3,5,2,5,3,5,3,5,3,5,2,4,4,3,1,4,3.64,1
"732",5,1,1,2,3,5,4,4,2,1,1,2,1,3,4,1,3,1,1,2,2,2,3,2,5,2.44,2
"733",5,5,4,4,5,3,5,5,4,4,3,4,3,4,3,4,2,4,2,3,2,3,2,3,2,3.52,1
"734",5,5,4,4,4,4,3,5,4,4,5,4,4,5,4,5,5,3,3,3,5,4,2,4,2,4,1
"735",5,4,3,4,2,5,3,5,3,4,3,4,3,4,4,3,4,2,4,2,4,2,1,4,2,3.36,1
"736",5,4,3,4,4,3,2,5,3,4,2,4,2,4,2,2,4,2,3,2,3,2,3,2,2,3.04,1
"737",5,3,2,3,4,2,2,5,4,4,4,4,3,2,4,2,2,5,3,2,2,3,3,1,2,3.04,1
"738",5,1,5,1,5,4,1,5,3,2,4,2,4,2,3,1,3,4,1,3,2,3,2,2,4,2.88,1
"739",5,1,5,4,2,3,1,5,3,2,4,1,3,4,4,1,4,1,4,1,4,1,2,3,1,2.76,1
"740",4,5,3,1,5,1,4,5,3,4,5,3,4,5,4,5,2,1,3,5,4,3,2,4,5,3.6,1
"741",4,5,1,5,3,5,1,4,5,2,5,3,5,2,5,2,1,2,1,4,2,1,4,4,5,3.24,1
"742",2,2,4,5,1,2,2,4,5,1,2,2,4,2,4,2,2,1,2,4,5,1,2,4,2,2.68,1
"743",2,4,3,4,1,1,1,2,2,2,4,1,1,1,1,2,1,1,2,1,1,2,1,2,4,1.88,2
"744",3,2,1,1,2,3,4,4,2,2,1,2,4,4,1,1,2,2,1,2,1,1,2,3,2,2.12,2
"745",3,1,2,1,3,4,4,2,1,1,1,2,2,1,2,3,3,4,2,2,2,2,1,1,3,2.12,2
"746",4,3,2,1,2,2,3,2,4,1,1,1,3,4,4,4,4,2,1,3,2,4,4,5,2,2.72,1
"747",5,4,2,5,4,2,4,5,4,3,5,4,1,4,3,2,5,2,3,4,1,3,4,3,5,3.48,1
"748",3,5,2,4,1,3,1,2,1,3,4,5,2,4,3,5,3,2,2,2,4,3,3,2,2,2.84,1
"749",3,2,4,1,1,3,3,4,1,1,4,1,5,1,2,1,2,3,2,1,2,3,1,2,4,2.28,2
"750",4,5,3,4,2,3,1,4,5,3,1,4,2,4,2,4,1,4,1,3,4,1,4,1,2,2.88,1
"751",3,5,4,5,3,2,1,4,1,2,4,2,4,2,5,1,1,2,3,4,5,1,1,2,3,2.8,1
"752",5,3,5,3,2,3,5,4,1,2,2,1,5,4,2,1,2,4,4,2,1,1,2,3,5,2.88,2
"753",4,5,2,1,4,1,5,2,2,4,1,5,2,5,1,3,5,2,1,4,5,2,4,2,4,3.04,2
"754",2,4,5,3,2,2,3,4,2,4,4,1,2,4,5,4,5,2,3,5,3,5,3,2,1,3.2,1
"755",2,3,1,1,2,4,5,1,1,2,4,2,1,1,5,5,2,1,1,2,3,2,4,5,2,2.48,2
"756",4,5,3,5,3,5,2,4,5,3,5,3,5,3,5,1,5,3,5,3,5,4,5,4,5,4,1
"757",5,2,5,3,5,5,3,5,2,2,4,1,1,2,4,4,2,3,2,4,5,2,1,2,4,3.12,1
"758",4,5,3,5,1,4,1,4,5,3,5,3,5,2,2,5,2,2,3,4,2,2,3,4,3,3.28,1
"759",4,3,1,5,2,4,3,5,2,5,2,2,3,5,3,5,6,3,2,3,4,5,2,5,5,3.56,1
"760",4,5,4,2,3,4,3,5,4,2,3,3,3,3,2,2,2,4,4,5,5,3,3,4,2,3.36,1
"761",3,3,3,2,1,1,3,1,4,2,2,2,4,4,2,1,1,2,2,1,1,2,2,1,1,2.04,2
"762",2,4,3,3,3,5,2,4,4,2,3,3,3,2,1,1,1,2,1,1,1,1,2,3,5,2.48,2
"763",3,1,4,3,4,2,5,3,2,2,1,3,4,4,2,3,1,4,1,2,2,4,4,2,4,2.8,2
"764",2,4,1,5,2,4,1,3,2,4,2,1,5,3,5,3,2,4,3,5,1,4,2,4,1,2.92,1
"765",5,3,4,2,4,1,3,4,5,2,4,2,1,4,2,5,2,4,2,4,2,1,4,2,1,2.92,1
"766",5,3,4,1,3,4,1,2,5,3,5,3,2,1,4,3,4,3,4,5,2,1,1,2,4,3,1
"767",4,2,4,3,1,5,4,3,4,1,2,4,1,2,4,4,2,1,1,2,2,3,2,1,4,2.64,2
"768",4,5,3,4,3,2,2,3,2,1,1,4,4,5,3,5,2,1,2,1,4,5,2,4,2,2.96,1
"769",1,1,1,1,3,1,1,5,4,2,1,1,2,1,3,1,1,1,2,2,1,2,1,3,3,1.8,2
"770",3,3,2,4,5,3,2,3,4,4,1,2,2,3,4,3,2,2,4,3,4,5,4,4,1,3.08,1
"771",1,1,1,3,4,5,4,3,4,5,3,4,4,2,2,2,3,3,2,3,3,4,3,5,4,3.12,1
"772",5,3,3,3,3,1,5,4,3,4,5,2,1,1,3,3,2,2,1,2,1,1,1,4,4,2.68,1
"773",3,4,5,4,5,5,5,3,4,3,4,1,2,3,4,5,3,2,5,4,1,4,2,3,4,3.52,1
"774",3,5,5,4,5,3,5,5,4,4,2,4,4,5,3,5,5,4,4,4,2,3,2,4,5,3.96,1
"775",5,1,1,2,1,1,4,5,5,5,2,4,2,4,2,5,2,4,2,3,4,5,2,4,5,3.2,1
"776",3,1,1,2,4,4,5,4,4,3,2,3,4,2,3,2,1,4,5,1,3,2,1,2,5,2.84,2
"777",1,1,1,1,4,4,3,1,3,4,3,1,1,1,1,2,1,2,3,1,2,3,3,3,3,2.12,2
"778",2,2,4,4,5,2,1,3,4,3,4,1,5,4,3,5,1,1,5,3,4,4,5,1,1,3.08,1
"779",4,5,2,2,3,3,5,4,5,4,5,3,2,3,4,4,3,2,3,3,2,5,3,4,4,3.48,1
"780",5,5,5,5,5,3,5,5,5,5,5,5,4,3,4,4,3,4,5,3,5,5,2,5,5,4.4,1
"781",3,4,2,2,2,2,3,3,3,2,1,2,2,1,4,2,2,2,2,2,2,2,4,4,2,2.4,2
"782",3,3,3,3,4,1,4,5,4,5,4,2,3,2,3,4,2,2,4,4,2,4,1,4,5,3.24,1
"783",4,3,1,1,5,2,3,3,2,3,2,3,1,2,1,3,1,1,2,2,2,3,1,1,2,2.16,2
"784",1,2,2,4,5,1,5,4,4,2,3,4,1,1,1,3,1,1,4,4,3,2,2,3,4,2.68,2
"785",4,4,4,4,4,4,4,4,3,4,5,5,1,3,4,2,1,4,2,2,1,2,4,4,4,3.32,1
"786",1,1,5,4,5,3,4,3,3,3,3,2,1,4,1,1,1,1,1,1,4,4,1,4,4,2.6,2
"787",5,4,1,4,3,1,3,5,5,4,1,2,1,5,1,2,1,1,3,3,4,4,5,3,4,3,1
"788",4,3,2,3,3,3,4,3,3,4,3,1,3,5,2,3,2,2,5,3,3,3,3,4,1,3,1
"789",3,3,1,1,3,3,3,5,5,3,4,3,1,3,5,4,1,1,3,2,4,4,5,4,4,3.12,1
"790",3,3,3,3,3,1,3,4,3,3,4,2,1,4,5,5,2,2,4,2,3,3,4,3,4,3.08,1
"791",4,3,3,3,3,1,4,4,3,3,3,4,1,3,2,3,2,3,5,2,3,3,4,3,3,3,1
"792",2,3,3,1,5,2,5,3,3,3,1,3,3,5,3,4,2,4,5,1,2,4,2,3,3,3,2
"793",3,1,1,3,5,1,4,3,3,3,3,1,1,5,2,2,2,2,3,1,4,1,1,4,3,2.48,2
"794",3,4,1,1,5,1,4,5,3,1,5,1,1,5,1,5,1,4,5,1,3,4,4,4,4,3.04,1
"795",3,2,1,3,5,1,3,5,3,3,5,1,1,4,3,3,1,1,4,1,4,4,4,3,5,2.92,1
"796",5,5,1,1,4,1,4,4,5,4,4,1,1,5,3,4,1,2,5,1,2,4,2,4,3,3.04,1
"797",3,3,2,4,5,1,4,3,3,5,5,1,1,4,2,4,1,2,2,1,5,4,3,4,4,3.04,1
"798",1,1,5,1,4,1,4,4,4,4,4,3,1,5,5,2,2,3,5,4,4,3,3,4,3,3.2,1
"799",1,4,5,3,5,1,4,4,3,3,5,2,1,5,4,3,2,3,4,2,4,4,3,4,4,3.32,1
"800",2,1,3,2,5,1,4,5,1,4,5,1,1,4,3,3,1,1,5,4,4,4,3,4,4,3,1
"801",5,3,3,2,4,1,3,5,2,2,5,1,1,5,4,2,2,2,4,2,3,5,2,4,4,3.04,1
"802",1,5,4,1,5,1,4,4,4,1,4,1,1,4,4,3,1,1,5,2,3,4,2,4,3,2.88,1
"803",1,4,1,3,4,1,1,5,4,4,5,4,3,4,4,4,2,2,5,4,4,3,4,3,4,3.32,1
"804",3,3,3,3,4,2,4,4,2,3,5,3,2,5,3,3,2,2,5,5,4,2,4,4,3,3.32,1
"805",3,3,1,1,4,1,5,4,4,4,4,5,2,5,4,3,4,2,4,2,4,4,2,4,5,3.36,1
"806",1,4,2,4,5,1,4,5,2,3,5,3,4,5,5,4,2,2,5,5,5,5,4,2,4,3.64,1
"807",1,4,4,3,4,1,4,4,4,5,5,2,1,5,2,2,1,4,5,5,3,4,3,3,4,3.32,1
"808",3,2,3,3,4,1,4,4,4,3,5,1,2,5,4,3,2,2,5,4,5,4,3,3,4,3.32,1
"809",3,5,5,1,3,1,5,4,4,3,4,4,1,4,2,4,5,4,4,2,5,5,4,2,4,3.52,1
"810",3,4,4,1,4,1,3,4,4,4,5,2,1,4,4,3,2,2,5,5,3,5,4,3,4,3.36,1
"811",4,3,3,2,4,2,3,5,4,4,5,2,2,5,4,2,2,2,5,4,3,5,1,4,3,3.32,1
"812",3,5,3,2,5,3,5,4,2,3,4,2,2,3,4,2,2,2,3,3,4,5,2,4,4,3.24,1
"813",5,1,4,5,1,5,4,4,2,4,4,2,2,2,4,4,2,2,2,2,2,2,2,4,4,3,1
"814",1,4,4,3,4,1,4,5,1,2,5,2,4,4,2,3,3,3,5,3,4,2,3,4,4,3.2,1
"815",1,1,3,1,5,1,5,4,1,4,5,1,2,4,4,3,3,3,3,3,3,3,3,2,5,2.92,2
"816",3,2,1,3,4,3,5,4,2,2,5,2,3,5,5,4,1,2,4,5,4,2,2,2,3,3.12,1
"817",3,1,4,5,5,5,5,4,4,5,5,2,2,2,3,2,2,2,2,2,3,5,4,4,4,3.4,1
"818",3,3,3,2,3,4,5,4,1,1,4,1,4,5,2,3,1,2,3,1,1,5,3,3,3,2.8,2
"819",3,5,1,1,4,1,5,4,2,5,5,1,3,5,1,4,1,2,5,4,3,5,2,3,4,3.16,1
"820",5,5,1,5,5,1,5,5,3,3,5,3,1,1,3,5,5,5,3,2,3,5,5,5,5,3.76,1
"821",1,4,5,1,3,1,5,5,1,3,5,1,1,5,4,4,1,1,3,2,4,4,2,1,4,2.84,2
"822",3,2,2,4,4,1,4,5,2,4,5,2,1,4,3,3,3,3,2,3,3,4,5,4,3,3.16,1
"823",1,3,2,3,4,4,3,4,3,3,5,1,2,2,3,3,3,3,4,5,2,4,2,4,3,3.04,1
"824",1,3,3,3,5,2,3,4,2,2,4,2,2,4,4,3,2,1,3,3,4,4,2,4,4,2.96,1
"825",3,4,1,4,1,4,3,4,2,3,2,3,4,4,4,3,3,2,5,4,4,3,5,4,4,3.32,1
"826",3,3,3,3,4,3,3,5,3,1,1,1,1,5,2,3,2,2,4,2,4,2,4,3,2,2.76,1
"827",3,3,3,4,5,1,4,5,4,4,4,2,2,3,2,2,2,3,3,3,4,3,2,5,3,3.16,1
"828",3,4,3,1,5,3,4,5,1,1,2,3,3,4,3,4,2,2,4,3,3,4,2,4,3,3.04,2
"829",3,3,3,2,4,1,4,4,2,2,4,2,2,3,2,2,2,2,2,2,2,5,3,3,3,2.68,1
"830",3,4,3,3,4,3,5,4,3,3,5,1,1,5,4,3,2,2,2,2,4,3,3,4,4,3.2,1
"831",3,3,1,1,4,3,1,4,3,3,4,2,1,3,3,3,2,2,3,2,2,2,2,2,3,2.48,2
"832",2,5,1,4,5,1,5,4,2,3,4,3,2,4,2,2,2,2,5,3,4,3,3,5,3,3.16,1
"833",3,1,3,3,4,3,5,4,1,1,4,1,1,3,3,3,2,1,3,3,2,2,3,2,5,2.64,2
"834",3,3,2,2,4,3,4,5,2,2,3,2,3,3,2,4,2,2,3,3,2,4,1,3,2,2.76,2
"835",3,2,2,3,3,3,3,4,4,3,3,2,4,2,1,1,1,1,3,3,3,1,4,1,4,2.56,1
"836",3,3,3,1,4,3,1,4,3,2,5,3,3,4,2,3,2,2,3,2,2,4,2,3,5,2.88,1
"837",2,2,5,1,5,4,5,4,3,4,4,3,5,3,2,2,2,1,2,2,2,2,3,4,4,3.04,1
"838",3,3,3,3,3,3,3,4,4,4,4,3,3,3,3,3,2,2,3,4,3,3,3,3,3,3.12,1
"839",3,1,3,3,5,3,5,4,3,2,4,2,2,3,3,3,2,1,5,3,4,4,2,3,4,3.08,1
"840",3,4,1,3,4,3,4,4,4,3,4,3,4,4,2,3,2,3,3,3,2,3,4,2,3,3.12,1
"841",3,4,2,4,4,4,2,4,5,4,3,3,3,3,2,2,2,2,3,3,4,5,3,5,5,3.36,1
"842",1,1,4,1,1,1,1,5,4,3,4,2,4,5,1,4,1,1,1,1,2,4,1,5,5,2.52,1
"843",3,5,5,5,4,5,5,5,5,4,2,3,2,2,2,1,2,1,3,5,5,4,1,4,5,3.52,1
"844",3,1,1,5,5,1,4,4,4,4,1,4,2,4,4,2,4,2,1,2,4,4,4,4,2,3.04,1
"845",1,3,4,5,2,1,5,5,3,4,5,2,1,3,3,4,2,2,3,2,4,3,1,3,5,3.04,1
"846",3,1,3,5,5,1,5,5,2,3,2,3,1,2,1,4,3,1,1,1,2,2,2,3,5,2.64,2
"847",3,1,1,5,5,5,5,5,4,5,3,5,4,2,3,4,3,4,4,4,3,3,2,5,5,3.72,1
"848",5,3,1,2,4,2,1,5,5,1,1,5,3,4,1,5,2,3,5,3,3,1,1,3,4,2.92,1
"849",1,1,3,3,4,1,5,3,4,4,4,2,2,2,3,3,1,4,1,3,4,5,3,3,4,2.92,1
"850",4,3,5,4,4,4,4,3,4,4,4,5,5,4,4,4,4,3,2,3,4,5,4,4,3,3.88,1
"851",1,1,5,5,3,1,3,4,3,4,2,2,2,1,3,4,2,2,2,2,2,4,3,5,4,2.8,1
"852",3,4,5,1,5,1,3,4,4,3,2,3,4,3,2,4,2,2,2,4,2,2,2,4,5,3.04,1
"853",5,5,4,1,5,2,1,5,4,4,2,2,1,2,2,2,2,2,4,2,2,2,4,5,5,3,1
"854",4,4,4,1,3,1,3,4,4,2,5,2,4,3,4,4,2,4,4,4,4,4,1,4,4,3.32,1
"855",5,4,4,4,5,1,3,1,2,4,4,4,2,1,2,1,1,2,1,1,2,1,2,5,3,2.6,1
"856",1,5,1,4,5,1,5,5,5,5,5,5,4,5,5,3,3,5,3,5,2,3,4,4,5,3.92,1
"857",5,1,1,5,5,5,4,3,3,4,4,4,4,4,4,4,3,1,1,3,1,5,4,3,4,3.4,1
"858",1,1,2,4,2,2,5,5,4,3,2,5,2,3,4,2,4,3,2,3,3,3,4,5,4,3.12,1
"859",2,5,5,3,5,5,5,4,5,5,5,3,1,5,2,4,2,4,5,3,5,5,3,5,4,4,1
"860",5,1,1,3,5,4,4,3,2,4,4,1,1,3,3,1,1,1,2,3,4,4,4,4,4,2.88,1
"861",1,3,2,2,4,1,5,4,3,2,4,2,1,4,3,4,2,1,3,3,3,4,5,2,4,2.88,1
"862",5,5,5,1,5,2,5,4,2,3,2,2,2,3,2,2,2,4,3,4,2,2,2,4,3,3.04,1
"863",1,4,4,3,5,1,5,4,1,3,5,2,1,2,2,3,1,1,2,1,3,3,4,2,4,2.68,2
"864",5,5,5,5,5,5,5,4,2,4,3,2,2,2,3,3,2,2,3,2,2,4,2,4,4,3.4,1
"865",1,1,1,1,5,3,3,3,2,3,5,1,2,4,4,2,2,2,3,1,4,3,4,3,4,2.68,2
"866",4,5,1,5,4,2,4,4,5,4,4,2,5,2,5,5,2,3,4,5,4,4,2,4,2,3.64,1
"867",1,4,5,3,5,5,4,4,4,4,5,1,3,1,1,1,1,1,2,2,1,5,2,4,5,2.96,1
"868",1,3,3,1,4,2,5,5,2,5,5,2,2,3,3,3,2,1,4,1,2,3,4,3,4,2.92,2
"869",4,5,1,4,5,4,5,5,4,4,4,3,4,5,3,5,2,5,5,4,4,4,3,4,4,4,1
"870",3,1,3,2,4,1,3,4,2,3,4,2,1,3,2,4,2,1,3,1,3,3,4,2,3,2.56,2
"871",3,4,5,4,3,4,3,3,1,4,2,2,3,4,4,4,2,2,3,2,2,2,2,3,5,3.04,1
"872",5,5,1,5,5,5,5,5,5,5,5,5,5,5,3,5,1,5,1,5,1,5,5,5,5,4.28,1
"873",1,3,3,1,1,2,1,3,3,4,4,3,2,5,3,3,3,2,2,2,3,3,3,5,5,2.8,1
"874",3,3,4,4,4,3,5,4,3,4,5,2,2,4,2,4,1,4,4,4,2,1,2,4,5,3.32,1
"875",3,3,1,2,5,5,2,4,4,5,5,2,1,3,3,4,2,2,3,3,2,3,3,5,2,3.08,1
"876",3,4,1,3,4,5,5,4,4,3,2,5,1,3,4,3,3,5,3,4,3,3,3,5,3,3.44,1
"877",1,3,1,3,5,1,4,4,2,5,5,2,1,4,2,3,1,1,3,2,4,3,3,2,4,2.76,1
"878",1,3,1,4,5,1,4,4,2,5,5,3,1,2,5,4,2,2,3,4,4,4,2,2,4,3.08,1
"879",1,3,1,1,5,1,5,4,3,5,5,3,1,2,4,5,2,1,3,4,2,3,5,5,4,3.12,1
"880",1,3,1,3,4,1,5,3,2,2,5,2,1,3,2,4,2,2,2,3,2,2,3,2,5,2.6,2
"881",1,3,1,1,4,1,5,5,3,2,5,1,1,3,1,3,4,1,3,2,4,3,3,3,5,2.72,2
"882",1,3,3,1,4,1,4,3,3,2,5,2,1,4,3,2,2,3,3,2,2,4,3,2,5,2.72,2
"883",1,2,1,3,5,1,3,5,4,4,5,3,2,3,2,2,2,1,3,4,2,4,3,2,3,2.8,1
"884",1,1,4,3,3,1,2,4,3,2,2,2,1,4,2,4,2,2,2,5,3,3,3,2,4,2.6,1
"885",1,3,3,2,4,1,4,4,3,4,4,3,2,3,3,4,3,2,3,3,4,3,4,1,3,2.96,1
"886",3,4,2,4,5,4,5,3,4,3,5,4,1,4,3,3,4,2,4,1,4,4,3,4,2,3.4,1
"887",1,1,4,4,4,3,4,5,4,4,5,2,2,3,5,4,2,1,1,3,3,3,4,2,5,3.16,1
"888",1,1,1,4,4,3,3,3,4,4,5,5,4,3,4,4,3,2,3,2,3,4,5,5,5,3.4,1
"889",4,3,1,3,4,2,4,3,2,3,5,2,3,3,4,3,2,4,3,3,4,1,2,5,4,3.08,1
"890",3,4,1,4,4,1,3,3,4,3,3,4,1,2,4,4,4,2,3,2,2,3,5,4,3,3.04,1
"891",4,3,2,3,3,1,3,2,2,2,2,2,3,4,4,4,2,2,5,3,4,4,3,2,4,2.92,2
"892",1,1,3,1,4,3,1,3,3,4,4,3,2,4,3,4,2,1,3,1,3,2,4,3,4,2.68,2
"893",1,4,1,2,5,1,5,4,5,5,5,3,3,2,5,4,3,1,1,1,3,4,3,3,5,3.16,1
"894",3,1,1,5,4,1,3,5,1,5,4,4,2,4,3,3,3,2,2,4,3,4,3,3,4,3.08,1
"895",1,1,3,3,5,1,4,3,3,5,5,4,2,3,4,4,2,2,2,3,3,3,3,4,5,3.12,1
"896",1,4,2,4,4,1,3,4,4,2,4,4,1,2,5,4,4,1,1,1,2,3,3,2,4,2.8,2
"897",4,4,2,1,3,1,4,3,3,3,4,2,2,3,3,4,2,3,2,4,2,4,3,3,4,2.92,1
"898",1,1,3,1,4,3,4,3,4,2,5,3,2,4,4,4,2,2,3,2,3,4,3,2,4,2.92,2
"899",3,2,1,4,5,1,5,3,4,5,5,4,2,3,4,3,4,2,3,2,3,5,3,4,5,3.4,1
"900",2,3,3,1,4,1,3,3,2,1,5,4,2,4,4,3,2,1,4,4,2,2,4,1,5,2.8,2
"901",1,3,1,1,4,1,4,3,3,3,5,3,3,3,5,5,3,1,1,1,3,3,3,3,5,2.84,2
"902",1,3,4,4,3,1,3,4,2,2,3,2,2,4,3,3,2,2,3,3,3,3,4,3,4,2.84,1
"903",3,1,1,3,4,1,5,5,2,5,5,4,2,3,5,4,3,1,3,3,4,4,3,4,3,3.24,1
"904",1,4,5,3,4,1,5,4,3,2,4,3,2,3,4,4,2,2,3,1,2,3,4,2,3,2.96,2
"905",3,1,3,1,4,1,4,3,3,3,3,4,2,4,2,2,4,2,2,2,2,4,2,2,4,2.68,2
"906",1,1,3,2,4,1,4,3,4,4,5,3,3,3,4,3,3,2,3,3,3,2,3,4,3,2.96,1
"907",4,3,1,1,4,1,3,4,1,4,5,4,3,3,3,3,2,1,3,3,4,3,3,2,5,2.92,2
"908",3,3,2,3,3,3,3,5,4,3,2,3,3,2,4,3,3,5,3,2,4,4,4,3,3,3.2,1
"909",3,1,5,3,3,4,3,3,4,1,2,1,2,4,4,3,2,2,4,5,2,5,2,4,3,3,1
"910",1,1,1,3,4,1,4,4,4,2,5,3,1,3,3,4,3,1,3,3,3,4,3,2,5,2.84,2
"911",2,3,4,2,3,3,3,4,2,3,3,2,2,3,3,2,3,2,3,2,4,3,3,5,2,2.84,1
"912",4,5,2,3,3,2,4,3,2,3,2,4,2,2,1,2,2,2,3,2,2,3,4,3,5,2.8,2
