"","X","Year","Age","Gender","X1","X2","X3","X4","X5","X6","X7","X8","X9","X10","X11","X12","X13","X14","X15","X16","X17","X18","X19","X20","X21","X22","X23","X24","X25","Level","hcs"
"1",1,3,22,0,4,3,1,5,3,5,5,3,4,1,5,4,2,3,3,4,1,4,1,3,5,3,5,2,4,3.32,1
"3",3,3,22,0,1,1,1,2,5,2,4,4,4,3,2,5,5,5,5,2,1,3,1,1,5,5,1,3,3,2.96,1
"4",4,3,23,0,1,5,2,1,2,4,5,3,3,5,3,2,3,3,3,2,3,2,3,4,4,2,2,3,5,3,1
"6",6,3,23,1,4,4,3,5,4,3,4,3,2,3,4,3,5,5,5,4,4,3,5,4,3,3,4,4,5,3.84,1
"7",7,3,23,1,5,2,3,4,4,3,3,3,2,4,2,3,4,5,4,3,4,3,5,5,4,4,5,2,2,3.52,1
"9",9,1,19,1,5,4,5,3,2,3,5,5,5,3,4,4,1,1,4,5,3,5,3,5,2,5,1,1,5,3.56,1
"13",13,1,23,0,5,4,5,3,5,4,5,5,1,1,3,2,3,3,3,5,4,4,5,5,3,5,2,4,3,3.68,1
"14",14,2,21,1,5,3,5,2,5,1,4,5,5,4,4,3,3,3,1,3,5,3,5,4,4,4,3,2,3,3.56,1
"15",15,2,22,1,5,2,3,4,5,5,4,1,2,4,5,3,4,5,3,5,1,1,3,5,3,3,4,5,2,3.48,1
"17",17,4,22,0,4,4,4,4,4,4,4,4,3,4,5,5,1,3,4,2,1,4,2,2,1,2,4,4,4,3.32,1
"19",19,2,19,1,5,4,1,4,3,1,3,5,5,4,1,2,1,5,1,2,1,1,3,3,4,4,5,3,4,3,1
"24",24,1,19,1,5,3,3,2,1,3,5,5,3,2,3,4,1,5,3,4,2,5,3,5,2,1,4,5,3,3.28,1
"25",25,1,19,0,5,4,3,4,1,5,4,5,3,2,4,1,5,4,2,5,3,1,5,4,2,5,3,1,5,3.44,1
"26",26,1,23,1,5,4,3,5,4,2,4,5,4,3,2,4,5,3,5,4,2,5,3,5,3,5,3,5,1,3.76,1
"27",27,1,23,0,5,4,5,1,5,4,2,5,3,3,2,5,3,2,4,3,1,4,5,3,1,5,2,3,5,3.4,1
"28",28,1,23,1,5,5,3,4,3,4,2,5,3,5,5,2,5,5,5,3,4,3,4,2,4,2,2,2,5,3.68,1
"29",29,1,23,1,5,5,3,5,3,5,1,5,1,5,5,3,3,3,5,3,5,3,2,5,2,4,3,4,1,3.56,1
"30",30,1,23,0,5,5,4,3,4,3,4,5,4,3,4,4,5,5,4,3,4,5,3,5,2,3,3,4,1,3.8,1
"31",31,1,23,0,5,4,4,1,3,2,3,5,4,3,4,4,2,2,4,3,4,3,3,3,4,3,4,3,3,3.32,1
"32",32,1,23,0,5,5,2,4,2,4,2,5,4,4,3,4,3,4,3,4,3,2,4,3,4,4,4,4,3,3.56,1
"53",53,2,21,0,3,1,1,2,3,3,5,2,5,2,2,5,1,1,3,5,5,5,5,1,1,2,5,4,3,3,1
"58",58,3,23,0,5,4,5,3,1,5,2,1,4,5,3,1,5,3,5,3,5,1,5,1,5,3,4,1,5,3.4,1
"60",60,3,23,1,5,2,4,2,5,3,1,5,4,2,1,3,4,3,1,5,3,1,5,4,3,2,4,2,1,3,1
"61",61,3,22,1,5,3,5,2,5,2,4,5,5,3,2,4,3,1,4,2,5,3,4,2,3,1,4,1,3,3.24,1
"64",64,3,23,1,4,3,4,5,3,4,5,2,4,2,4,4,1,2,4,5,2,2,2,4,4,4,1,3,2,3.2,1
"71",71,3,24,1,3,1,1,4,1,4,5,5,1,2,3,4,6,8,3,4,4,6,7,2,4,5,6,1,2,3.68,1
"75",75,4,23,0,4,2,4,4,4,4,2,2,2,4,3,2,1,2,3,5,4,4,3,3,2,2,3,4,5,3.12,1
"78",78,4,23,1,5,3,5,4,5,2,3,3,4,2,5,3,1,2,3,4,5,4,3,1,2,3,2,1,2,3.08,1
"80",80,4,23,1,5,3,4,5,4,1,1,5,4,5,3,3,2,1,3,5,4,3,5,4,2,4,3,5,5,3.56,1
"81",81,4,25,0,5,5,4,5,2,2,1,5,5,4,5,1,2,3,2,1,3,5,5,4,5,3,2,1,5,3.4,1
"82",82,4,24,1,5,5,4,1,1,1,3,5,4,3,2,4,3,5,4,5,3,4,3,1,2,1,3,4,5,3.24,1
"83",83,4,24,0,5,4,5,4,5,3,1,5,1,2,2,3,3,4,3,5,4,5,1,1,2,3,4,3,5,3.32,1
"84",84,4,23,0,4,2,4,3,4,3,4,5,2,4,3,4,1,3,5,1,3,4,2,3,1,4,2,4,3,3.12,1
"85",85,4,24,1,3,4,2,5,2,3,4,4,2,1,5,3,1,4,2,3,4,2,1,3,2,4,2,5,2,2.92,1
"86",86,4,23,1,5,3,4,2,5,3,2,4,2,5,3,1,3,4,2,3,4,2,4,2,5,4,2,3,5,3.28,1
"87",87,4,23,0,5,2,3,4,2,5,3,4,2,4,1,5,3,4,2,3,4,2,4,3,1,5,1,4,2,3.12,1
"88",88,4,24,1,5,3,4,2,3,2,4,5,3,3,3,4,2,5,2,4,2,5,3,3,3,3,3,4,1,3.24,1
"90",90,3,21,0,5,1,1,2,1,1,4,5,5,5,2,4,2,4,2,5,2,4,2,3,4,5,2,4,5,3.2,1
"91",91,3,24,0,3,1,1,2,4,4,5,4,4,3,2,3,4,2,3,2,1,4,5,1,3,2,1,2,5,2.84,1
"94",94,4,22,0,3,1,4,5,5,5,5,4,4,5,5,2,2,2,3,2,2,2,2,2,3,5,4,4,4,3.4,1
"95",95,2,23,1,5,5,1,5,5,1,5,5,3,3,5,3,1,1,3,5,5,5,3,2,3,5,5,5,5,3.76,1
"99",99,1,19,1,3,1,3,3,5,3,5,4,3,2,4,2,2,3,3,3,2,1,5,3,4,4,2,3,4,3.08,1
"100",100,3,24,1,5,1,1,5,5,5,4,3,3,4,4,4,4,4,4,4,3,1,1,3,1,5,4,3,4,3.4,1
"102",102,1,19,1,1,4,4,3,5,1,5,4,1,3,5,2,1,2,2,3,1,1,2,1,3,3,4,2,4,2.68,1
"104",104,1,19,1,1,3,3,1,4,2,5,5,2,5,5,2,2,3,3,3,2,1,4,1,2,3,4,3,4,2.92,1
"105",105,4,24,1,4,5,1,4,5,4,5,5,4,4,4,3,4,5,3,5,2,5,5,4,4,4,3,4,4,4,1
"106",106,3,19,1,3,1,3,2,4,1,3,4,2,3,4,2,1,3,2,4,2,1,3,1,3,3,4,2,3,2.56,1
"111",111,1,19,0,1,1,4,4,4,3,4,5,4,4,5,2,2,3,5,4,2,1,1,3,3,3,4,2,5,3.16,1
"113",113,2,23,1,4,3,1,3,4,2,4,3,2,3,5,2,3,3,4,3,2,4,3,3,4,1,2,5,4,3.08,1
"119",119,1,19,1,1,1,3,3,5,1,4,3,3,5,5,4,2,3,4,4,2,2,2,3,3,3,3,4,5,3.12,1
"128",128,2,23,0,5,3,5,4,5,3,5,4,5,3,5,1,5,3,5,3,5,3,4,4,1,4,3,5,2,3.8,1
"129",129,2,19,0,5,4,4,3,2,5,3,5,4,3,2,4,5,4,3,4,5,5,3,4,2,5,4,3,2,3.72,1
"130",130,2,21,1,5,4,3,5,3,5,3,3,3,5,5,4,4,2,3,5,3,5,3,5,4,5,5,3,1,3.84,1
"131",131,2,22,1,5,3,1,4,5,3,5,3,5,4,5,3,5,4,4,3,4,2,3,5,1,5,2,3,5,3.68,1
"132",132,2,21,0,3,5,4,3,5,3,5,4,1,4,3,5,1,4,5,3,5,3,5,2,5,1,1,3,5,3.52,1
"133",133,1,24,1,5,3,5,3,5,2,5,5,4,5,3,5,3,5,3,5,1,5,3,5,3,5,2,5,3,3.92,1
"134",134,1,23,1,5,4,5,5,4,5,1,5,3,1,4,2,4,5,4,5,1,5,3,4,1,5,3,5,3,3.68,1
"135",135,1,23,0,4,5,4,5,2,5,3,4,5,2,5,3,5,3,5,3,5,3,5,3,5,3,5,3,1,3.84,1
"136",136,1,21,1,4,5,3,1,5,3,5,4,3,5,3,5,2,5,3,5,3,5,3,5,3,5,3,1,4,3.72,1
"137",137,1,22,0,3,3,5,5,3,3,1,5,5,3,4,4,3,3,3,2,2,2,4,5,4,4,5,5,4,3.6,1
"138",138,1,19,1,5,3,1,5,5,4,2,5,4,4,4,5,5,5,3,3,1,2,1,2,1,4,4,5,5,3.52,1
"139",139,1,23,0,5,3,4,5,5,1,5,5,4,3,2,5,1,4,3,2,4,2,3,3,4,5,4,2,1,3.4,1
"140",140,1,22,1,3,4,3,5,5,2,1,5,5,5,4,5,5,5,3,3,2,3,1,5,5,1,4,4,4,3.68,1
"141",141,1,21,1,3,3,3,3,3,1,4,4,5,3,3,3,3,3,5,4,4,5,5,3,5,2,4,2,1,3.36,1
"142",142,1,19,0,5,3,4,5,4,1,2,3,5,3,5,5,3,1,3,5,3,5,4,4,4,3,2,3,1,3.44,1
"143",143,1,19,1,3,4,5,3,5,3,1,4,5,4,5,3,5,3,5,1,1,3,5,3,3,4,5,3,1,3.48,1
"144",144,1,23,1,5,4,3,4,5,3,5,2,4,5,1,4,2,5,5,3,3,4,1,3,5,2,1,4,1,3.36,1
"145",145,1,21,1,5,1,3,1,4,1,3,2,4,2,1,3,3,5,3,4,1,3,3,2,3,4,5,5,2,2.92,1
"146",146,1,23,1,3,4,4,5,5,3,1,5,4,5,3,2,5,3,1,1,1,1,3,4,5,3,3,3,4,3.24,1
"147",147,1,23,0,3,5,3,5,3,2,4,5,4,3,4,5,4,4,5,3,1,5,3,1,1,3,1,5,3,3.4,1
"148",148,1,23,1,3,4,3,2,4,5,3,5,5,5,3,3,3,4,5,3,5,3,3,5,5,3,1,4,3,3.68,1
"149",149,1,21,1,5,3,4,5,4,3,5,3,5,3,3,5,2,3,3,5,3,3,5,3,5,3,5,3,5,3.84,1
"150",150,1,23,1,5,3,3,3,4,4,4,5,1,1,1,3,3,5,3,4,2,3,4,3,5,5,5,2,1,3.28,1
"151",151,1,19,1,5,4,3,5,1,4,5,5,1,4,3,4,1,5,3,5,2,4,2,2,2,5,5,5,3,3.52,1
"152",152,1,19,0,5,4,4,3,5,3,2,3,3,4,3,2,2,2,4,2,2,2,3,3,1,4,3,4,4,3.08,1
"153",153,1,19,1,5,3,4,3,3,5,3,4,4,3,2,3,4,3,2,2,2,3,3,2,3,2,3,2,3,3.04,1
"154",154,1,23,1,3,4,3,1,3,4,5,2,4,4,2,2,4,2,5,3,4,2,3,3,3,2,3,2,3,3.04,1
"156",156,1,19,0,4,3,3,3,2,3,2,5,4,3,4,4,4,3,3,3,3,4,4,5,2,4,3,4,2,3.36,1
"157",157,1,19,1,4,2,4,1,4,2,3,5,4,2,1,4,4,5,2,4,5,2,4,1,4,2,4,2,4,3.16,1
"158",158,1,21,1,4,5,2,4,1,4,2,4,1,5,4,4,5,4,4,5,2,3,1,4,1,4,1,4,1,3.16,1
"159",159,1,19,1,3,2,4,2,4,2,4,4,2,5,3,1,3,2,4,3,1,4,4,4,1,5,3,1,4,3,1
"160",160,1,19,0,3,1,4,2,4,1,3,5,2,3,1,5,2,4,1,5,3,2,4,3,5,2,4,4,3,3.04,1
"161",161,1,23,1,4,2,5,3,4,5,2,4,4,2,4,3,1,5,3,2,4,3,4,4,5,4,5,4,5,3.64,1
"162",162,1,19,1,5,3,4,4,1,3,4,3,5,3,4,2,3,5,4,5,2,5,3,2,3,5,3,2,4,3.48,1
"163",163,1,19,1,5,4,3,3,2,1,4,5,4,5,4,5,3,4,2,3,4,2,1,5,3,4,5,2,1,3.36,1
"164",164,1,23,1,5,3,5,4,3,5,2,3,4,3,5,3,2,4,2,5,4,1,5,4,5,5,1,4,2,3.56,1
"165",165,1,23,0,4,2,4,1,3,2,3,4,2,4,4,2,5,4,2,4,5,2,4,3,1,4,4,3,2,3.12,1
"168",168,1,21,0,4,2,5,2,4,4,5,3,1,4,3,5,3,1,5,2,3,3,5,5,4,3,2,2,1,3.24,1
"169",169,1,23,1,5,3,4,2,3,4,5,5,3,2,1,3,4,2,1,2,3,5,1,4,2,1,4,2,1,2.88,1
"170",170,1,21,0,5,3,5,4,3,5,4,3,4,3,5,4,4,3,2,3,5,4,2,1,5,4,4,2,1,3.52,1
"171",171,1,23,1,5,3,1,5,4,4,3,5,4,1,4,4,1,5,3,1,5,2,3,4,2,1,4,2,3,3.16,1
"172",172,1,23,1,5,3,4,2,4,1,3,5,4,3,2,1,3,4,3,2,1,4,2,3,5,4,5,2,5,3.2,1
"173",173,1,21,0,4,5,3,5,3,5,2,3,5,3,5,2,5,3,5,3,5,3,5,1,4,5,3,4,3,3.76,1
"174",174,3,22,1,2,5,5,3,5,5,5,4,5,5,5,3,1,5,2,4,2,4,5,3,5,5,3,5,4,4,1
"179",179,4,23,1,3,5,2,1,5,3,4,4,3,2,1,2,2,5,3,4,1,5,4,3,3,4,4,1,4,3.12,1
"181",181,4,23,0,5,5,5,5,5,5,5,4,4,3,2,3,1,3,3,3,2,2,2,2,2,3,3,3,3,3.32,1
"183",183,4,24,1,5,1,5,5,5,2,5,5,2,5,2,5,5,5,5,4,1,1,5,5,1,5,5,5,5,3.96,1
"191",191,4,24,1,3,4,2,5,2,5,5,2,1,4,4,5,1,2,4,5,2,1,2,3,2,2,1,5,4,3.04,1
"193",193,4,21,0,5,5,4,3,5,4,4,3,4,4,5,2,1,2,4,5,2,4,5,2,1,3,2,4,5,3.52,1
"196",196,4,21,1,2,5,5,5,4,5,5,5,5,5,5,4,4,5,4,5,1,1,5,5,4,4,1,3,1,3.92,1
"197",197,4,23,1,5,5,3,4,5,2,3,4,3,2,3,4,1,3,3,4,3,2,1,3,2,1,3,4,3,3.04,1
"218",218,4,23,1,1,5,2,1,1,2,1,5,3,2,5,5,3,3,1,5,3,3,2,3,2,5,3,3,4,2.92,1
"219",219,4,23,1,5,5,3,5,5,5,2,4,4,5,2,3,1,4,5,1,2,1,1,3,1,1,1,5,4,3.12,1
"222",222,4,23,1,5,5,1,2,2,2,2,5,4,5,2,3,3,4,5,3,5,5,5,5,3,1,3,3,5,3.52,1
"224",224,4,22,1,5,4,3,2,1,1,2,5,4,3,2,1,1,4,5,4,3,4,5,4,3,2,5,5,5,3.32,1
"225",225,4,22,1,5,4,3,2,1,2,3,5,4,3,2,1,1,2,3,4,5,4,3,2,1,2,3,4,5,2.96,1
"226",226,4,23,1,5,4,3,2,1,1,2,5,4,3,2,1,1,2,3,4,5,4,3,2,1,2,3,4,5,2.88,1
"228",228,4,23,1,5,4,3,2,1,2,3,5,4,3,2,1,2,3,4,5,4,3,2,1,2,3,4,5,5,3.12,1
"229",229,4,22,1,3,3,3,4,5,4,4,5,2,4,5,5,2,5,2,2,2,2,1,5,5,5,1,5,5,3.56,1
"231",231,4,21,0,5,4,3,2,1,1,2,5,4,3,2,1,2,3,4,5,5,4,3,2,1,2,3,4,5,3.04,1
"234",234,4,22,1,5,4,3,5,5,4,3,5,4,5,4,4,2,4,4,4,2,2,3,4,4,4,2,4,4,3.76,1
"235",235,3,22,1,3,5,5,4,1,5,4,3,4,5,4,4,5,3,4,4,3,2,4,4,4,3,5,4,5,3.88,1
"236",236,3,22,1,3,4,3,4,5,5,4,3,4,5,4,3,3,5,2,4,3,2,4,4,4,3,5,4,5,3.8,1
"237",237,3,22,1,5,4,4,4,5,5,3,3,4,3,2,3,1,3,3,3,3,2,1,3,3,3,3,4,4,3.24,1
"244",244,3,24,1,5,4,5,4,3,2,2,3,4,4,3,2,3,4,3,5,4,2,1,1,1,5,1,4,2,3.08,1
"245",245,3,22,1,5,4,3,1,5,2,3,3,4,3,2,4,2,5,1,2,4,1,3,2,4,4,2,1,1,2.84,1
"246",246,3,23,1,5,5,2,1,2,5,5,4,2,5,5,2,4,5,3,5,2,2,4,2,5,5,3,4,5,3.68,1
"247",247,3,21,1,5,5,2,1,2,5,5,4,2,5,2,2,5,5,3,5,2,2,5,2,2,4,3,4,5,3.48,1
"248",248,3,23,1,5,1,1,1,2,3,4,3,2,4,3,1,3,1,1,1,1,5,4,5,5,5,4,5,5,3,1
"249",249,3,23,1,5,4,3,5,4,2,3,3,4,3,2,4,2,5,4,3,2,4,4,5,4,3,2,4,2,3.44,1
"250",250,3,23,1,5,3,5,3,5,3,5,3,3,4,5,5,5,2,5,3,3,5,4,3,3,3,5,3,5,3.92,1
"251",251,3,23,1,5,4,3,5,1,3,2,4,5,3,5,2,4,5,4,3,5,4,3,5,3,5,2,5,5,3.8,1
"252",252,3,22,1,3,5,2,5,5,5,4,4,3,5,5,2,3,3,5,3,2,1,5,5,3,1,4,3,5,3.64,1
"253",253,3,22,1,4,5,1,1,3,5,5,5,1,3,4,4,3,5,3,5,3,2,4,1,4,3,3,4,4,3.4,1
"255",255,3,23,1,5,4,3,4,1,2,1,4,3,4,5,4,2,4,4,4,3,3,3,2,2,5,2,4,4,3.28,1
"256",256,3,24,1,5,1,4,1,4,5,5,4,4,4,1,4,1,4,2,4,4,4,1,2,4,2,2,2,2,3.04,1
"257",257,3,26,1,5,4,1,3,5,4,2,5,5,1,4,4,5,3,3,3,2,3,4,3,2,1,3,3,4,3.28,1
"258",258,3,23,1,3,3,5,5,5,5,5,5,4,4,1,5,5,5,3,4,5,2,1,3,5,5,3,1,4,3.84,1
"260",260,3,23,1,5,4,4,5,4,3,4,4,3,3,3,4,4,3,4,4,4,4,5,3,4,3,4,3,4,3.8,1
"261",261,3,23,1,5,5,2,1,2,5,5,5,2,5,5,2,3,3,4,3,3,3,3,3,4,3,4,5,5,3.6,1
"262",262,3,24,1,5,4,1,4,5,5,5,5,5,2,4,4,1,5,2,5,1,5,1,1,1,4,4,4,5,3.52,1
"263",263,3,23,1,5,5,2,1,2,4,5,5,5,2,2,3,3,3,2,3,2,3,3,3,3,5,3,5,5,3.36,1
"264",264,3,24,1,5,3,5,3,3,1,5,4,3,3,1,2,1,4,3,4,2,4,1,4,3,3,2,4,3,3.04,1
"270",270,3,21,1,5,5,3,4,5,5,4,4,3,5,4,2,3,4,3,5,1,4,4,3,3,4,4,5,4,3.84,1
"271",271,3,21,1,3,5,1,2,5,3,4,3,4,3,5,4,2,3,4,5,4,5,3,3,2,2,4,4,5,3.52,1
"272",272,3,22,1,5,5,4,5,4,5,5,5,4,3,1,5,2,5,2,3,3,3,1,1,1,3,3,5,5,3.52,1
"273",273,3,21,1,5,5,5,5,5,4,5,5,4,3,1,3,2,5,3,2,2,4,1,2,2,4,4,5,2,3.52,1
"275",275,3,22,1,5,3,4,3,5,4,4,5,3,3,5,3,3,4,3,4,2,3,2,3,3,3,2,3,2,3.36,1
"276",276,3,21,1,5,5,1,2,5,3,4,3,4,3,5,4,2,3,4,5,4,4,3,3,2,2,4,4,1,3.4,1
"277",277,3,21,1,5,5,5,4,2,5,5,5,5,4,5,3,2,2,5,4,4,4,3,4,2,2,4,4,4,3.88,1
"278",278,3,22,1,5,4,1,1,5,3,5,4,3,3,3,4,5,1,4,5,3,5,3,2,1,4,4,3,5,3.44,1
"288",288,2,21,1,5,4,3,4,5,4,4,4,3,4,4,2,3,4,3,4,4,2,2,4,3,2,2,4,3,3.44,1
"296",296,2,21,1,5,1,1,4,5,5,5,4,4,5,4,2,1,3,1,4,3,2,4,2,3,4,5,5,5,3.48,1
"316",316,2,22,0,1,2,1,2,1,3,5,2,3,4,2,1,2,2,1,3,2,3,5,4,5,4,4,4,5,2.84,1
"318",318,1,23,1,5,3,1,1,5,3,5,2,2,2,5,1,1,3,1,1,1,1,3,3,3,3,1,3,5,2.56,1
"320",320,1,19,1,3,5,1,3,5,1,4,3,2,4,4,2,1,4,4,3,2,2,2,2,3,2,2,4,4,2.88,1
"321",321,1,18,1,5,3,1,1,5,3,5,2,2,2,5,1,1,3,1,1,1,1,3,3,3,3,1,3,5,2.56,1
"322",322,1,19,1,5,3,1,1,5,3,5,2,2,2,5,1,1,3,5,2,2,2,4,5,3,1,3,5,4,3,1
"323",323,1,19,1,5,3,1,1,5,3,5,3,3,4,5,1,1,3,3,5,4,1,1,3,3,3,1,3,5,3,1
"324",324,1,21,1,5,3,1,3,5,4,5,4,1,5,5,1,1,3,4,5,4,1,1,2,3,3,5,4,5,3.32,1
"325",325,1,21,1,5,1,1,4,5,3,5,4,4,4,3,1,3,2,4,2,2,2,4,5,3,3,2,1,3,3.04,1
"326",326,1,19,1,4,1,1,2,5,5,5,5,2,5,5,3,1,3,4,4,5,2,2,2,4,2,4,4,3,3.32,1
"327",327,1,19,1,5,1,2,3,5,5,2,4,5,4,5,5,5,5,4,5,3,2,2,5,3,3,3,3,5,3.76,1
"328",328,1,19,1,5,3,5,4,3,2,5,4,5,3,4,5,5,5,4,5,3,2,2,3,5,4,5,3,3,3.88,1
"330",330,1,18,1,5,1,1,4,1,1,5,4,5,4,5,3,5,5,4,3,5,5,4,2,2,5,3,5,5,3.68,1
"331",331,1,18,1,5,5,1,1,3,1,5,4,3,4,4,3,1,3,2,4,5,5,3,3,4,3,5,1,4,3.28,1
"332",332,1,18,1,4,4,3,5,4,1,3,3,4,4,4,3,1,3,2,4,5,5,4,3,5,3,2,1,3,3.32,1
"333",333,1,18,1,5,2,1,4,5,1,5,4,5,4,5,3,5,4,3,5,5,4,2,2,4,4,3,4,4,3.72,1
"334",334,1,18,1,5,2,1,3,4,4,5,3,4,4,5,2,5,3,4,4,4,2,2,4,4,3,5,5,5,3.68,1
"335",335,1,19,1,5,1,5,1,5,4,5,4,1,5,3,3,2,2,4,4,2,2,2,3,4,4,4,4,4,3.32,1
"336",336,1,23,1,5,5,4,1,5,1,5,3,4,5,5,4,1,1,4,3,3,3,5,4,4,5,4,3,4,3.64,1
"337",337,1,19,0,5,5,1,1,5,4,5,3,4,5,5,4,1,1,4,5,5,4,4,5,4,3,5,5,1,3.76,1
"338",338,1,19,0,5,4,3,4,4,3,5,5,4,4,4,2,1,5,5,4,4,1,3,5,4,5,3,5,3,3.8,1
"339",339,1,19,0,5,2,1,1,5,4,5,3,4,5,5,4,1,3,1,4,2,2,2,1,2,5,4,3,4,3.12,1
"340",340,1,23,0,5,1,5,4,5,4,5,5,4,5,5,1,1,4,5,1,4,1,1,5,2,5,5,5,1,3.56,1
"341",341,1,19,0,3,2,5,1,5,4,3,4,2,4,3,1,4,1,4,4,1,2,3,2,1,5,4,5,5,3.12,1
"342",342,1,18,0,5,2,1,1,5,1,2,3,5,4,2,1,2,3,2,2,2,1,3,5,4,3,1,3,5,2.72,1
"343",343,1,18,0,5,5,5,3,4,2,4,5,4,4,3,1,1,2,3,3,2,4,2,2,2,3,2,5,5,3.24,1
"344",344,1,19,0,5,5,5,3,4,4,5,2,2,3,4,5,5,4,3,4,3,4,3,3,3,3,3,4,4,3.72,1
"345",345,1,19,1,5,4,5,3,5,4,5,4,5,4,5,1,1,5,5,4,4,4,5,5,4,4,3,5,5,4.16,1
"346",346,1,19,1,5,2,1,2,5,4,5,4,5,4,5,4,5,4,3,5,5,4,2,2,4,4,3,5,5,3.88,1
"348",348,1,23,1,5,4,5,1,5,4,5,4,4,4,5,2,2,5,4,4,3,2,2,2,4,5,4,3,4,3.68,1
"349",349,1,18,1,5,4,5,1,5,4,4,5,1,4,4,3,1,1,5,3,3,1,3,5,2,1,3,5,1,3.16,1
"350",350,1,18,1,5,1,1,2,5,5,1,2,2,5,4,2,1,3,1,3,2,3,1,1,5,3,4,5,3,2.8,1
"351",351,1,18,1,5,4,5,1,5,4,4,4,4,4,3,1,3,2,5,1,3,5,3,5,3,4,3,5,4,3.6,1
"352",352,1,18,1,5,5,4,1,5,3,5,2,2,1,3,3,3,3,5,3,1,2,2,5,5,3,5,4,3,3.32,1
"353",353,1,23,1,5,5,1,1,3,1,5,5,1,4,1,1,5,3,1,3,5,1,3,3,4,5,1,3,2,2.88,1
"354",354,1,23,1,5,2,1,1,5,2,5,2,2,2,5,1,1,3,5,4,5,5,3,3,3,3,1,3,4,3.04,1
"355",355,1,19,1,5,5,1,1,4,1,5,4,2,1,3,2,1,5,5,5,2,1,1,3,3,5,1,3,5,2.96,1
"356",356,1,18,1,5,2,1,2,5,4,5,5,4,3,3,4,4,4,5,2,1,1,3,3,5,1,4,5,4,3.4,1
"357",357,1,18,0,5,1,1,4,5,1,5,4,3,4,5,3,2,4,4,2,2,5,5,4,5,3,3,4,4,3.52,1
"358",358,1,18,0,5,5,1,1,5,4,5,4,1,2,2,5,5,3,5,2,2,1,4,4,2,2,2,4,4,3.2,1
"359",359,1,18,0,5,5,1,1,5,4,5,2,2,1,5,4,1,1,4,3,3,3,1,3,5,4,3,4,4,3.16,1
"360",360,1,18,1,5,5,4,1,5,1,4,4,2,4,4,2,2,2,4,4,2,2,2,1,1,5,4,4,3,3.08,1
"361",361,1,19,0,5,5,1,5,1,5,4,5,5,3,3,2,3,5,5,5,5,4,4,3,3,3,5,5,1,3.8,1
"362",362,1,19,0,5,2,1,1,5,4,5,3,4,5,5,4,1,3,1,4,2,2,2,1,2,5,4,3,4,3.12,1
"363",363,1,19,1,5,5,2,1,5,1,5,4,3,4,4,2,2,3,3,5,5,4,4,5,4,3,3,3,4,3.56,1
"364",364,1,23,0,5,1,1,1,5,1,5,4,2,4,4,2,2,4,4,5,4,5,3,4,5,3,2,3,4,3.32,1
"366",366,1,19,1,3,5,5,5,5,5,5,4,2,2,3,2,3,4,2,4,2,2,4,3,3,3,3,3,2,3.36,1
"375",375,1,23,1,5,5,1,1,3,5,3,1,5,4,3,4,4,3,1,5,3,3,1,4,4,3,2,2,2,3.08,1
"377",377,1,19,1,1,1,1,3,4,5,4,3,4,5,3,4,4,2,2,2,3,3,2,3,3,4,3,5,4,3.12,1
"382",382,2,21,0,3,4,2,4,4,4,2,4,5,4,3,3,3,3,2,2,2,2,3,3,4,5,3,5,5,3.36,1
"389",389,1,19,1,5,4,5,3,5,3,2,5,4,5,4,2,3,2,3,2,1,4,3,2,3,5,3,5,4,3.48,1
"390",390,1,23,1,5,4,1,2,5,1,3,2,3,4,4,2,2,3,1,5,3,3,2,3,3,5,4,1,2,2.92,1
"391",391,2,22,1,5,4,3,5,4,3,1,5,4,3,5,3,1,3,2,3,2,1,3,2,4,2,4,5,2,3.16,1
"392",392,2,22,1,4,3,5,3,5,3,1,4,5,1,5,3,5,3,5,1,4,5,2,4,5,3,4,5,2,3.6,1
"394",394,2,22,0,5,5,4,3,2,1,4,5,4,5,1,4,3,2,4,3,1,5,3,5,3,1,3,4,5,3.4,1
"395",395,2,22,0,5,4,3,4,3,2,5,4,3,4,3,1,3,4,3,5,5,4,5,4,2,1,2,5,2,3.44,1
"398",398,3,21,1,3,3,3,2,3,4,5,4,1,1,4,1,4,5,2,3,1,2,3,1,1,5,3,3,3,2.8,1
"402",402,3,21,1,3,3,2,3,3,3,3,5,4,3,2,3,3,2,4,3,3,5,3,2,4,4,4,3,3,3.2,1
"404",404,1,18,0,5,1,4,2,4,1,3,5,2,4,1,4,2,5,2,4,2,4,2,4,1,5,2,4,3,3.04,1
"405",405,1,19,0,4,5,5,3,2,2,1,3,4,2,5,3,1,2,4,3,5,2,4,1,4,2,4,5,1,3.08,1
"407",407,1,23,0,5,4,3,2,5,1,3,5,4,3,5,3,2,4,3,4,1,4,5,3,5,2,3,5,1,3.4,1
"408",408,1,23,0,5,4,5,1,2,3,5,5,4,5,4,1,3,4,5,4,3,1,4,5,4,3,3,1,5,3.56,1
"409",409,1,23,1,5,3,5,3,5,4,1,2,5,3,5,3,4,5,3,5,3,5,3,5,2,5,3,5,2,3.76,1
"410",410,1,23,1,5,4,5,3,1,2,1,5,4,3,3,2,1,4,3,5,4,3,4,3,1,2,1,3,2,2.96,1
"411",411,1,22,1,5,4,3,4,5,3,1,5,4,5,3,5,4,5,4,5,2,3,4,2,2,4,3,2,1,3.52,1
"412",412,1,23,1,4,5,3,2,4,2,1,3,4,2,5,1,1,2,4,3,1,5,3,2,1,4,2,1,5,2.8,1
"413",413,1,23,1,4,2,5,2,4,1,3,4,2,4,2,5,1,3,2,5,2,3,4,5,3,1,4,2,4,3.08,1
"414",414,1,19,1,5,2,4,1,3,5,1,4,2,4,1,4,2,3,4,1,3,5,3,2,3,5,2,4,2,3,1
"415",415,1,19,1,5,4,2,5,3,5,3,3,5,3,5,3,1,5,3,5,2,5,3,5,3,4,2,5,3,3.68,1
"416",416,1,23,1,4,2,3,5,1,4,2,5,2,1,4,1,4,1,5,3,2,5,3,1,5,2,4,2,4,3,1
"417",417,1,19,1,5,2,1,5,4,5,3,5,4,5,5,2,1,1,4,4,1,4,2,1,4,1,4,5,4,3.28,1
"418",418,1,23,1,4,5,3,5,3,5,3,4,5,3,1,5,3,5,3,5,3,5,3,5,3,5,2,5,3,3.84,1
"421",421,2,23,0,3,3,3,4,4,5,5,5,5,3,3,3,3,3,4,4,4,4,4,5,2,2,2,1,4,3.52,1
"422",422,2,24,0,2,3,3,2,2,2,3,2,2,4,4,3,2,3,3,5,5,2,3,3,3,5,5,2,2,3,1
"425",425,2,23,1,3,2,3,3,2,2,2,4,4,5,5,5,3,3,2,2,3,5,5,2,2,3,2,3,5,3.2,1
"426",426,2,23,1,3,2,3,5,2,2,3,3,2,1,1,4,4,5,5,1,2,2,4,4,5,5,5,5,2,3.2,1
"431",431,2,22,1,3,2,3,3,2,4,3,4,3,3,1,2,3,3,4,3,5,5,3,3,4,5,5,6,3,3.4,1
"443",443,3,25,1,4,2,2,2,4,3,3,3,3,2,4,4,3,3,3,3,3,4,3,2,3,3,4,2,3,3,1
"458",458,3,23,1,3,4,5,4,4,3,2,4,3,2,5,4,5,3,4,3,2,4,2,4,4,3,3,3,2,3.4,1
"480",480,3,21,0,3,3,3,3,3,1,3,4,3,3,4,2,1,4,5,5,2,2,4,2,3,3,4,3,4,3.08,1
"481",481,3,21,1,4,3,3,3,3,1,4,4,3,3,3,4,1,3,2,3,2,3,5,2,3,3,4,3,3,3,1
"482",482,3,21,1,2,3,3,1,5,2,5,3,3,3,1,3,3,5,3,4,2,4,5,1,2,4,2,3,3,3,1
"485",485,2,19,0,3,2,1,3,5,1,3,5,3,3,5,1,1,4,3,3,1,1,4,1,4,4,4,3,5,2.92,1
"487",487,1,19,1,3,3,2,4,5,1,4,3,3,5,5,1,1,4,2,4,1,2,2,1,5,4,3,4,4,3.04,1
"488",488,1,19,1,1,1,5,1,4,1,4,4,4,4,4,3,1,5,5,2,2,3,5,4,4,3,3,4,3,3.2,1
"489",489,2,19,1,1,4,5,3,5,1,4,4,3,3,5,2,1,5,4,3,2,3,4,2,4,4,3,4,4,3.32,1
"490",490,2,19,1,2,1,3,2,5,1,4,5,1,4,5,1,1,4,3,3,1,1,5,4,4,4,3,4,4,3,1
"491",491,2,19,1,5,3,3,2,4,1,3,5,2,2,5,1,1,5,4,2,2,2,4,2,3,5,2,4,4,3.04,1
"501",501,3,23,1,3,5,3,2,5,3,5,4,2,3,4,2,2,3,4,2,2,2,3,3,4,5,2,4,4,3.24,1
"502",502,2,19,1,1,4,4,3,4,1,4,5,1,2,5,2,4,4,2,3,3,3,5,3,4,2,3,4,4,3.2,1
"503",503,1,18,1,1,1,3,1,5,1,5,4,1,4,5,1,2,4,4,3,3,3,3,3,3,3,3,2,5,2.92,1
"505",505,1,18,1,3,5,5,5,4,5,5,5,5,4,2,3,2,2,2,1,2,1,3,5,5,4,1,4,5,3.52,1
"506",506,1,19,1,1,3,1,1,4,1,5,5,3,2,5,1,1,3,1,3,4,1,3,2,4,3,3,3,5,2.72,1
"508",508,4,21,1,3,5,5,1,3,1,5,4,4,3,4,4,1,4,2,4,5,4,4,2,5,5,4,2,4,3.52,1
"510",510,2,21,0,1,4,5,3,4,1,5,4,3,2,4,3,2,3,4,4,2,2,3,1,2,3,4,2,3,2.96,1
"511",511,2,21,1,3,1,3,1,4,1,4,3,3,3,3,4,2,4,2,2,4,2,2,2,2,4,2,2,4,2.68,1
"512",512,2,21,1,1,1,3,2,4,1,4,3,4,4,5,3,3,3,4,3,3,2,3,3,3,2,3,4,3,2.96,1
"519",519,4,22,1,5,1,2,5,1,1,4,1,4,4,4,4,4,1,2,5,5,3,3,1,2,2,3,2,4,2.92,1
"527",527,4,25,1,1,3,1,1,5,3,5,3,2,3,5,5,5,5,5,3,2,3,3,4,3,4,2,2,1,3.16,1
"529",529,3,23,1,5,5,5,5,5,5,5,5,3,2,5,5,4,3,1,3,4,2,3,5,3,5,5,3,1,3.88,1
"530",530,3,24,0,5,4,3,2,1,4,5,5,4,3,4,1,5,4,3,4,2,4,5,3,2,5,4,2,1,3.4,1
"531",531,2,23,1,4,5,3,5,2,5,3,5,1,3,5,3,5,3,5,3,5,3,5,3,5,2,1,3,4,3.64,1
"532",532,2,21,1,3,5,4,5,3,5,3,4,5,3,5,1,3,5,3,5,1,4,5,2,5,1,5,3,4,3.68,1
"543",543,1,23,0,5,2,4,3,4,4,5,3,2,4,4,3,3,1,2,5,3,1,4,2,4,3,5,1,4,3.24,1
"545",545,1,23,1,2,1,3,4,3,4,5,3,2,3,1,2,2,4,4,2,1,5,4,1,4,5,2,3,1,2.84,1
"547",547,1,19,1,2,1,3,4,4,3,5,3,2,3,2,3,4,5,4,3,2,1,1,3,3,4,4,2,5,3.04,1
"548",548,1,23,1,3,2,4,1,4,3,5,4,3,4,2,1,3,4,5,1,3,2,1,4,5,3,2,3,4,3.04,1
"554",554,1,23,1,5,4,3,4,5,3,5,5,1,3,4,3,1,3,4,2,4,1,3,5,2,4,2,4,1,3.24,1
"555",555,1,18,1,5,1,1,2,3,5,2,3,4,4,1,4,4,2,5,3,5,3,1,4,5,5,4,1,2,3.16,1
"556",556,1,19,0,3,1,1,1,1,4,5,5,1,5,5,1,1,1,5,1,1,1,2,2,1,3,4,5,5,2.6,1
"557",557,1,23,1,5,1,1,2,4,3,2,3,4,2,5,1,5,3,4,2,5,1,3,4,2,3,5,4,5,3.16,1
"561",561,1,19,1,1,4,5,5,5,5,5,3,5,5,4,5,1,4,2,1,1,1,5,4,5,4,4,5,3,3.68,1
"571",571,4,22,1,3,4,3,1,5,3,4,5,1,1,2,3,3,4,3,4,2,2,4,3,3,4,2,4,3,3.04,1
"572",572,2,23,1,3,4,3,3,4,3,5,4,3,3,5,1,1,5,4,3,2,2,2,2,4,3,3,4,4,3.2,1
"575",575,4,22,0,3,3,2,2,4,3,4,5,2,2,3,2,3,3,2,4,2,2,3,3,2,4,1,3,2,2.76,1
"581",581,1,21,0,5,4,1,3,1,1,2,4,3,5,1,2,4,5,2,3,4,3,5,5,2,2,4,5,2,3.12,1
"585",585,2,23,1,2,1,2,3,4,5,4,3,1,5,2,4,1,3,5,2,5,4,2,4,4,1,4,3,1,3,1
"588",588,2,21,1,5,4,3,4,1,2,1,3,4,3,2,1,2,3,2,3,4,5,4,3,3,2,3,1,1,2.76,1
"589",589,2,23,1,3,5,2,5,3,5,2,4,5,3,5,2,5,3,5,3,5,3,5,2,4,4,3,1,4,3.64,1
"590",590,1,23,1,1,1,5,5,2,3,5,4,5,4,4,5,5,2,1,4,4,5,4,2,3,5,1,5,4,3.56,1
"591",591,1,19,1,5,3,5,3,1,4,5,3,5,4,5,5,3,5,4,5,4,4,4,5,5,4,5,5,2,4.12,1
"592",592,1,19,1,5,3,1,1,5,3,5,4,4,4,5,1,1,3,1,1,1,1,3,3,3,3,1,3,5,2.8,1
"594",594,1,23,1,3,5,1,3,5,1,4,3,2,4,4,2,1,4,4,3,2,2,2,2,3,2,2,5,5,2.96,1
"595",595,1,21,1,4,5,4,5,2,5,3,4,5,2,5,3,5,3,1,1,3,4,2,1,5,4,4,5,2,3.48,1
"596",596,1,22,1,4,5,3,1,5,3,5,4,3,5,3,5,2,5,5,3,5,2,3,4,2,1,3,4,3,3.52,1
"597",597,1,23,0,3,3,5,5,3,3,1,5,5,3,4,4,3,3,3,4,5,4,2,3,5,4,4,5,2,3.64,1
"598",598,1,19,0,5,3,1,5,5,4,2,5,4,4,4,5,5,5,3,5,3,3,5,1,4,5,5,3,1,3.8,1
"599",599,1,22,0,5,3,4,5,5,1,5,5,4,3,2,5,1,4,4,3,4,5,3,5,3,5,5,5,5,3.96,1
"600",600,1,19,0,3,4,3,5,5,2,1,5,5,5,4,5,5,5,5,3,5,5,3,4,1,5,1,4,4,3.88,1
"601",601,1,23,0,5,5,3,2,1,5,4,5,5,5,2,2,2,1,5,4,4,3,5,3,5,3,3,5,2,3.56,1
"602",602,1,21,1,5,5,3,2,5,4,4,5,3,5,4,3,4,1,3,5,3,5,3,5,3,5,4,3,5,3.88,1
"603",603,1,22,1,5,2,3,4,5,5,4,1,2,4,5,3,1,5,5,1,1,2,4,5,4,4,3,5,4,3.48,1
"604",604,1,23,0,3,3,4,5,3,5,3,1,4,5,4,5,3,5,5,3,3,2,1,2,1,4,2,5,3,3.36,1
"605",605,1,22,0,5,4,3,2,5,3,7,2,4,4,1,3,3,4,5,3,2,4,4,2,4,2,4,4,5,3.56,1
"606",606,1,21,1,3,2,4,1,5,5,4,3,3,5,2,4,1,5,2,4,4,5,1,3,3,4,5,4,3,3.4,1
"607",607,1,19,1,3,3,3,3,3,1,4,4,5,3,3,3,3,4,4,5,2,3,1,4,1,3,3,4,5,3.2,1
"608",608,1,23,1,5,3,4,5,4,1,2,3,5,3,5,5,3,2,4,3,1,4,4,4,1,5,3,5,3,3.48,1
"609",609,1,21,1,3,4,5,3,5,3,1,4,5,4,5,3,5,4,1,5,3,2,4,3,5,4,4,3,4,3.68,1
"610",610,1,22,1,5,4,3,4,5,3,5,2,4,5,1,4,2,5,3,2,4,3,4,4,5,5,5,3,5,3.8,1
"611",611,1,23,1,5,1,3,1,4,1,3,2,4,2,1,3,3,5,4,5,2,5,3,2,3,1,5,4,4,3.04,1
"612",612,1,21,0,3,4,4,5,5,3,1,5,4,5,3,2,5,4,2,3,4,2,1,5,3,1,3,5,3,3.4,1
"613",613,1,23,0,3,5,3,5,3,2,4,5,4,3,4,5,4,4,2,5,4,1,5,4,5,5,5,1,1,3.68,1
"614",614,1,19,0,3,4,3,2,4,5,3,5,5,5,3,3,3,4,2,4,5,2,4,3,1,5,5,3,3,3.56,1
"615",615,1,22,0,5,3,4,5,4,3,5,3,5,3,3,5,2,4,2,4,3,4,2,5,2,4,5,3,2,3.6,1
"616",616,1,23,0,5,3,3,3,4,4,4,5,1,1,1,3,3,4,4,1,5,4,4,1,5,5,2,4,4,3.32,1
"618",618,1,24,0,5,4,4,3,5,3,2,3,3,4,3,2,2,2,1,2,3,5,1,4,2,2,4,3,1,2.92,1
"619",619,1,19,1,5,3,4,3,3,5,3,4,4,3,2,3,4,3,2,3,5,4,2,1,5,4,1,5,3,3.36,1
"620",620,1,25,1,4,4,3,1,3,4,5,2,4,4,2,2,4,5,3,1,5,2,3,4,2,5,3,2,4,3.24,1
"621",621,1,24,1,3,4,3,4,3,2,1,4,3,2,4,4,4,3,3,3,2,4,3,4,4,5,4,5,2,3.32,1
"622",622,1,23,1,4,3,3,3,2,3,2,5,4,3,4,4,4,4,1,5,4,3,2,5,1,4,2,3,4,3.28,1
"623",623,1,21,1,4,2,4,1,4,2,3,5,4,2,1,4,4,5,4,5,1,1,2,2,5,4,2,5,4,3.2,1
"624",624,2,23,1,5,3,4,5,4,1,2,3,5,3,5,5,5,3,5,5,5,4,5,3,1,1,5,4,5,3.84,1
"625",625,2,22,1,3,4,5,3,5,3,1,4,5,4,5,4,5,5,5,5,3,2,4,5,4,5,5,3,5,4.08,1
"626",626,2,23,1,5,4,3,4,5,3,5,2,4,5,1,5,2,4,5,1,2,2,1,5,5,4,5,5,3,3.6,1
"627",627,2,2,1,5,1,3,1,4,1,3,2,4,2,1,3,3,5,4,3,5,4,5,5,4,2,3,4,2,3.16,1
"628",628,2,3,1,3,4,4,5,5,3,1,5,4,5,3,3,1,3,3,5,4,3,5,4,4,2,5,4,1,3.56,1
"629",629,2,21,1,3,5,3,5,3,2,4,5,4,3,4,5,2,2,4,3,4,5,4,3,4,2,4,5,2,3.6,1
"630",630,2,21,1,3,4,3,2,4,5,3,5,5,5,3,4,3,3,3,5,5,4,5,2,4,2,4,3,4,3.72,1
"631",631,2,23,0,5,4,5,3,5,2,5,5,4,5,4,4,2,5,5,2,2,4,4,3,4,4,1,5,4,3.84,1
"632",632,2,23,0,3,4,5,6,7,8,9,4,2,1,2,1,2,4,5,3,3,3,1,1,1,5,2,3,3,3.52,1
"634",634,2,23,0,5,4,5,3,5,4,5,3,5,1,5,3,5,3,5,4,4,1,5,4,3,2,3,5,4,3.84,1
"635",635,2,21,0,4,3,2,5,3,5,4,3,2,4,5,4,3,4,5,3,5,5,4,3,2,2,1,1,3,3.4,1
"636",636,2,22,0,3,5,3,5,3,3,3,5,5,4,4,2,3,5,3,5,1,4,2,1,4,2,1,1,1,3.12,1
"637",637,2,23,1,1,4,5,3,5,3,5,4,5,3,5,4,4,3,4,4,2,1,5,4,4,2,1,5,3,3.56,1
"638",638,2,21,1,4,3,5,3,5,4,1,4,3,5,1,4,5,3,5,2,3,4,2,1,4,2,3,5,4,3.4,1
"639",639,2,21,1,3,3,3,1,4,4,5,3,3,3,3,3,5,4,4,4,2,3,5,4,5,2,5,5,4,3.6,1
"640",640,2,23,1,4,5,4,1,2,3,5,3,5,5,3,1,3,5,3,3,5,1,4,5,3,4,3,5,3,3.52,1
"641",641,2,21,0,5,3,5,3,1,4,5,4,5,3,5,3,5,1,1,5,3,5,3,5,2,5,3,3,5,3.68,1
"642",642,2,22,0,3,4,5,3,5,2,4,5,1,4,2,5,5,3,3,5,3,4,1,5,3,5,3,3,3,3.56,1
"643",643,2,23,0,3,1,4,1,3,2,4,2,1,3,3,5,3,4,1,3,5,3,5,3,5,3,1,5,3,3.04,1
"644",644,2,22,0,4,5,5,3,1,5,4,5,3,2,5,3,1,1,1,5,3,5,3,5,3,1,4,3,4,3.36,1
"645",645,2,21,1,3,5,3,2,4,5,4,3,4,5,4,4,5,3,1,2,4,5,4,4,5,5,4,5,4,3.88,1
"646",646,2,23,1,3,2,4,5,3,5,5,5,3,3,3,4,5,3,5,2,1,2,1,4,4,5,5,5,1,3.52,1
"647",647,2,23,1,4,5,4,3,5,3,5,3,3,5,2,3,3,5,3,2,3,3,4,5,4,2,1,3,4,3.48,1
"652",652,4,24,0,5,5,1,5,5,5,5,5,5,5,5,5,5,5,3,5,1,5,1,5,1,5,5,5,5,4.28,1
"656",656,1,23,1,5,5,4,4,5,3,5,5,4,4,3,4,3,4,3,4,2,4,2,3,2,3,2,3,2,3.52,1
"657",657,1,23,1,5,5,4,4,4,4,3,5,4,4,5,4,4,5,4,5,5,3,3,3,5,4,2,4,2,4,1
"658",658,1,23,0,5,4,3,4,2,5,3,5,3,4,3,4,3,4,4,3,4,2,4,2,4,2,1,4,2,3.36,1
"659",659,1,23,0,5,4,3,4,4,3,2,5,3,4,2,4,2,4,2,2,4,2,3,2,3,2,3,2,2,3.04,1
"660",660,1,23,0,5,3,2,3,4,2,2,5,4,4,4,4,3,2,4,2,2,5,3,2,2,3,3,1,2,3.04,1
"664",664,1,23,1,4,5,1,5,3,5,1,4,5,2,5,3,5,2,5,2,1,2,1,4,2,1,4,4,5,3.24,1
"670",670,2,22,1,5,4,2,5,4,2,4,5,4,3,5,4,1,4,3,2,5,2,3,4,1,3,4,3,5,3.48,1
"674",674,2,21,1,3,5,4,5,3,2,1,4,1,2,4,2,4,2,5,1,1,2,3,4,5,1,1,2,3,2.8,1
"676",676,3,23,1,4,5,2,1,4,1,5,2,2,4,1,5,2,5,1,3,5,2,1,4,5,2,4,2,4,3.04,1
"677",677,3,22,0,2,4,5,3,2,2,3,4,2,4,4,1,2,4,5,4,5,2,3,5,3,5,3,2,1,3.2,1
"679",679,3,22,1,4,5,3,5,3,5,2,4,5,3,5,3,5,3,5,1,5,3,5,3,5,4,5,4,5,4,1
"681",681,3,21,0,4,5,3,5,1,4,1,4,5,3,5,3,5,2,2,5,2,2,3,4,2,2,3,4,3,3.28,1
"682",682,3,21,0,4,3,1,5,2,4,3,5,2,5,2,2,3,5,3,5,6,3,2,3,4,5,2,5,5,3.56,1
"683",683,3,22,0,4,5,4,2,3,4,3,5,4,2,3,3,3,3,2,2,2,4,4,5,5,3,3,4,2,3.36,1
"688",688,4,25,0,5,3,4,2,4,1,3,4,5,2,4,2,1,4,2,5,2,4,2,4,2,1,4,2,1,2.92,1
"690",690,4,24,1,4,2,4,3,1,5,4,3,4,1,2,4,1,2,4,4,2,1,1,2,2,3,2,1,4,2.64,1
"692",692,1,18,1,5,1,4,5,1,5,4,4,2,4,4,2,2,2,4,4,2,2,2,2,2,2,2,4,4,3,1
"693",693,1,21,1,3,3,4,4,4,5,1,1,1,3,3,5,3,4,2,3,1,5,5,1,4,4,4,3,5,3.24,1
"694",694,1,19,1,3,5,1,4,5,5,1,4,3,4,1,5,3,5,2,3,2,4,5,5,4,4,4,3,4,3.56,1
"695",695,1,19,1,4,3,5,3,2,3,3,4,3,2,2,2,4,2,2,5,5,3,2,3,2,1,1,5,3,2.96,1
"696",696,1,19,0,4,3,3,5,3,4,4,3,2,3,4,3,2,2,2,5,3,3,5,4,4,5,5,5,3,3.56,1
"697",697,1,23,0,3,1,3,4,5,2,4,4,2,2,4,2,5,3,4,1,2,4,5,4,4,5,5,5,4,3.48,1
"698",698,1,19,0,3,4,3,2,1,4,3,2,4,4,4,5,2,3,3,3,4,4,2,1,4,2,1,5,4,3.08,1
"699",699,1,21,0,3,3,2,3,2,5,4,3,4,4,4,3,3,3,3,4,2,1,5,4,4,2,1,5,3,3.2,1
"700",700,1,22,1,4,1,4,2,3,5,4,2,1,4,4,5,2,4,5,2,3,4,2,1,4,2,3,3,4,3.12,1
"701",701,1,21,1,2,4,1,4,2,4,1,5,4,4,5,4,4,5,2,4,2,3,5,4,5,2,5,3,4,3.52,1
"702",702,2,22,1,4,2,4,2,4,4,2,5,3,1,3,2,4,3,1,3,5,1,4,5,3,4,3,4,3,3.16,1
"703",703,2,23,1,4,2,4,1,3,5,2,3,1,5,2,4,1,5,3,5,3,5,3,5,2,5,3,4,2,3.28,1
"704",704,2,21,0,5,3,4,5,2,4,4,2,4,3,1,5,3,2,4,4,5,5,3,1,5,4,5,4,5,3.68,1
"705",705,2,22,0,4,4,1,3,4,3,5,3,4,2,3,5,4,5,2,3,5,3,2,4,5,4,3,3,2,3.44,1
"707",707,4,24,0,5,5,5,1,5,2,5,4,2,3,2,2,2,3,2,2,2,4,3,4,2,2,2,4,3,3.04,1
"708",708,4,23,0,5,5,5,5,5,5,5,4,2,4,3,2,2,2,3,3,2,2,3,2,2,4,2,4,4,3.4,1
"710",710,4,21,1,3,4,1,3,4,5,5,4,4,3,2,5,1,3,4,3,3,5,3,4,3,3,3,5,3,3.44,1
"715",715,1,23,1,2,5,2,1,3,2,4,2,1,1,3,1,4,5,2,3,4,4,1,2,4,5,2,3,3,2.76,1
"716",716,2,22,0,5,4,2,1,5,4,2,5,4,1,2,2,2,4,4,5,4,3,2,2,1,4,4,3,4,3.16,1
"717",717,3,24,1,4,3,5,4,4,4,4,3,4,4,4,5,5,4,4,4,4,3,2,3,4,5,4,4,3,3.88,1
"718",718,4,22,1,3,4,5,4,5,5,5,3,4,3,4,1,2,3,4,5,3,2,5,4,1,4,2,3,4,3.52,1
"719",719,1,21,1,3,5,5,4,5,3,5,5,4,4,2,4,4,5,3,5,5,4,4,4,2,3,2,4,5,3.96,1
"721",721,1,23,0,5,4,2,4,2,1,5,5,3,2,4,3,2,3,3,4,2,1,1,4,2,5,3,5,2,3.08,1
"723",723,1,23,0,5,4,5,4,3,4,1,2,5,3,4,2,3,1,5,3,2,5,3,4,1,5,3,2,5,3.36,1
"725",725,1,19,1,4,3,4,2,3,1,2,4,2,5,2,4,3,5,1,5,4,1,4,2,5,3,1,5,4,3.16,1
"726",726,1,23,1,5,4,3,4,2,3,1,2,5,2,4,1,5,3,1,4,5,2,5,3,1,5,1,3,5,3.16,1
"730",730,1,24,0,3,5,4,2,1,3,1,3,4,2,3,2,4,1,3,4,3,2,3,5,1,3,2,5,1,2.8,1
"731",731,1,22,1,4,3,5,3,2,3,1,5,3,1,5,3,1,4,3,5,2,1,4,3,1,5,3,1,5,3.04,1
"732",732,1,23,1,4,3,4,5,3,2,1,5,5,3,1,5,2,3,4,1,5,3,2,5,1,3,5,2,1,3.12,1
"734",734,1,24,0,5,2,4,2,4,1,3,3,5,2,4,1,3,5,2,4,1,5,2,4,1,5,2,3,1,2.96,1
"736",736,1,22,1,4,5,3,5,3,5,3,4,1,5,3,5,2,5,3,5,1,3,5,3,5,4,3,2,4,3.64,1
"737",737,2,21,0,3,3,2,1,4,5,4,5,4,5,3,4,2,3,4,3,2,4,5,3,5,5,5,3,1,3.52,1
"738",738,2,22,0,5,4,3,5,2,3,4,3,5,3,2,4,2,5,5,4,5,5,1,1,2,2,3,4,2,3.36,1
"739",739,2,23,0,4,3,3,3,2,3,2,5,4,3,4,4,4,2,5,5,4,4,3,1,4,4,5,5,3,3.56,1
"740",740,2,24,0,4,2,4,1,4,2,3,5,4,2,1,4,4,4,2,1,2,1,5,4,3,5,5,5,4,3.24,1
"741",741,2,23,0,4,5,2,4,1,4,2,4,1,5,4,4,5,5,5,4,4,5,3,2,5,4,1,5,3,3.64,1
"742",742,2,24,0,3,2,4,2,4,2,4,4,2,5,3,1,3,3,5,4,2,5,1,5,3,5,5,4,4,3.4,1
"743",743,2,21,0,3,1,4,2,4,1,3,5,2,3,1,5,2,4,4,2,4,3,1,5,3,2,4,4,4,3.04,1
"744",744,2,22,0,4,2,5,3,4,5,2,4,4,2,4,3,1,3,5,3,4,2,3,5,4,5,2,4,4,3.48,1
"745",745,2,23,0,5,3,4,4,1,3,4,3,5,3,4,2,3,5,4,5,4,5,3,4,2,3,4,5,5,3.72,1
"747",747,2,24,1,5,3,5,4,3,5,2,3,4,3,5,3,2,4,2,4,4,2,5,4,2,4,5,5,2,3.6,1
"748",748,2,22,1,4,2,4,1,3,2,3,4,2,4,4,2,5,4,5,4,5,1,4,4,2,4,3,3,3,3.28,1
"749",749,2,22,1,4,5,4,3,5,1,4,4,5,4,5,1,4,4,2,3,4,1,5,4,4,1,5,3,1,3.44,1
"751",751,2,23,1,4,2,5,2,4,4,5,3,1,4,3,5,3,1,4,5,3,5,3,5,2,5,1,4,3,3.44,1
"752",752,2,22,1,5,3,4,2,3,4,5,5,3,2,1,3,4,3,3,5,4,4,5,5,3,5,2,4,2,3.56,1
"753",753,2,24,1,5,3,5,4,3,5,4,3,4,3,5,4,4,3,1,3,5,3,5,4,4,4,3,1,2,3.6,1
"754",754,2,23,1,5,3,1,5,4,4,3,5,4,1,4,4,1,5,3,5,1,1,3,5,3,3,4,3,1,3.24,1
"755",755,2,22,1,5,3,4,2,4,1,3,5,4,3,2,1,3,3,5,3,4,1,5,3,4,2,5,3,5,3.32,1
"756",756,2,23,1,4,5,3,5,3,5,2,3,5,3,5,2,5,3,1,1,1,3,1,5,5,1,4,4,3,3.28,1
"757",757,2,21,1,5,3,5,3,5,2,5,5,4,5,3,5,3,4,5,3,1,4,5,3,5,2,5,2,3,3.8,1
"758",758,2,21,1,5,4,5,5,4,5,1,5,3,1,4,2,4,4,5,5,2,2,1,2,3,1,1,4,4,3.28,1
"759",759,2,22,1,4,5,4,5,2,5,3,4,5,2,5,3,5,5,5,4,5,5,1,1,2,2,3,4,5,3.76,1
"766",766,2,22,1,5,4,1,3,2,1,1,5,4,3,2,1,2,3,3,3,4,5,4,3,2,1,2,3,4,2.84,1
"767",767,2,25,0,4,2,5,3,1,4,2,3,5,2,4,1,3,5,2,4,1,3,5,2,4,2,4,2,5,3.12,1
"769",769,2,24,0,5,1,3,1,4,2,5,2,1,3,4,5,3,2,1,2,3,4,5,4,3,2,1,2,3,2.84,1
"776",776,2,22,1,4,5,3,1,5,3,5,4,3,5,3,5,2,2,5,5,4,4,3,1,4,4,5,3,5,3.72,1
"777",777,2,21,1,3,3,5,5,3,3,1,5,5,3,4,4,3,4,2,1,2,1,5,4,3,5,5,1,3,3.32,1
"778",778,2,23,1,5,3,1,5,5,4,2,5,4,4,4,5,5,5,5,4,4,5,3,2,5,4,1,3,5,3.92,1
"779",779,2,23,1,5,3,4,5,5,1,5,5,4,3,2,5,1,3,5,4,2,5,1,5,3,5,5,5,5,3.84,1
"780",780,2,21,1,3,4,3,5,5,2,1,5,5,5,4,5,5,4,4,2,4,3,1,5,3,2,4,5,3,3.68,1
"781",781,2,22,0,5,5,3,2,1,5,4,5,5,5,2,2,2,3,5,2,5,3,5,1,1,4,5,3,1,3.36,1
"782",782,2,21,0,5,5,3,2,5,4,4,5,3,5,4,3,4,5,4,2,3,1,4,1,5,3,4,3,5,3.68,1
"783",783,2,23,0,5,2,3,4,5,5,4,1,2,4,5,3,1,5,2,3,1,1,5,4,4,5,3,4,4,3.4,1
"784",784,2,21,0,3,3,4,5,3,5,3,1,4,5,4,5,3,4,4,1,3,3,5,4,5,1,5,3,5,3.64,1
"785",785,2,23,0,5,4,3,2,5,3,7,2,4,4,1,3,3,4,5,1,4,5,1,5,1,5,4,5,4,3.6,1
"787",787,2,25,0,5,3,5,4,5,3,5,4,5,3,5,1,5,5,5,5,5,3,1,4,2,4,5,4,4,4,1
"788",788,2,22,0,5,4,4,3,2,5,3,5,4,3,2,4,5,4,5,4,4,4,5,1,1,5,5,4,5,3.84,1
"789",789,2,23,0,5,4,3,5,3,5,3,3,3,5,5,4,4,5,5,4,4,4,3,3,5,5,4,1,5,4,1
"793",793,3,24,1,5,3,2,4,2,1,1,3,4,5,4,3,2,1,2,3,4,5,4,3,2,1,2,3,4,2.92,1
"794",794,3,25,1,4,5,3,1,2,4,1,5,4,3,2,1,2,3,4,5,4,3,2,1,2,3,4,5,4,3.08,1
"796",796,3,24,0,5,3,1,4,5,3,5,3,5,4,5,3,5,4,5,4,5,4,3,1,2,1,2,5,5,3.68,1
"797",797,3,22,1,3,5,4,3,5,3,5,4,1,4,3,5,1,5,4,4,5,5,4,1,4,5,5,4,5,3.88,1
"798",798,3,23,1,3,3,3,3,3,1,4,4,5,3,3,3,3,2,1,4,4,5,4,2,3,5,1,5,5,3.28,1
"799",799,3,21,1,5,3,4,5,4,1,2,3,5,3,5,5,3,5,4,5,4,4,4,5,5,4,5,4,5,4.08,1
"800",800,3,21,1,3,4,5,3,5,3,1,4,5,4,5,3,5,3,1,1,1,1,3,3,3,3,1,5,4,3.16,1
"801",801,3,22,1,5,4,3,4,5,3,5,2,4,5,1,4,2,1,2,4,5,3,1,5,2,3,1,2,1,3.08,1
"802",802,3,23,1,5,1,3,1,4,1,3,2,4,2,1,3,3,1,4,5,4,5,3,4,4,1,3,5,4,3.04,1
"803",803,3,23,1,4,2,5,1,3,5,1,2,4,1,5,1,3,5,2,4,1,5,2,4,2,3,1,5,2,2.92,1
"804",804,3,24,0,3,5,2,4,3,1,4,2,4,2,5,2,4,2,5,4,1,3,5,1,3,2,4,2,5,3.12,1
"805",805,3,24,0,2,4,1,5,2,4,1,3,5,2,3,1,4,2,5,1,4,2,3,1,4,2,5,1,3,2.8,1
"808",808,4,23,0,4,2,4,1,3,2,3,4,2,4,4,2,5,4,5,3,5,1,5,5,5,5,5,1,4,3.52,1
"811",811,4,22,0,4,2,5,2,4,4,5,3,1,4,3,5,3,5,3,4,1,2,3,3,4,5,4,2,1,3.28,1
"812",812,4,23,0,5,3,4,2,3,4,5,5,3,2,1,3,5,3,1,1,1,3,1,5,5,1,4,4,4,3.12,1
"813",813,4,24,0,5,3,5,4,3,5,4,3,4,3,5,4,4,4,5,3,1,3,3,3,3,3,3,3,3,3.56,1
"814",814,4,25,1,5,3,1,5,4,4,3,5,4,1,4,4,4,4,5,5,2,2,1,2,3,1,1,5,4,3.28,1
"815",815,4,23,1,5,3,4,2,4,1,3,5,4,3,2,1,5,5,5,4,5,5,1,1,2,2,3,5,5,3.4,1
"816",816,4,24,1,4,5,3,5,3,5,2,3,5,3,5,2,5,2,5,5,4,4,3,1,4,4,5,5,5,3.88,1
"817",817,4,23,1,5,3,5,3,5,2,5,5,4,5,3,5,4,4,2,1,2,1,5,4,3,5,5,4,5,3.8,1
"818",818,4,24,1,5,4,5,5,4,5,1,5,3,1,4,2,5,5,5,4,4,5,3,2,5,4,1,5,4,3.84,1
"819",819,4,22,1,4,5,4,5,2,5,3,4,5,2,5,3,5,3,5,4,2,5,1,5,3,5,5,4,5,3.96,1
"820",820,4,23,0,4,5,3,1,5,3,5,4,3,5,3,5,1,4,4,2,4,3,1,5,3,2,4,3,5,3.48,1
"821",821,4,24,0,3,3,5,5,3,3,1,5,5,3,4,4,3,3,5,3,4,2,3,5,4,5,2,1,3,3.48,1
"822",822,4,23,0,5,3,1,5,5,4,2,5,4,4,4,5,3,5,4,5,4,5,3,4,2,3,4,3,5,3.88,1
"823",823,4,24,0,5,3,4,5,5,1,5,5,4,3,2,5,1,3,4,3,5,3,2,4,2,5,4,5,5,3.72,1
"824",824,4,24,0,3,4,3,5,5,2,1,5,5,5,4,5,5,4,2,4,4,2,5,4,2,4,5,5,3,3.84,1
"825",825,4,24,0,5,5,3,2,1,5,4,5,5,5,2,2,5,4,5,4,5,1,4,4,2,4,3,3,1,3.56,1
"826",826,4,23,0,5,5,3,2,5,4,4,5,3,5,4,3,4,4,2,3,4,1,5,4,4,1,5,4,5,3.76,1
"827",827,4,24,0,5,2,3,4,5,5,4,1,2,4,5,3,5,5,4,4,3,4,2,3,5,1,5,2,3,3.56,1
"828",828,2,19,1,1,1,5,5,3,1,3,4,3,4,2,2,2,1,3,4,2,2,2,2,2,4,3,5,4,2.8,1
"829",829,3,23,1,5,1,1,3,5,4,4,3,2,4,4,1,1,3,3,1,1,1,2,3,4,4,4,4,4,2.88,1
"832",832,1,21,0,5,5,5,5,5,3,5,5,5,5,5,5,4,3,4,4,3,4,5,3,5,5,2,5,5,4.4,1
"836",836,3,21,0,3,1,1,5,5,5,5,5,4,5,3,5,4,2,3,4,3,4,4,4,3,3,2,5,5,3.72,1
"837",837,3,23,1,5,3,1,2,4,2,1,5,5,1,1,5,3,4,1,5,2,3,5,3,3,1,1,3,4,2.92,1
"838",838,3,22,0,1,1,3,3,4,1,5,3,4,4,4,2,2,2,3,3,1,4,1,3,4,5,3,3,4,2.92,1
"842",842,1,21,0,5,5,3,2,1,5,4,5,5,5,2,2,2,1,1,5,5,3,2,4,5,5,4,4,4,3.56,1
"843",843,1,19,1,5,5,3,2,5,4,4,5,3,5,4,3,4,1,4,4,5,5,5,3,2,3,2,1,1,3.52,1
"844",844,1,23,0,5,2,3,4,5,5,4,1,2,4,5,3,1,5,5,5,4,5,3,3,5,4,4,5,5,3.88,1
"845",845,1,19,0,3,3,4,5,3,5,3,1,4,5,4,5,3,5,3,5,1,1,2,4,5,4,4,5,5,3.68,1
"846",846,1,23,0,5,4,3,2,5,3,7,2,4,4,1,3,3,3,3,2,5,3,4,4,2,1,4,2,1,3.2,1
"848",848,1,23,0,5,3,5,4,5,3,5,4,5,3,5,1,5,3,5,3,5,2,3,4,2,1,4,2,3,3.6,1
"849",849,1,21,0,5,4,4,3,2,5,3,5,4,3,2,4,5,4,3,4,5,4,2,3,5,4,5,2,5,3.8,1
"850",850,1,19,1,5,4,3,5,3,5,3,3,3,5,5,4,4,2,3,5,3,3,5,1,4,5,3,4,3,3.72,1
"851",851,1,21,1,5,3,1,4,5,3,5,3,5,4,5,3,5,4,4,3,4,5,3,5,3,5,2,5,3,3.88,1
"852",852,1,21,1,3,5,4,3,5,3,5,4,1,4,3,5,1,4,5,3,5,5,3,4,1,5,3,5,3,3.68,1
"853",853,1,22,1,3,3,3,3,3,1,4,4,5,3,3,3,3,3,5,4,4,3,5,3,5,3,5,3,1,3.4,1
"854",854,1,21,1,5,3,4,5,4,1,2,3,5,3,5,5,3,1,3,5,3,5,3,5,3,5,3,1,4,3.56,1
"855",855,1,23,1,3,4,5,3,5,3,1,4,5,4,5,3,5,3,5,1,1,2,4,5,4,4,5,5,4,3.72,1
"856",856,1,23,1,5,4,3,4,5,3,5,2,4,5,1,4,2,5,5,3,3,2,1,2,1,4,4,5,5,3.48,1
"857",857,1,19,1,5,1,3,1,4,1,3,2,4,2,1,3,3,5,3,4,1,2,3,3,4,5,4,2,1,2.8,1
"858",858,1,19,1,3,4,4,5,5,3,1,5,4,5,3,2,5,3,1,1,1,3,1,5,5,1,4,4,4,3.28,1
"859",859,1,23,1,3,5,3,5,3,2,4,5,4,3,4,5,4,4,5,3,1,3,3,3,3,3,3,3,3,3.48,1
"860",860,1,19,0,1,1,5,5,3,5,5,4,5,4,5,4,4,4,5,5,2,2,1,2,3,1,1,5,4,3.44,1
"861",861,1,19,1,5,5,2,1,3,4,5,4,5,4,3,4,5,5,5,4,5,5,1,1,2,2,3,5,5,3.72,1
"862",862,1,19,1,3,4,4,5,4,5,5,5,4,3,4,2,5,2,5,5,4,4,3,1,4,4,5,5,5,4,1
"863",863,1,19,1,5,4,5,3,2,3,5,5,5,3,4,4,4,4,2,1,2,1,5,4,3,5,5,4,5,3.72,1
"864",864,1,23,0,5,4,5,3,5,4,5,5,1,1,3,2,5,5,5,4,4,5,3,2,5,4,1,5,4,3.8,1
"865",865,1,21,0,5,3,5,2,5,1,4,5,5,4,4,3,5,3,5,4,2,5,1,5,3,5,5,4,5,3.92,1
"866",866,1,23,0,5,2,3,4,5,5,4,1,2,4,5,3,1,4,4,2,4,3,1,5,3,2,4,3,5,3.36,1
"867",867,1,22,0,3,3,4,5,3,5,3,1,4,5,4,5,3,3,5,3,4,2,3,5,4,5,2,1,3,3.52,1
"868",868,1,21,0,5,4,3,2,5,3,7,2,4,4,1,3,3,5,4,5,4,5,3,4,2,3,4,3,5,3.72,1
"870",870,1,23,1,5,3,5,4,5,3,5,4,5,3,5,1,5,4,2,4,4,2,5,4,2,4,5,5,3,3.88,1
"871",871,1,23,1,5,4,4,3,2,5,3,5,4,3,2,4,5,4,5,4,5,1,4,4,2,4,3,3,1,3.56,1
"872",872,1,24,1,5,4,3,5,3,5,3,3,3,5,5,4,4,4,2,3,4,1,5,4,4,1,5,4,5,3.76,1
"873",873,1,25,1,5,3,1,4,5,3,5,3,5,4,5,3,5,5,4,4,3,4,2,3,5,1,5,2,3,3.68,1
"874",874,1,21,1,3,5,4,3,5,3,5,4,1,4,3,5,1,1,4,5,3,5,3,5,2,5,1,1,5,3.44,1
"875",875,1,23,1,3,3,3,3,3,1,4,4,5,3,3,3,3,3,3,5,4,4,5,5,3,5,2,4,3,3.48,1
"876",876,1,22,0,5,3,4,5,4,1,2,3,5,3,5,5,3,3,1,3,5,3,5,4,4,4,3,2,3,3.52,1
"877",877,1,24,1,5,3,5,3,5,3,1,4,3,3,2,4,4,5,3,5,1,1,3,5,3,3,4,5,2,3.4,1
"878",878,1,22,0,5,4,5,1,5,3,5,5,2,5,3,5,4,3,5,3,4,1,5,3,4,2,5,4,1,3.68,1
"879",879,1,23,1,5,4,4,1,4,4,3,4,3,4,5,3,3,2,4,3,4,3,1,2,4,4,3,5,5,3.48,1
"880",880,1,19,1,5,4,4,3,4,4,3,4,3,4,5,3,3,2,4,3,4,3,3,2,4,4,3,5,4,3.6,1
"882",882,1,19,1,5,5,1,4,2,4,3,4,3,4,3,3,1,3,2,3,3,3,4,4,4,3,4,4,5,3.36,1
"883",883,1,23,1,5,2,1,5,4,5,3,5,4,5,5,2,1,1,4,4,1,4,1,4,2,1,4,5,4,3.28,1
"884",884,1,19,1,5,4,5,5,4,5,3,5,4,5,5,2,1,3,4,1,4,1,4,2,2,1,4,5,4,3.52,1
"885",885,1,23,1,5,4,1,4,2,4,3,4,3,4,3,3,1,3,2,3,3,3,4,4,4,3,4,4,5,3.32,1
"886",886,2,21,1,5,4,3,5,3,5,3,3,3,5,5,4,5,3,1,1,1,3,1,5,5,1,4,4,4,3.44,1
"887",887,2,23,1,5,3,1,4,5,3,5,3,5,4,5,3,4,4,5,3,1,4,5,3,5,2,5,5,5,3.88,1
"888",888,2,23,1,3,5,4,3,5,3,5,4,1,4,3,5,4,4,5,5,2,2,1,2,3,1,1,5,4,3.36,1
"889",889,2,21,1,3,3,3,3,3,1,4,4,5,3,3,3,5,5,5,4,5,5,1,1,2,2,3,5,5,3.44,1
"890",890,2,23,1,5,3,4,5,4,1,2,3,5,3,5,5,5,2,5,5,4,4,3,1,4,4,5,5,5,3.88,1
"891",891,2,22,1,3,4,5,3,5,3,1,4,5,4,5,3,4,4,2,1,2,1,5,4,3,5,5,4,5,3.6,1
"892",892,2,23,0,5,4,3,4,5,3,5,2,4,5,1,4,5,5,5,4,4,5,3,2,5,4,1,5,4,3.88,1
"893",893,2,21,0,5,1,3,1,4,1,3,2,4,2,1,3,5,3,5,4,2,5,1,5,3,5,5,4,5,3.28,1
"894",894,2,23,0,4,0,3,2,4,3,5,4,1,5,3,5,1,4,4,2,4,3,1,5,3,2,4,3,5,3.2,1
"895",895,2,19,1,4,5,3,1,4,5,1,3,5,3,5,4,5,3,5,2,5,3,5,1,1,4,5,2,4,3.52,1
"896",896,2,19,1,4,5,3,4,2,5,1,5,3,5,4,5,1,5,4,2,3,1,4,1,5,3,4,5,1,3.4,1
"897",897,2,23,1,5,4,3,5,5,4,5,5,4,1,5,2,3,5,2,3,1,1,5,4,4,5,3,4,4,3.68,1
"899",899,2,23,0,5,4,3,2,5,5,4,5,1,1,2,2,5,4,5,1,4,5,1,5,1,5,4,4,1,3.36,1
"901",901,2,22,0,2,4,2,4,5,5,5,5,3,2,4,5,4,5,5,5,5,3,1,4,2,4,5,5,1,3.8,1
"902",902,2,23,0,5,2,5,3,5,4,5,1,2,2,1,5,5,4,5,4,4,4,5,1,1,5,5,4,4,3.64,1
"903",903,2,19,0,5,5,4,3,5,4,5,5,5,2,3,2,1,5,5,4,4,4,3,3,5,5,4,5,4,4,1
"904",904,2,24,0,3,3,5,5,4,5,1,3,5,3,2,4,5,4,5,4,5,4,3,1,2,1,2,5,5,3.56,1
"905",905,2,21,1,5,5,3,5,1,5,2,4,2,4,2,4,5,5,4,4,5,5,4,1,4,5,5,4,5,3.92,1
"906",906,2,19,1,5,4,5,3,5,4,3,5,4,5,4,3,1,3,2,1,2,3,2,1,3,2,4,3,1,3.12,1
"907",907,2,19,1,5,4,5,4,3,4,1,5,4,3,4,3,4,3,4,2,1,4,3,5,4,2,3,3,5,3.52,1
"908",908,2,23,1,5,4,5,4,5,4,3,5,5,4,5,3,2,1,3,4,3,2,1,3,2,3,4,5,1,3.44,1
"909",909,2,23,0,5,4,5,4,5,4,1,5,4,5,4,5,4,4,3,2,1,3,2,1,3,4,3,2,5,3.52,1
"910",910,2,19,0,5,5,4,3,2,1,4,5,4,5,4,5,4,3,2,4,3,4,3,4,5,3,4,3,5,3.76,1
