"","Year","Age","Gender","X1","X2","X3","X4","X5","X6","X7","X8","X9","X10","X11","X12","X13","X14","X15","X16","X17","X18","X19","X20","X21","X22","X23","X24","X25","Level","y"
"1",3,22,"0",4,3,1,5,3,5,5,3,4,1,5,4,2,3,3,4,1,4,1,3,5,3,5,2,4,3.32,2
"2",3,22,"1",5,3,3,3,3,3,5,4,4,5,5,4,3,4,4,4,3,3,4,4,3,3,4,4,4,3.76,2
"3",3,22,"0",1,1,1,2,5,2,4,4,4,3,2,5,5,5,5,2,1,3,1,1,5,5,1,3,3,2.96,1
"4",3,23,"0",1,5,2,1,2,4,5,3,3,5,3,2,3,3,3,2,3,2,3,4,4,2,2,3,5,3,1
"5",3,23,"1",1,2,1,1,2,5,3,5,4,5,1,1,1,1,1,3,2,1,1,1,2,5,2,3,5,2.36,1
"6",3,23,"1",4,4,3,5,4,3,4,3,2,3,4,3,5,5,5,4,4,3,5,4,3,3,4,4,5,3.84,2
"7",3,23,"1",5,2,3,4,4,3,3,3,2,4,2,3,4,5,4,3,4,3,5,5,4,4,5,2,2,3.52,2
"8",3,23,"1",1,1,1,1,2,1,1,2,1,1,1,3,1,1,3,1,1,1,2,2,2,1,2,2,1,1.44,1
"9",1,19,"1",5,4,5,3,2,3,5,5,5,3,4,4,1,1,4,5,3,5,3,5,2,5,1,1,5,3.56,2
"10",1,19,"0",2,1,3,1,3,1,3,1,2,1,2,3,1,3,1,3,1,3,1,3,4,2,2,1,4,2.08,1
"11",1,21,"1",2,1,3,4,1,5,2,1,3,1,3,1,2,1,4,1,3,1,4,1,3,4,2,1,4,2.32,1
"12",1,23,"0",4,1,3,1,3,1,4,2,1,3,1,3,1,2,1,3,1,2,4,2,1,2,4,5,3,2.32,1
"13",1,23,"0",5,4,5,3,5,4,5,5,1,1,3,2,3,3,3,5,4,4,5,5,3,5,2,4,3,3.68,2
"14",2,21,"1",5,3,5,2,5,1,4,5,5,4,4,3,3,3,1,3,5,3,5,4,4,4,3,2,3,3.56,2
"15",2,22,"1",5,2,3,4,5,5,4,1,2,4,5,3,4,5,3,5,1,1,3,5,3,3,4,5,2,3.48,2
"16",4,23,"0",1,2,2,4,5,1,5,4,4,2,3,4,1,1,1,3,1,1,4,4,3,2,2,3,4,2.68,1
"17",4,22,"0",4,4,4,4,4,4,4,4,3,4,5,5,1,3,4,2,1,4,2,2,1,2,4,4,4,3.32,2
"18",3,21,"0",1,1,5,4,5,3,4,3,3,3,3,2,1,4,1,1,1,1,1,1,4,4,1,4,4,2.6,1
"19",2,19,"1",5,4,1,4,3,1,3,5,5,4,1,2,1,5,1,2,1,1,3,3,4,4,5,3,4,3,2
"20",3,22,"1",4,3,2,3,3,3,4,3,3,4,3,1,3,5,2,3,2,2,5,3,3,3,3,4,1,3,1
"21",3,21,"0",3,3,1,1,3,3,3,5,5,3,4,3,1,3,5,4,1,1,3,2,4,4,5,4,4,3.12,2
"22",4,23,"1",2,5,1,4,5,1,5,4,2,3,4,3,2,4,2,2,2,2,5,3,4,3,3,5,3,3.16,1
"23",1,22,"1",5,5,4,3,3,3,3,4,3,3,5,3,4,5,3,5,3,5,5,5,4,4,3,4,5,3.96,2
"24",1,19,"1",5,3,3,2,1,3,5,5,3,2,3,4,1,5,3,4,2,5,3,5,2,1,4,5,3,3.28,2
"25",1,19,"0",5,4,3,4,1,5,4,5,3,2,4,1,5,4,2,5,3,1,5,4,2,5,3,1,5,3.44,2
"26",1,23,"1",5,4,3,5,4,2,4,5,4,3,2,4,5,3,5,4,2,5,3,5,3,5,3,5,1,3.76,2
"27",1,23,"0",5,4,5,1,5,4,2,5,3,3,2,5,3,2,4,3,1,4,5,3,1,5,2,3,5,3.4,2
"28",1,23,"1",5,5,3,4,3,4,2,5,3,5,5,2,5,5,5,3,4,3,4,2,4,2,2,2,5,3.68,2
"29",1,23,"1",5,5,3,5,3,5,1,5,1,5,5,3,3,3,5,3,5,3,2,5,2,4,3,4,1,3.56,2
"30",1,23,"0",5,5,4,3,4,3,4,5,4,3,4,4,5,5,4,3,4,5,3,5,2,3,3,4,1,3.8,2
"31",1,23,"0",5,4,4,1,3,2,3,5,4,3,4,4,2,2,4,3,4,3,3,3,4,3,4,3,3,3.32,2
"32",1,23,"0",5,5,2,4,2,4,2,5,4,4,3,4,3,4,3,4,3,2,4,3,4,4,4,4,3,3.56,2
"33",1,23,"0",5,2,3,1,3,1,2,3,2,2,3,2,3,2,4,2,3,1,2,3,1,3,2,3,1,2.36,1
"34",1,22,"0",5,2,3,4,2,3,1,4,3,4,2,2,4,2,4,2,4,2,2,4,2,3,2,3,1,2.8,1
"35",1,23,"1",3,2,2,3,4,4,1,2,4,4,4,4,4,2,2,1,1,1,2,2,2,2,4,4,2,2.64,1
"36",1,22,"1",3,1,1,2,4,4,2,1,1,2,2,4,4,4,2,1,1,2,2,2,4,4,4,1,2,2.4,1
"37",1,22,"1",3,2,2,3,4,4,2,1,1,2,2,2,4,4,4,4,4,2,2,1,4,4,1,5,5,2.88,1
"38",1,21,"0",3,2,1,1,4,4,2,1,1,1,2,2,2,1,1,2,2,1,1,2,2,1,2,1,2,1.76,1
"39",1,21,"1",3,1,1,4,4,4,4,2,1,1,2,4,2,2,1,1,2,4,2,2,2,1,1,1,4,2.24,1
"40",1,19,"0",2,1,2,4,4,4,5,1,1,2,2,4,2,2,2,2,1,1,4,4,4,2,1,1,1,2.36,1
"41",1,23,"1",4,2,1,1,2,3,3,1,2,2,4,2,1,1,2,2,1,1,1,2,2,4,4,2,2,2.08,1
"42",1,23,"0",3,2,3,3,1,2,2,4,1,1,2,2,1,2,2,3,4,4,4,5,5,2,1,5,5,2.76,1
"43",1,23,"1",3,2,1,2,4,4,5,5,5,5,2,2,1,4,1,2,2,3,2,2,1,2,3,3,2,2.72,1
"44",1,23,"1",3,2,1,3,5,4,2,2,2,1,1,2,2,4,2,2,2,4,1,1,2,1,2,4,5,2.4,1
"45",1,23,"1",2,1,2,2,4,4,1,1,1,2,2,2,2,1,4,1,2,2,1,1,2,4,4,2,4,2.16,1
"46",1,23,"1",2,1,1,2,4,4,2,5,5,5,3,2,1,3,3,3,2,2,2,2,4,4,1,4,2,2.76,1
"47",1,23,"1",2,4,2,1,1,2,4,4,5,5,5,5,2,2,1,1,1,2,4,4,2,4,2,4,1,2.8,1
"48",2,21,"1",3,1,1,2,4,2,2,4,2,1,1,2,4,4,2,1,1,1,2,4,1,2,2,4,2,2.2,1
"49",2,22,"0",3,2,4,5,5,1,1,2,2,1,1,2,4,4,2,2,2,4,4,2,1,4,2,2,1,2.52,1
"50",2,22,"1",3,2,5,5,1,1,1,2,2,4,4,5,1,1,2,2,2,2,1,5,5,1,1,2,2,2.48,1
"51",2,22,"0",2,1,1,3,4,4,1,1,2,2,2,1,1,4,4,2,2,4,2,2,1,1,2,1,1,2.04,1
"52",2,22,"1",1,2,2,2,1,4,1,1,3,3,4,2,2,1,1,1,3,2,4,4,1,1,2,2,1,2.04,1
"53",2,21,"0",3,1,1,2,3,3,5,2,5,2,2,5,1,1,3,5,5,5,5,1,1,2,5,4,3,3,1
"54",2,23,"0",3,1,1,2,4,1,1,2,4,1,1,1,2,2,4,1,1,2,4,1,2,2,1,1,2,1.88,1
"55",2,22,"1",1,3,3,4,1,1,2,2,2,3,4,4,4,1,1,2,2,1,1,1,4,4,5,1,2,2.36,1
"56",2,22,"0",2,4,4,2,1,1,4,4,2,2,4,2,5,2,1,1,1,2,2,4,4,1,1,1,2,2.36,1
"57",2,23,"1",2,2,4,1,1,2,2,1,1,1,2,2,4,1,4,4,2,1,1,4,4,4,1,1,1,2.12,1
"58",3,23,"0",5,4,5,3,1,5,2,1,4,5,3,1,5,3,5,3,5,1,5,1,5,3,4,1,5,3.4,2
"59",3,22,"0",5,3,5,3,1,4,1,5,3,1,5,4,2,1,4,2,5,3,4,5,4,2,1,4,2,3.16,2
"60",3,23,"1",5,2,4,2,5,3,1,5,4,2,1,3,4,3,1,5,3,1,5,4,3,2,4,2,1,3,1
"61",3,22,"1",5,3,5,2,5,2,4,5,5,3,2,4,3,1,4,2,5,3,4,2,3,1,4,1,3,3.24,2
"62",3,24,"1",1,3,4,1,3,2,4,1,3,2,1,3,5,1,4,3,4,3,4,3,4,3,1,3,4,2.8,1
"63",3,23,"0",4,3,2,4,2,4,2,5,4,3,3,1,2,3,3,2,3,2,4,2,4,2,4,2,3,2.92,1
"64",3,23,"1",4,3,4,5,3,4,5,2,4,2,4,4,1,2,4,5,2,2,2,4,4,4,1,3,2,3.2,2
"65",3,22,"1",2,3,4,5,2,3,4,4,2,4,2,5,4,2,4,4,1,2,4,3,3,5,4,2,3,3.24,2
"66",3,24,"0",1,4,1,2,4,2,1,2,4,4,1,2,3,1,2,4,3,4,5,5,3,3,2,4,4,2.84,1
"67",3,23,"0",1,2,3,2,1,2,4,1,2,1,2,4,4,1,5,1,5,5,5,2,1,4,1,2,3,2.56,1
"68",3,23,"1",4,5,3,4,3,5,4,3,1,3,1,2,1,3,1,3,1,3,1,2,3,4,1,1,1,2.52,1
"69",3,22,"0",1,2,2,4,1,1,2,4,4,5,5,1,1,5,2,5,5,2,2,5,1,2,4,5,2,2.92,1
"70",3,22,"1",1,2,1,3,1,3,1,4,4,5,1,1,2,3,5,2,2,3,1,2,1,4,4,2,4,2.48,1
"71",3,24,"1",3,1,1,4,1,4,5,5,1,2,3,4,6,8,3,4,4,6,7,2,4,5,6,1,2,3.68,2
"72",3,24,"0",3,1,1,1,2,3,3,3,3,4,4,4,2,3,1,1,2,3,3,3,1,1,1,2,2,2.28,1
"73",3,24,"1",3,1,2,2,2,1,1,3,4,4,1,1,2,2,1,2,2,2,1,3,4,4,1,2,2,2.12,1
"74",4,23,"1",4,2,3,4,3,4,3,3,3,3,4,5,5,1,3,2,1,1,2,3,2,4,3,1,1,2.8,1
"75",4,23,"0",4,2,4,4,4,4,2,2,2,4,3,2,1,2,3,5,4,4,3,3,2,2,3,4,5,3.12,1
"76",4,24,"1",5,3,2,4,2,3,2,5,3,4,2,4,2,4,2,4,2,3,2,1,5,3,4,2,2,3,1
"77",4,24,"1",5,1,5,1,3,1,3,5,2,1,3,2,2,4,3,1,3,4,3,2,3,2,3,1,2,2.6,1
"78",4,23,"1",5,3,5,4,5,2,3,3,4,2,5,3,1,2,3,4,5,4,3,1,2,3,2,1,2,3.08,1
"79",4,23,"1",5,4,5,4,1,2,4,3,5,3,4,5,2,1,3,1,2,1,3,4,3,4,3,4,5,3.24,2
"80",4,23,"1",5,3,4,5,4,1,1,5,4,5,3,3,2,1,3,5,4,3,5,4,2,4,3,5,5,3.56,2
"81",4,25,"0",5,5,4,5,2,2,1,5,5,4,5,1,2,3,2,1,3,5,5,4,5,3,2,1,5,3.4,2
"82",4,24,"1",5,5,4,1,1,1,3,5,4,3,2,4,3,5,4,5,3,4,3,1,2,1,3,4,5,3.24,2
"83",4,24,"0",5,4,5,4,5,3,1,5,1,2,2,3,3,4,3,5,4,5,1,1,2,3,4,3,5,3.32,2
"84",4,23,"0",4,2,4,3,4,3,4,5,2,4,3,4,1,3,5,1,3,4,2,3,1,4,2,4,3,3.12,1
"85",4,24,"1",3,4,2,5,2,3,4,4,2,1,5,3,1,4,2,3,4,2,1,3,2,4,2,5,2,2.92,1
"86",4,23,"1",5,3,4,2,5,3,2,4,2,5,3,1,3,4,2,3,4,2,4,2,5,4,2,3,5,3.28,2
"87",4,23,"0",5,2,3,4,2,5,3,4,2,4,1,5,3,4,2,3,4,2,4,3,1,5,1,4,2,3.12,2
"88",4,24,"1",5,3,4,2,3,2,4,5,3,3,3,4,2,5,2,4,2,5,3,3,3,3,3,4,1,3.24,2
"89",4,25,"1",1,1,1,1,3,1,1,5,4,2,1,1,2,1,3,1,1,1,2,2,1,2,1,3,3,1.8,1
"90",3,21,"0",5,1,1,2,1,1,4,5,5,5,2,4,2,4,2,5,2,4,2,3,4,5,2,4,5,3.2,2
"91",3,24,"0",3,1,1,2,4,4,5,4,4,3,2,3,4,2,3,2,1,4,5,1,3,2,1,2,5,2.84,1
"92",4,25,"1",1,1,1,1,4,4,3,1,3,4,3,1,1,1,1,2,1,2,3,1,2,3,3,3,3,2.12,1
"93",4,24,"1",4,3,1,1,5,2,3,3,2,3,2,3,1,2,1,3,1,1,2,2,2,3,1,1,2,2.16,1
"94",4,22,"0",3,1,4,5,5,5,5,4,4,5,5,2,2,2,3,2,2,2,2,2,3,5,4,4,4,3.4,2
"95",2,23,"1",5,5,1,5,5,1,5,5,3,3,5,3,1,1,3,5,5,5,3,2,3,5,5,5,5,3.76,2
"96",4,23,"1",1,3,2,3,4,4,3,4,3,3,5,1,2,2,3,3,3,3,4,5,2,4,2,4,3,3.04,1
"97",4,23,"1",3,3,3,2,4,1,4,4,2,2,4,2,2,3,2,2,2,2,2,2,2,5,3,3,3,2.68,1
"98",1,23,"0",3,3,3,3,3,3,3,4,4,4,4,3,3,3,3,3,2,2,3,4,3,3,3,3,3,3.12,2
"99",1,19,"1",3,1,3,3,5,3,5,4,3,2,4,2,2,3,3,3,2,1,5,3,4,4,2,3,4,3.08,2
"100",3,24,"1",5,1,1,5,5,5,4,3,3,4,4,4,4,4,4,4,3,1,1,3,1,5,4,3,4,3.4,2
"101",2,23,"0",1,3,2,2,4,1,5,4,3,2,4,2,1,4,3,4,2,1,3,3,3,4,5,2,4,2.88,1
"102",1,19,"1",1,4,4,3,5,1,5,4,1,3,5,2,1,2,2,3,1,1,2,1,3,3,4,2,4,2.68,1
"103",2,23,"0",1,1,1,1,5,3,3,3,2,3,5,1,2,4,4,2,2,2,3,1,4,3,4,3,4,2.68,1
"104",1,19,"1",1,3,3,1,4,2,5,5,2,5,5,2,2,3,3,3,2,1,4,1,2,3,4,3,4,2.92,1
"105",4,24,"1",4,5,1,4,5,4,5,5,4,4,4,3,4,5,3,5,2,5,5,4,4,4,3,4,4,4,2
"106",3,19,"1",3,1,3,2,4,1,3,4,2,3,4,2,1,3,2,4,2,1,3,1,3,3,4,2,3,2.56,1
"107",4,24,"1",1,2,1,3,5,1,3,5,4,4,5,3,2,3,2,2,2,1,3,4,2,4,3,2,3,2.8,1
"108",4,23,"1",1,1,4,3,3,1,2,4,3,2,2,2,1,4,2,4,2,2,2,5,3,3,3,2,4,2.6,1
"109",4,24,"1",1,3,3,2,4,1,4,4,3,4,4,3,2,3,3,4,3,2,3,3,4,3,4,1,3,2.96,1
"110",4,25,"1",3,4,2,4,5,4,5,3,4,3,5,4,1,4,3,3,4,2,4,1,4,4,3,4,2,3.4,2
"111",1,19,"0",1,1,4,4,4,3,4,5,4,4,5,2,2,3,5,4,2,1,1,3,3,3,4,2,5,3.16,2
"112",2,23,"1",1,1,1,4,4,3,3,3,4,4,5,5,4,3,4,4,3,2,3,2,3,4,5,5,5,3.4,2
"113",2,23,"1",4,3,1,3,4,2,4,3,2,3,5,2,3,3,4,3,2,4,3,3,4,1,2,5,4,3.08,1
"114",2,21,"0",3,4,1,4,4,1,3,3,4,3,3,4,1,2,4,4,4,2,3,2,2,3,5,4,3,3.04,2
"115",4,23,"0",4,3,2,3,3,1,3,2,2,2,2,2,3,4,4,4,2,2,5,3,4,4,3,2,4,2.92,1
"116",3,22,"1",1,1,3,1,4,3,1,3,3,4,4,3,2,4,3,4,2,1,3,1,3,2,4,3,4,2.68,1
"117",4,24,"1",1,4,1,2,5,1,5,4,5,5,5,3,3,2,5,4,3,1,1,1,3,4,3,3,5,3.16,1
"118",3,22,"1",3,1,1,5,4,1,3,5,1,5,4,4,2,4,3,3,3,2,2,4,3,4,3,3,4,3.08,1
"119",1,19,"1",1,1,3,3,5,1,4,3,3,5,5,4,2,3,4,4,2,2,2,3,3,3,3,4,5,3.12,2
"120",3,22,"0",1,4,2,4,4,1,3,4,4,2,4,4,1,2,5,4,4,1,1,1,2,3,3,2,4,2.8,1
"121",3,23,"1",4,4,2,1,3,1,4,3,3,3,4,2,2,3,3,4,2,3,2,4,2,4,3,3,4,2.92,1
"122",3,23,"1",1,1,3,1,4,3,4,3,4,2,5,3,2,4,4,4,2,2,3,2,3,4,3,2,4,2.92,1
"123",3,21,"1",3,2,1,4,5,1,5,3,4,5,5,4,2,3,4,3,4,2,3,2,3,5,3,4,5,3.4,2
"124",2,23,"0",2,3,3,1,4,1,3,3,2,1,5,4,2,4,4,3,2,1,4,4,2,2,4,1,5,2.8,1
"125",2,23,"0",1,3,1,1,4,1,4,3,3,3,5,3,3,3,5,5,3,1,1,1,3,3,3,3,5,2.84,1
"126",2,23,"1",1,3,4,4,3,1,3,4,2,2,3,2,2,4,3,3,2,2,3,3,3,3,4,3,4,2.84,1
"127",2,22,"1",1,1,1,1,1,3,2,5,2,1,2,1,1,3,1,1,3,1,1,3,2,2,3,1,5,1.92,1
"128",2,23,"0",5,3,5,4,5,3,5,4,5,3,5,1,5,3,5,3,5,3,4,4,1,4,3,5,2,3.8,2
"129",2,19,"0",5,4,4,3,2,5,3,5,4,3,2,4,5,4,3,4,5,5,3,4,2,5,4,3,2,3.72,2
"130",2,21,"1",5,4,3,5,3,5,3,3,3,5,5,4,4,2,3,5,3,5,3,5,4,5,5,3,1,3.84,2
"131",2,22,"1",5,3,1,4,5,3,5,3,5,4,5,3,5,4,4,3,4,2,3,5,1,5,2,3,5,3.68,2
"132",2,21,"0",3,5,4,3,5,3,5,4,1,4,3,5,1,4,5,3,5,3,5,2,5,1,1,3,5,3.52,2
"133",1,24,"1",5,3,5,3,5,2,5,5,4,5,3,5,3,5,3,5,1,5,3,5,3,5,2,5,3,3.92,2
"134",1,23,"1",5,4,5,5,4,5,1,5,3,1,4,2,4,5,4,5,1,5,3,4,1,5,3,5,3,3.68,2
"135",1,23,"0",4,5,4,5,2,5,3,4,5,2,5,3,5,3,5,3,5,3,5,3,5,3,5,3,1,3.84,2
"136",1,21,"1",4,5,3,1,5,3,5,4,3,5,3,5,2,5,3,5,3,5,3,5,3,5,3,1,4,3.72,2
"137",1,22,"0",3,3,5,5,3,3,1,5,5,3,4,4,3,3,3,2,2,2,4,5,4,4,5,5,4,3.6,2
"138",1,19,"1",5,3,1,5,5,4,2,5,4,4,4,5,5,5,3,3,1,2,1,2,1,4,4,5,5,3.52,2
"139",1,23,"0",5,3,4,5,5,1,5,5,4,3,2,5,1,4,3,2,4,2,3,3,4,5,4,2,1,3.4,2
"140",1,22,"1",3,4,3,5,5,2,1,5,5,5,4,5,5,5,3,3,2,3,1,5,5,1,4,4,4,3.68,2
"141",1,21,"1",3,3,3,3,3,1,4,4,5,3,3,3,3,3,5,4,4,5,5,3,5,2,4,2,1,3.36,2
"142",1,19,"0",5,3,4,5,4,1,2,3,5,3,5,5,3,1,3,5,3,5,4,4,4,3,2,3,1,3.44,2
"143",1,19,"1",3,4,5,3,5,3,1,4,5,4,5,3,5,3,5,1,1,3,5,3,3,4,5,3,1,3.48,2
"144",1,23,"1",5,4,3,4,5,3,5,2,4,5,1,4,2,5,5,3,3,4,1,3,5,2,1,4,1,3.36,2
"145",1,21,"1",5,1,3,1,4,1,3,2,4,2,1,3,3,5,3,4,1,3,3,2,3,4,5,5,2,2.92,1
"146",1,23,"1",3,4,4,5,5,3,1,5,4,5,3,2,5,3,1,1,1,1,3,4,5,3,3,3,4,3.24,2
"147",1,23,"0",3,5,3,5,3,2,4,5,4,3,4,5,4,4,5,3,1,5,3,1,1,3,1,5,3,3.4,2
"148",1,23,"1",3,4,3,2,4,5,3,5,5,5,3,3,3,4,5,3,5,3,3,5,5,3,1,4,3,3.68,2
"149",1,21,"1",5,3,4,5,4,3,5,3,5,3,3,5,2,3,3,5,3,3,5,3,5,3,5,3,5,3.84,2
"150",1,23,"1",5,3,3,3,4,4,4,5,1,1,1,3,3,5,3,4,2,3,4,3,5,5,5,2,1,3.28,2
"151",1,19,"1",5,4,3,5,1,4,5,5,1,4,3,4,1,5,3,5,2,4,2,2,2,5,5,5,3,3.52,2
"152",1,19,"0",5,4,4,3,5,3,2,3,3,4,3,2,2,2,4,2,2,2,3,3,1,4,3,4,4,3.08,2
"153",1,19,"1",5,3,4,3,3,5,3,4,4,3,2,3,4,3,2,2,2,3,3,2,3,2,3,2,3,3.04,2
"154",1,23,"1",3,4,3,1,3,4,5,2,4,4,2,2,4,2,5,3,4,2,3,3,3,2,3,2,3,3.04,1
"155",1,22,"1",3,4,3,4,3,2,1,4,3,2,4,4,4,5,2,3,3,1,3,3,3,2,3,2,3,2.96,1
"156",1,19,"0",4,3,3,3,2,3,2,5,4,3,4,4,4,3,3,3,3,4,4,5,2,4,3,4,2,3.36,2
"157",1,19,"1",4,2,4,1,4,2,3,5,4,2,1,4,4,5,2,4,5,2,4,1,4,2,4,2,4,3.16,2
"158",1,21,"1",4,5,2,4,1,4,2,4,1,5,4,4,5,4,4,5,2,3,1,4,1,4,1,4,1,3.16,2
"159",1,19,"1",3,2,4,2,4,2,4,4,2,5,3,1,3,2,4,3,1,4,4,4,1,5,3,1,4,3,2
"160",1,19,"0",3,1,4,2,4,1,3,5,2,3,1,5,2,4,1,5,3,2,4,3,5,2,4,4,3,3.04,2
"161",1,23,"1",4,2,5,3,4,5,2,4,4,2,4,3,1,5,3,2,4,3,4,4,5,4,5,4,5,3.64,2
"162",1,19,"1",5,3,4,4,1,3,4,3,5,3,4,2,3,5,4,5,2,5,3,2,3,5,3,2,4,3.48,2
"163",1,19,"1",5,4,3,3,2,1,4,5,4,5,4,5,3,4,2,3,4,2,1,5,3,4,5,2,1,3.36,2
"164",1,23,"1",5,3,5,4,3,5,2,3,4,3,5,3,2,4,2,5,4,1,5,4,5,5,1,4,2,3.56,2
"165",1,23,"0",4,2,4,1,3,2,3,4,2,4,4,2,5,4,2,4,5,2,4,3,1,4,4,3,2,3.12,2
"166",1,22,"1",4,5,4,3,5,1,4,4,5,4,5,1,4,4,2,4,3,4,2,5,2,3,1,5,4,3.52,2
"167",1,22,"1",3,2,4,1,3,4,1,4,2,3,4,1,5,4,4,1,5,4,4,1,5,2,3,1,4,3,1
"168",1,21,"0",4,2,5,2,4,4,5,3,1,4,3,5,3,1,5,2,3,3,5,5,4,3,2,2,1,3.24,2
"169",1,23,"1",5,3,4,2,3,4,5,5,3,2,1,3,4,2,1,2,3,5,1,4,2,1,4,2,1,2.88,1
"170",1,21,"0",5,3,5,4,3,5,4,3,4,3,5,4,4,3,2,3,5,4,2,1,5,4,4,2,1,3.52,2
"171",1,23,"1",5,3,1,5,4,4,3,5,4,1,4,4,1,5,3,1,5,2,3,4,2,1,4,2,3,3.16,2
"172",1,23,"1",5,3,4,2,4,1,3,5,4,3,2,1,3,4,3,2,1,4,2,3,5,4,5,2,5,3.2,2
"173",1,21,"0",4,5,3,5,3,5,2,3,5,3,5,2,5,3,5,3,5,3,5,1,4,5,3,4,3,3.76,2
"174",3,22,"1",2,5,5,3,5,5,5,4,5,5,5,3,1,5,2,4,2,4,5,3,5,5,3,5,4,4,2
"175",4,23,"1",1,4,1,1,4,1,4,5,4,4,5,3,1,5,4,5,3,1,5,3,4,5,4,4,5,3.44,2
"176",4,22,"1",2,2,3,3,1,3,1,3,4,5,3,3,1,5,5,5,5,1,3,3,1,5,5,4,4,3.2,2
"177",4,24,"1",2,2,2,3,4,4,3,2,3,3,4,3,2,3,5,3,2,2,3,2,2,3,3,4,4,2.92,1
"178",4,22,"1",5,1,1,1,5,1,4,4,2,1,1,1,1,1,3,5,3,2,1,2,2,2,3,4,5,2.44,1
"179",4,23,"1",3,5,2,1,5,3,4,4,3,2,1,2,2,5,3,4,1,5,4,3,3,4,4,1,4,3.12,1
"180",4,22,"1",1,2,5,3,5,4,5,2,4,5,1,1,1,2,2,3,2,1,2,2,4,4,5,4,4,2.96,1
"181",4,23,"0",5,5,5,5,5,5,5,4,4,3,2,3,1,3,3,3,2,2,2,2,2,3,3,3,3,3.32,2
"182",4,23,"1",1,1,1,1,1,1,4,3,3,2,2,1,1,1,1,1,1,1,1,1,1,1,1,5,4,1.64,1
"183",4,24,"1",5,1,5,5,5,2,5,5,2,5,2,5,5,5,5,4,1,1,5,5,1,5,5,5,5,3.96,2
"184",4,23,"1",5,5,5,4,2,1,4,4,4,3,3,3,2,2,3,3,2,2,2,2,2,2,3,3,4,3,1
"185",4,23,"1",1,3,5,5,2,1,4,5,3,3,5,4,1,3,5,5,5,1,4,3,1,5,5,1,5,3.4,2
"186",4,23,"0",5,3,5,1,5,1,1,5,1,2,5,1,1,5,2,4,2,5,1,3,5,1,5,1,3,2.92,1
"187",4,22,"1",5,5,5,1,5,2,1,4,4,2,2,2,2,4,2,2,2,2,3,2,2,2,2,2,3,2.72,1
"188",4,23,"1",1,3,1,1,3,5,4,3,4,3,4,2,1,2,3,4,2,1,1,3,5,5,2,1,5,2.76,1
"189",4,23,"1",1,1,2,4,1,1,4,4,4,3,2,3,1,3,4,4,4,3,2,3,4,4,4,3,4,2.92,1
"190",4,24,"1",1,2,1,3,3,5,3,4,3,5,5,3,1,3,3,4,3,2,1,2,1,5,1,2,5,2.84,1
"191",4,24,"1",3,4,2,5,2,5,5,2,1,4,4,5,1,2,4,5,2,1,2,3,2,2,1,5,4,3.04,1
"192",4,22,"0",5,4,4,4,2,4,4,3,4,5,2,2,1,4,4,2,2,2,4,4,3,2,4,2,4,3.24,2
"193",4,21,"0",5,5,4,3,5,4,4,3,4,4,5,2,1,2,4,5,2,4,5,2,1,3,2,4,5,3.52,2
"194",4,23,"1",5,4,1,3,4,1,2,3,3,4,3,2,3,4,3,2,1,1,2,3,3,3,2,4,3,2.76,1
"195",4,23,"1",1,1,1,2,4,1,5,1,2,3,3,2,1,2,1,1,1,2,1,2,2,2,3,1,2,1.88,1
"196",4,21,"1",2,5,5,5,4,5,5,5,5,5,5,4,4,5,4,5,1,1,5,5,4,4,1,3,1,3.92,2
"197",4,23,"1",5,5,3,4,5,2,3,4,3,2,3,4,1,3,3,4,3,2,1,3,2,1,3,4,3,3.04,1
"198",4,22,"0",3,4,1,1,4,5,1,4,4,4,2,2,2,4,4,2,2,2,2,2,2,4,4,4,2,2.84,1
"199",4,21,"0",1,1,3,1,5,1,5,5,3,2,4,2,1,5,1,4,1,1,5,2,2,4,2,3,5,2.76,1
"200",4,23,"0",1,1,1,2,5,3,5,4,3,4,5,2,1,3,4,4,1,1,4,2,3,3,2,4,5,2.92,1
"201",4,21,"0",5,5,5,1,5,1,2,2,4,1,1,2,1,3,3,2,1,1,2,3,1,1,1,1,3,2.28,1
"202",4,22,"1",5,5,5,1,5,1,2,2,4,1,1,2,1,3,3,2,1,1,2,3,1,1,1,1,3,2.28,1
"203",4,23,"1",1,3,5,3,4,1,5,4,4,4,5,5,1,5,5,2,5,5,1,4,1,4,3,5,5,3.6,2
"204",4,22,"0",5,5,5,1,5,1,2,2,4,1,1,2,1,3,3,2,1,1,2,3,1,1,1,1,3,2.28,1
"205",4,23,"0",1,1,1,1,5,1,4,1,1,4,1,1,1,1,1,2,1,1,2,4,2,2,2,4,4,1.96,1
"206",4,21,"0",1,1,5,2,1,2,2,5,3,2,1,3,2,2,2,2,2,2,2,3,1,1,1,5,4,2.28,1
"207",4,22,"1",5,1,1,1,1,5,1,4,4,4,2,2,2,2,4,2,2,2,2,3,2,2,2,2,2,2.4,1
"208",4,23,"1",1,1,1,5,2,1,2,5,3,5,1,4,4,5,1,1,3,1,1,5,5,5,1,4,1,2.72,1
"209",4,21,"1",1,1,5,2,1,2,2,4,4,2,1,3,1,3,3,3,3,2,3,2,2,3,1,1,1,2.24,1
"210",4,23,"0",1,1,1,1,3,1,2,2,2,2,2,2,2,2,3,2,2,3,2,2,2,2,2,3,3,2,1
"211",4,21,"1",5,4,1,1,3,1,2,1,3,2,4,1,3,2,4,1,5,1,3,2,4,2,3,1,2,2.44,1
"212",4,23,"1",5,1,2,4,4,2,2,1,2,3,1,3,1,4,1,5,3,2,3,1,2,4,2,1,3,2.48,1
"213",4,22,"1",4,1,2,4,5,2,3,1,3,4,3,1,2,4,4,3,4,1,2,3,2,4,1,4,1,2.72,1
"214",4,24,"1",5,4,2,3,5,1,4,5,3,5,2,4,1,3,2,4,2,1,3,1,5,1,3,5,1,3,1
"215",4,22,"1",1,1,1,1,1,3,2,5,2,1,2,1,1,3,1,1,3,1,1,3,2,2,3,1,5,1.92,1
"216",4,22,"1",1,1,1,1,1,3,2,5,2,1,2,1,1,3,1,1,3,1,1,3,2,2,3,1,5,1.92,1
"217",4,22,"1",1,1,5,3,5,1,5,5,4,2,1,3,1,3,1,1,3,5,1,3,2,5,2,4,5,2.88,1
"218",4,23,"1",1,5,2,1,1,2,1,5,3,2,5,5,3,3,1,5,3,3,2,3,2,5,3,3,4,2.92,1
"219",4,23,"1",5,5,3,5,5,5,2,4,4,5,2,3,1,4,5,1,2,1,1,3,1,1,1,5,4,3.12,2
"220",4,23,"1",5,5,1,2,5,1,5,5,4,2,5,3,3,5,3,5,3,2,5,4,3,5,3,1,3,3.52,2
"221",4,23,"1",5,5,1,4,1,2,1,3,2,5,4,4,3,3,4,2,2,1,4,4,5,3,5,3,1,3.08,2
"222",4,23,"1",5,5,1,2,2,2,2,5,4,5,2,3,3,4,5,3,5,5,5,5,3,1,3,3,5,3.52,2
"223",4,22,"1",4,5,5,1,5,1,2,1,1,2,3,1,1,5,3,1,4,1,1,1,3,5,3,2,5,2.64,1
"224",4,22,"1",5,4,3,2,1,1,2,5,4,3,2,1,1,4,5,4,3,4,5,4,3,2,5,5,5,3.32,2
"225",4,22,"1",5,4,3,2,1,2,3,5,4,3,2,1,1,2,3,4,5,4,3,2,1,2,3,4,5,2.96,1
"226",4,23,"1",5,4,3,2,1,1,2,5,4,3,2,1,1,2,3,4,5,4,3,2,1,2,3,4,5,2.88,1
"227",4,25,"1",5,2,1,1,1,3,4,4,3,2,1,2,2,3,3,3,2,2,2,2,2,2,2,4,5,2.52,1
"228",4,23,"1",5,4,3,2,1,2,3,5,4,3,2,1,2,3,4,5,4,3,2,1,2,3,4,5,5,3.12,1
"229",4,22,"1",3,3,3,4,5,4,4,5,2,4,5,5,2,5,2,2,2,2,1,5,5,5,1,5,5,3.56,2
"230",4,22,"0",5,5,2,5,1,2,5,2,2,4,2,2,5,5,4,2,2,2,2,4,2,2,2,4,2,3,1
"231",4,21,"0",5,4,3,2,1,1,2,5,4,3,2,1,2,3,4,5,5,4,3,2,1,2,3,4,5,3.04,1
"232",4,23,"0",5,1,1,1,5,5,3,1,1,2,3,1,1,3,1,3,1,1,3,3,1,1,3,3,1,2.16,1
"233",4,21,"0",4,1,1,1,5,1,3,1,1,2,3,1,1,1,3,1,4,1,1,1,3,5,3,2,5,2.2,1
"234",4,22,"1",5,4,3,5,5,4,3,5,4,5,4,4,2,4,4,4,2,2,3,4,4,4,2,4,4,3.76,2
"235",3,22,"1",3,5,5,4,1,5,4,3,4,5,4,4,5,3,4,4,3,2,4,4,4,3,5,4,5,3.88,2
"236",3,22,"1",3,4,3,4,5,5,4,3,4,5,4,3,3,5,2,4,3,2,4,4,4,3,5,4,5,3.8,2
"237",3,22,"1",5,4,4,4,5,5,3,3,4,3,2,3,1,3,3,3,3,2,1,3,3,3,3,4,4,3.24,2
"238",3,23,"1",1,2,1,1,3,1,1,1,5,4,2,5,4,1,1,3,3,4,5,2,1,3,4,1,2,2.44,1
"239",3,23,"1",5,3,1,1,5,3,4,5,4,3,1,1,5,4,2,1,1,1,2,1,4,5,5,4,1,2.88,1
"240",3,21,"0",5,5,4,1,5,3,3,3,2,2,2,1,1,2,1,3,1,1,2,3,1,2,4,3,3,2.52,1
"241",3,22,"0",5,1,5,4,5,1,4,4,3,2,1,3,1,3,1,1,3,2,1,1,3,1,1,2,4,2.48,1
"242",3,22,"0",5,3,1,1,5,3,1,5,4,4,1,4,1,2,5,5,4,1,1,4,5,5,5,3,1,3.16,2
"243",3,22,"0",5,1,1,2,5,3,4,5,3,2,1,2,2,3,4,3,2,2,2,3,2,2,2,4,2,2.68,1
"244",3,24,"1",5,4,5,4,3,2,2,3,4,4,3,2,3,4,3,5,4,2,1,1,1,5,1,4,2,3.08,1
"245",3,22,"1",5,4,3,1,5,2,3,3,4,3,2,4,2,5,1,2,4,1,3,2,4,4,2,1,1,2.84,1
"246",3,23,"1",5,5,2,1,2,5,5,4,2,5,5,2,4,5,3,5,2,2,4,2,5,5,3,4,5,3.68,2
"247",3,21,"1",5,5,2,1,2,5,5,4,2,5,2,2,5,5,3,5,2,2,5,2,2,4,3,4,5,3.48,2
"248",3,23,"1",5,1,1,1,2,3,4,3,2,4,3,1,3,1,1,1,1,5,4,5,5,5,4,5,5,3,1
"249",3,23,"1",5,4,3,5,4,2,3,3,4,3,2,4,2,5,4,3,2,4,4,5,4,3,2,4,2,3.44,2
"250",3,23,"1",5,3,5,3,5,3,5,3,3,4,5,5,5,2,5,3,3,5,4,3,3,3,5,3,5,3.92,2
"251",3,23,"1",5,4,3,5,1,3,2,4,5,3,5,2,4,5,4,3,5,4,3,5,3,5,2,5,5,3.8,2
"252",3,22,"1",3,5,2,5,5,5,4,4,3,5,5,2,3,3,5,3,2,1,5,5,3,1,4,3,5,3.64,2
"253",3,22,"1",4,5,1,1,3,5,5,5,1,3,4,4,3,5,3,5,3,2,4,1,4,3,3,4,4,3.4,2
"254",3,23,"1",5,3,4,3,4,2,5,4,3,3,2,2,2,3,5,3,1,1,2,2,2,2,1,2,3,2.76,1
"255",3,23,"1",5,4,3,4,1,2,1,4,3,4,5,4,2,4,4,4,3,3,3,2,2,5,2,4,4,3.28,2
"256",3,24,"1",5,1,4,1,4,5,5,4,4,4,1,4,1,4,2,4,4,4,1,2,4,2,2,2,2,3.04,1
"257",3,26,"1",5,4,1,3,5,4,2,5,5,1,4,4,5,3,3,3,2,3,4,3,2,1,3,3,4,3.28,2
"258",3,23,"1",3,3,5,5,5,5,5,5,4,4,1,5,5,5,3,4,5,2,1,3,5,5,3,1,4,3.84,2
"259",3,23,"1",5,2,2,1,5,1,2,3,2,1,2,2,1,4,3,4,2,4,3,2,2,5,1,4,2,2.6,1
"260",3,23,"1",5,4,4,5,4,3,4,4,3,3,3,4,4,3,4,4,4,4,5,3,4,3,4,3,4,3.8,2
"261",3,23,"1",5,5,2,1,2,5,5,5,2,5,5,2,3,3,4,3,3,3,3,3,4,3,4,5,5,3.6,2
"262",3,24,"1",5,4,1,4,5,5,5,5,5,2,4,4,1,5,2,5,1,5,1,1,1,4,4,4,5,3.52,2
"263",3,23,"1",5,5,2,1,2,4,5,5,5,2,2,3,3,3,2,3,2,3,3,3,3,5,3,5,5,3.36,2
"264",3,24,"1",5,3,5,3,3,1,5,4,3,3,1,2,1,4,3,4,2,4,1,4,3,3,2,4,3,3.04,1
"265",3,23,"0",5,3,3,4,3,5,3,5,3,3,2,2,3,3,5,3,1,3,2,3,3,2,3,1,1,2.96,1
"266",3,22,"0",5,2,5,1,5,1,4,4,4,3,2,2,1,2,1,4,2,2,2,1,2,4,2,4,2,2.68,1
"267",3,23,"1",5,3,1,1,4,3,1,2,3,2,4,2,2,2,3,4,2,2,2,2,2,2,2,4,3,2.52,1
"268",3,23,"0",5,3,5,1,5,1,1,2,3,3,4,2,2,2,3,2,2,2,2,2,2,2,2,4,4,2.64,1
"269",3,21,"1",3,2,3,4,4,3,2,4,2,4,2,2,2,4,4,2,1,2,3,5,4,2,3,2,4,2.92,1
"270",3,21,"1",5,5,3,4,5,5,4,4,3,5,4,2,3,4,3,5,1,4,4,3,3,4,4,5,4,3.84,2
"271",3,21,"1",3,5,1,2,5,3,4,3,4,3,5,4,2,3,4,5,4,5,3,3,2,2,4,4,5,3.52,2
"272",3,22,"1",5,5,4,5,4,5,5,5,4,3,1,5,2,5,2,3,3,3,1,1,1,3,3,5,5,3.52,2
"273",3,21,"1",5,5,5,5,5,4,5,5,4,3,1,3,2,5,3,2,2,4,1,2,2,4,4,5,2,3.52,2
"274",3,22,"1",1,5,1,4,3,1,5,3,3,3,5,2,4,4,1,1,3,3,2,4,3,4,4,5,5,3.16,1
"275",3,22,"1",5,3,4,3,5,4,4,5,3,3,5,3,3,4,3,4,2,3,2,3,3,3,2,3,2,3.36,2
"276",3,21,"1",5,5,1,2,5,3,4,3,4,3,5,4,2,3,4,5,4,4,3,3,2,2,4,4,1,3.4,2
"277",3,21,"1",5,5,5,4,2,5,5,5,5,4,5,3,2,2,5,4,4,4,3,4,2,2,4,4,4,3.88,2
"278",3,22,"1",5,4,1,1,5,3,5,4,3,3,3,4,5,1,4,5,3,5,3,2,1,4,4,3,5,3.44,2
"279",3,21,"1",5,4,5,1,5,5,5,4,4,2,5,1,1,2,2,2,1,1,2,2,1,2,3,3,4,2.88,1
"280",3,25,"1",3,5,5,1,5,1,1,1,1,5,1,1,5,1,2,1,1,1,1,1,1,1,4,5,4,2.32,1
"281",3,21,"0",1,4,5,1,5,1,4,2,2,4,1,2,1,4,4,2,2,2,2,2,3,2,4,4,1,2.6,1
"282",3,21,"1",5,1,1,1,5,5,5,4,3,3,5,4,1,1,3,1,3,2,2,2,1,2,2,3,3,2.72,1
"283",2,21,"1",5,2,1,3,3,3,4,2,3,4,2,2,1,3,3,2,2,2,1,2,3,3,2,2,2,2.48,1
"284",2,21,"1",1,4,1,1,1,1,4,5,4,5,1,4,1,5,2,2,2,2,5,2,2,4,2,5,1,2.68,1
"285",2,21,"0",5,2,2,3,1,3,4,2,3,4,4,1,3,3,2,2,2,1,2,3,3,3,2,2,2,2.56,1
"286",2,21,"0",5,2,2,1,4,4,4,2,3,4,4,3,3,2,2,2,1,2,3,3,3,2,2,2,2,2.68,1
"287",2,21,"0",5,2,2,1,3,3,3,2,3,4,4,3,3,2,2,2,1,2,3,3,3,2,2,2,2,2.56,1
"288",2,21,"1",5,4,3,4,5,4,4,4,3,4,4,2,3,4,3,4,4,2,2,4,3,2,2,4,3,3.44,2
"289",2,21,"1",5,1,5,2,1,1,4,4,2,4,2,2,1,2,2,2,2,2,1,2,2,2,2,3,2,2.32,1
"290",2,21,"1",5,1,5,2,1,1,4,4,2,4,2,2,1,2,2,2,2,2,1,2,2,2,2,3,2,2.32,1
"291",2,23,"1",5,1,4,2,1,1,4,4,2,4,2,2,1,2,2,2,2,2,2,1,2,2,2,3,2,2.28,1
"292",2,23,"1",5,4,4,5,3,2,3,2,2,2,3,2,2,2,2,3,1,2,3,3,2,3,2,2,2,2.64,1
"293",2,23,"0",5,3,2,2,2,1,4,2,3,2,2,2,2,3,2,2,2,1,2,3,2,3,3,2,2,2.36,1
"294",2,23,"1",5,3,2,2,3,1,4,2,3,2,2,2,2,3,2,2,2,1,2,3,2,3,3,2,2,2.4,1
"295",2,21,"1",5,3,2,2,2,1,4,2,3,2,2,2,2,3,2,2,2,1,2,3,2,3,3,2,2,2.36,1
"296",2,21,"1",5,1,1,4,5,5,5,4,4,5,4,2,1,3,1,4,3,2,4,2,3,4,5,5,5,3.48,2
"297",2,21,"0",5,1,5,2,4,1,4,4,2,4,2,2,1,2,2,2,2,2,2,2,2,2,2,4,4,2.6,1
"298",2,21,"0",5,1,5,2,1,1,4,4,2,4,2,2,1,2,2,2,2,2,1,2,2,2,2,3,2,2.32,1
"299",2,21,"0",1,1,5,2,1,1,4,4,2,4,2,2,1,2,2,2,2,2,1,2,2,2,2,3,2,2.16,1
"300",2,21,"1",5,1,5,2,1,1,4,4,2,4,2,2,1,2,2,2,2,2,1,2,2,2,2,3,2,2.32,1
"301",2,21,"0",5,2,1,3,4,3,4,2,3,4,2,2,1,3,3,2,2,2,1,2,3,3,3,2,2,2.56,1
"302",2,21,"1",1,2,5,1,2,4,1,3,1,3,4,5,5,3,3,1,4,4,2,2,3,2,3,2,1,2.68,1
"303",2,23,"1",1,2,1,3,1,5,1,1,5,4,1,4,1,3,2,1,1,5,1,3,1,2,5,3,4,2.44,1
"304",2,23,"1",1,1,5,2,1,4,1,1,2,3,4,2,4,1,2,4,4,4,1,4,5,4,4,2,1,2.68,1
"305",2,21,"1",1,2,5,5,1,4,1,3,1,3,4,5,5,2,3,3,1,1,4,4,2,2,3,2,4,2.84,1
"306",2,19,"1",1,2,5,5,1,4,1,3,1,3,4,5,5,3,3,1,4,4,2,2,3,2,4,2,1,2.84,1
"307",2,21,"1",1,2,5,1,5,1,1,4,1,4,5,4,4,3,3,1,4,4,2,2,2,3,2,4,2,2.8,1
"308",2,21,"1",1,4,4,4,4,2,2,4,4,2,4,5,2,2,2,2,3,2,3,4,2,1,3,2,2,2.8,1
"309",2,23,"1",1,5,3,5,1,1,5,1,2,4,4,2,5,4,1,1,3,4,3,4,1,1,1,1,2,2.6,1
"310",2,23,"1",1,5,5,4,5,4,2,1,2,3,5,5,5,5,4,1,5,5,1,3,2,2,4,4,1,3.36,2
"311",2,23,"1",1,2,3,1,2,3,2,1,2,1,2,1,2,3,4,5,4,5,4,5,4,4,5,2,4,2.88,1
"312",2,23,"1",1,2,3,2,3,3,4,1,2,1,1,2,1,2,1,3,4,5,4,5,3,3,4,2,1,2.52,1
"313",2,24,"1",2,1,3,2,2,2,5,1,1,2,1,2,5,4,4,5,2,2,2,3,2,3,3,1,1,2.44,1
"314",2,24,"0",1,2,1,2,1,4,5,1,2,3,2,5,4,3,1,2,1,3,1,2,3,1,4,2,3,2.36,1
"315",2,23,"0",1,2,1,2,3,4,2,1,2,1,2,3,1,3,2,2,3,4,5,5,4,5,3,2,1,2.56,1
"316",2,22,"0",1,2,1,2,1,3,5,2,3,4,2,1,2,2,1,3,2,3,5,4,5,4,4,4,5,2.84,1
"317",2,23,"0",1,2,1,2,3,2,5,1,2,1,2,4,5,2,3,3,3,2,3,2,3,4,2,4,5,2.68,1
"318",1,23,"1",5,3,1,1,5,3,5,2,2,2,5,1,1,3,1,1,1,1,3,3,3,3,1,3,5,2.56,1
"319",1,19,"1",5,5,3,1,5,1,2,3,1,1,1,1,1,5,1,1,1,1,5,4,3,1,3,2,5,2.48,1
"320",1,19,"1",3,5,1,3,5,1,4,3,2,4,4,2,1,4,4,3,2,2,2,2,3,2,2,4,4,2.88,1
"321",1,18,"1",5,3,1,1,5,3,5,2,2,2,5,1,1,3,1,1,1,1,3,3,3,3,1,3,5,2.56,1
"322",1,19,"1",5,3,1,1,5,3,5,2,2,2,5,1,1,3,5,2,2,2,4,5,3,1,3,5,4,3,2
"323",1,19,"1",5,3,1,1,5,3,5,3,3,4,5,1,1,3,3,5,4,1,1,3,3,3,1,3,5,3,2
"324",1,21,"1",5,3,1,3,5,4,5,4,1,5,5,1,1,3,4,5,4,1,1,2,3,3,5,4,5,3.32,2
"325",1,21,"1",5,1,1,4,5,3,5,4,4,4,3,1,3,2,4,2,2,2,4,5,3,3,2,1,3,3.04,2
"326",1,19,"1",4,1,1,2,5,5,5,5,2,5,5,3,1,3,4,4,5,2,2,2,4,2,4,4,3,3.32,2
"327",1,19,"1",5,1,2,3,5,5,2,4,5,4,5,5,5,5,4,5,3,2,2,5,3,3,3,3,5,3.76,2
"328",1,19,"1",5,3,5,4,3,2,5,4,5,3,4,5,5,5,4,5,3,2,2,3,5,4,5,3,3,3.88,2
"329",1,23,"1",5,4,5,3,1,5,4,4,4,4,3,1,3,2,4,2,2,2,2,5,3,2,5,4,1,3.2,2
"330",1,18,"1",5,1,1,4,1,1,5,4,5,4,5,3,5,5,4,3,5,5,4,2,2,5,3,5,5,3.68,2
"331",1,18,"1",5,5,1,1,3,1,5,4,3,4,4,3,1,3,2,4,5,5,3,3,4,3,5,1,4,3.28,2
"332",1,18,"1",4,4,3,5,4,1,3,3,4,4,4,3,1,3,2,4,5,5,4,3,5,3,2,1,3,3.32,2
"333",1,18,"1",5,2,1,4,5,1,5,4,5,4,5,3,5,4,3,5,5,4,2,2,4,4,3,4,4,3.72,2
"334",1,18,"1",5,2,1,3,4,4,5,3,4,4,5,2,5,3,4,4,4,2,2,4,4,3,5,5,5,3.68,2
"335",1,19,"1",5,1,5,1,5,4,5,4,1,5,3,3,2,2,4,4,2,2,2,3,4,4,4,4,4,3.32,2
"336",1,23,"1",5,5,4,1,5,1,5,3,4,5,5,4,1,1,4,3,3,3,5,4,4,5,4,3,4,3.64,2
"337",1,19,"0",5,5,1,1,5,4,5,3,4,5,5,4,1,1,4,5,5,4,4,5,4,3,5,5,1,3.76,2
"338",1,19,"0",5,4,3,4,4,3,5,5,4,4,4,2,1,5,5,4,4,1,3,5,4,5,3,5,3,3.8,2
"339",1,19,"0",5,2,1,1,5,4,5,3,4,5,5,4,1,3,1,4,2,2,2,1,2,5,4,3,4,3.12,2
"340",1,23,"0",5,1,5,4,5,4,5,5,4,5,5,1,1,4,5,1,4,1,1,5,2,5,5,5,1,3.56,2
"341",1,19,"0",3,2,5,1,5,4,3,4,2,4,3,1,4,1,4,4,1,2,3,2,1,5,4,5,5,3.12,2
"342",1,18,"0",5,2,1,1,5,1,2,3,5,4,2,1,2,3,2,2,2,1,3,5,4,3,1,3,5,2.72,1
"343",1,18,"0",5,5,5,3,4,2,4,5,4,4,3,1,1,2,3,3,2,4,2,2,2,3,2,5,5,3.24,2
"344",1,19,"0",5,5,5,3,4,4,5,2,2,3,4,5,5,4,3,4,3,4,3,3,3,3,3,4,4,3.72,2
"345",1,19,"1",5,4,5,3,5,4,5,4,5,4,5,1,1,5,5,4,4,4,5,5,4,4,3,5,5,4.16,2
"346",1,19,"1",5,2,1,2,5,4,5,4,5,4,5,4,5,4,3,5,5,4,2,2,4,4,3,5,5,3.88,2
"347",1,23,"1",2,1,1,5,5,1,5,5,3,3,3,5,2,2,4,4,2,1,4,1,5,5,5,3,4,3.24,2
"348",1,23,"1",5,4,5,1,5,4,5,4,4,4,5,2,2,5,4,4,3,2,2,2,4,5,4,3,4,3.68,2
"349",1,18,"1",5,4,5,1,5,4,4,5,1,4,4,3,1,1,5,3,3,1,3,5,2,1,3,5,1,3.16,2
"350",1,18,"1",5,1,1,2,5,5,1,2,2,5,4,2,1,3,1,3,2,3,1,1,5,3,4,5,3,2.8,1
"351",1,18,"1",5,4,5,1,5,4,4,4,4,4,3,1,3,2,5,1,3,5,3,5,3,4,3,5,4,3.6,2
"352",1,18,"1",5,5,4,1,5,3,5,2,2,1,3,3,3,3,5,3,1,2,2,5,5,3,5,4,3,3.32,2
"353",1,23,"1",5,5,1,1,3,1,5,5,1,4,1,1,5,3,1,3,5,1,3,3,4,5,1,3,2,2.88,1
"354",1,23,"1",5,2,1,1,5,2,5,2,2,2,5,1,1,3,5,4,5,5,3,3,3,3,1,3,4,3.04,1
"355",1,19,"1",5,5,1,1,4,1,5,4,2,1,3,2,1,5,5,5,2,1,1,3,3,5,1,3,5,2.96,2
"356",1,18,"1",5,2,1,2,5,4,5,5,4,3,3,4,4,4,5,2,1,1,3,3,5,1,4,5,4,3.4,2
"357",1,18,"0",5,1,1,4,5,1,5,4,3,4,5,3,2,4,4,2,2,5,5,4,5,3,3,4,4,3.52,2
"358",1,18,"0",5,5,1,1,5,4,5,4,1,2,2,5,5,3,5,2,2,1,4,4,2,2,2,4,4,3.2,2
"359",1,18,"0",5,5,1,1,5,4,5,2,2,1,5,4,1,1,4,3,3,3,1,3,5,4,3,4,4,3.16,2
"360",1,18,"1",5,5,4,1,5,1,4,4,2,4,4,2,2,2,4,4,2,2,2,1,1,5,4,4,3,3.08,2
"361",1,19,"0",5,5,1,5,1,5,4,5,5,3,3,2,3,5,5,5,5,4,4,3,3,3,5,5,1,3.8,2
"362",1,19,"0",5,2,1,1,5,4,5,3,4,5,5,4,1,3,1,4,2,2,2,1,2,5,4,3,4,3.12,2
"363",1,19,"1",5,5,2,1,5,1,5,4,3,4,4,2,2,3,3,5,5,4,4,5,4,3,3,3,4,3.56,2
"364",1,23,"0",5,1,1,1,5,1,5,4,2,4,4,2,2,4,4,5,4,5,3,4,5,3,2,3,4,3.32,2
"365",1,19,"0",5,4,5,3,2,1,5,2,2,4,2,5,4,2,3,3,4,2,2,3,1,5,4,1,5,3.16,2
"366",1,19,"1",3,5,5,5,5,5,5,4,2,2,3,2,3,4,2,4,2,2,4,3,3,3,3,3,2,3.36,2
"367",1,23,"1",1,2,3,1,2,1,4,1,2,1,4,4,5,5,3,3,4,3,4,1,1,2,1,3,1,2.48,1
"368",1,23,"0",1,2,1,2,1,3,5,1,2,1,3,4,5,4,4,5,4,3,1,4,1,1,3,3,3,2.68,1
"369",1,23,"0",2,1,2,1,3,5,4,1,2,2,3,4,5,2,3,3,2,3,2,3,2,5,2,5,4,2.84,1
"370",1,23,"0",1,2,3,4,5,3,4,1,2,1,4,1,3,4,5,3,4,2,1,3,2,3,2,4,5,2.88,1
"371",1,23,"1",1,2,1,3,2,3,4,1,2,1,2,4,2,2,3,2,3,3,2,4,2,4,2,4,5,2.56,1
"372",1,23,"1",1,2,1,5,4,3,3,2,4,5,2,1,2,1,2,1,2,1,3,1,5,1,2,2,1,2.28,1
"373",1,23,"1",2,2,3,2,3,1,2,5,4,4,2,3,2,3,2,1,1,2,1,2,1,4,4,5,2,2.52,1
"374",1,19,"1",2,4,1,3,2,4,1,1,2,3,1,3,2,5,2,4,1,3,1,4,1,2,2,3,1,2.32,1
"375",1,23,"1",5,5,1,1,3,5,3,1,5,4,3,4,4,3,1,5,3,3,1,4,4,3,2,2,2,3.08,2
"376",4,27,"1",3,3,2,4,5,3,2,3,4,4,1,2,2,3,4,3,2,2,4,3,4,5,4,4,1,3.08,1
"377",1,19,"1",1,1,1,3,4,5,4,3,4,5,3,4,4,2,2,2,3,3,2,3,3,4,3,5,4,3.12,2
"378",3,23,"1",2,2,4,4,5,2,1,3,4,3,4,1,5,4,3,5,1,1,5,3,4,4,5,1,1,3.08,1
"379",4,23,"1",4,5,2,2,3,3,5,4,5,4,5,3,2,3,4,4,3,2,3,3,2,5,3,4,4,3.48,2
"380",4,23,"1",3,3,3,4,5,1,4,5,4,4,4,2,2,3,2,2,2,3,3,3,4,3,2,5,3,3.16,1
"381",4,22,"1",3,2,2,3,3,3,3,4,4,3,3,2,4,2,1,1,1,1,3,3,3,1,4,1,4,2.56,1
"382",2,21,"0",3,4,2,4,4,4,2,4,5,4,3,3,3,3,2,2,2,2,3,3,4,5,3,5,5,3.36,2
"383",4,22,"0",3,1,1,5,5,1,4,4,4,4,1,4,2,4,4,2,4,2,1,2,4,4,4,4,2,3.04,1
"384",3,22,"0",5,5,4,1,5,2,1,5,4,4,2,2,1,2,2,2,2,2,4,2,2,2,4,5,5,3,1
"385",4,22,"1",4,4,4,1,3,1,3,4,4,2,5,2,4,3,4,4,2,4,4,4,4,4,1,4,4,3.32,2
"386",3,22,"1",1,1,2,4,2,2,5,5,4,3,2,5,2,3,4,2,4,3,2,3,3,3,4,5,4,3.12,1
"387",2,22,"1",1,3,3,1,1,2,1,3,3,4,4,3,2,5,3,3,3,2,2,2,3,3,3,5,5,2.8,1
"388",3,22,"1",1,4,5,3,5,5,4,4,4,4,5,1,3,1,1,1,1,1,2,2,1,5,2,4,5,2.96,1
"389",1,19,"1",5,4,5,3,5,3,2,5,4,5,4,2,3,2,3,2,1,4,3,2,3,5,3,5,4,3.48,2
"390",1,23,"1",5,4,1,2,5,1,3,2,3,4,4,2,2,3,1,5,3,3,2,3,3,5,4,1,2,2.92,1
"391",2,22,"1",5,4,3,5,4,3,1,5,4,3,5,3,1,3,2,3,2,1,3,2,4,2,4,5,2,3.16,2
"392",2,22,"1",4,3,5,3,5,3,1,4,5,1,5,3,5,3,5,1,4,5,2,4,5,3,4,5,2,3.6,2
"393",2,21,"1",5,4,5,3,2,1,5,5,4,3,2,1,4,3,3,4,1,3,4,3,2,1,2,4,3,3.08,2
"394",2,22,"0",5,5,4,3,2,1,4,5,4,5,1,4,3,2,4,3,1,5,3,5,3,1,3,4,5,3.4,2
"395",2,22,"0",5,4,3,4,3,2,5,4,3,4,3,1,3,4,3,5,5,4,5,4,2,1,2,5,2,3.44,2
"396",2,21,"1",5,4,3,1,2,1,5,4,3,2,1,3,5,3,2,3,2,1,1,2,2,1,4,5,4,2.76,1
"397",3,21,"1",3,2,1,3,4,3,5,4,2,2,5,2,3,5,5,4,1,2,4,5,4,2,2,2,3,3.12,1
"398",3,21,"1",3,3,3,2,3,4,5,4,1,1,4,1,4,5,2,3,1,2,3,1,1,5,3,3,3,2.8,1
"399",4,22,"1",3,5,1,1,4,1,5,4,2,5,5,1,3,5,1,4,1,2,5,4,3,5,2,3,4,3.16,1
"400",4,22,"1",1,4,5,1,3,1,5,5,1,3,5,1,1,5,4,4,1,1,3,2,4,4,2,1,4,2.84,1
"401",4,22,"1",3,2,2,4,4,1,4,5,2,4,5,2,1,4,3,3,3,3,2,3,3,4,5,4,3,3.16,1
"402",3,21,"1",3,3,2,3,3,3,3,5,4,3,2,3,3,2,4,3,3,5,3,2,4,4,4,3,3,3.2,2
"403",4,23,"1",3,1,5,3,3,4,3,3,4,1,2,1,2,4,4,3,2,2,4,5,2,5,2,4,3,3,1
"404",1,18,"0",5,1,4,2,4,1,3,5,2,4,1,4,2,5,2,4,2,4,2,4,1,5,2,4,3,3.04,2
"405",1,19,"0",4,5,5,3,2,2,1,3,4,2,5,3,1,2,4,3,5,2,4,1,4,2,4,5,1,3.08,2
"406",1,23,"0",4,2,5,3,2,4,2,5,2,5,2,5,2,4,1,4,1,4,2,1,5,1,5,3,1,3,1
"407",1,23,"0",5,4,3,2,5,1,3,5,4,3,5,3,2,4,3,4,1,4,5,3,5,2,3,5,1,3.4,2
"408",1,23,"0",5,4,5,1,2,3,5,5,4,5,4,1,3,4,5,4,3,1,4,5,4,3,3,1,5,3.56,2
"409",1,23,"1",5,3,5,3,5,4,1,2,5,3,5,3,4,5,3,5,3,5,3,5,2,5,3,5,2,3.76,2
"410",1,23,"1",5,4,5,3,1,2,1,5,4,3,3,2,1,4,3,5,4,3,4,3,1,2,1,3,2,2.96,1
"411",1,22,"1",5,4,3,4,5,3,1,5,4,5,3,5,4,5,4,5,2,3,4,2,2,4,3,2,1,3.52,2
"412",1,23,"1",4,5,3,2,4,2,1,3,4,2,5,1,1,2,4,3,1,5,3,2,1,4,2,1,5,2.8,1
"413",1,23,"1",4,2,5,2,4,1,3,4,2,4,2,5,1,3,2,5,2,3,4,5,3,1,4,2,4,3.08,1
"414",1,19,"1",5,2,4,1,3,5,1,4,2,4,1,4,2,3,4,1,3,5,3,2,3,5,2,4,2,3,2
"415",1,19,"1",5,4,2,5,3,5,3,3,5,3,5,3,1,5,3,5,2,5,3,5,3,4,2,5,3,3.68,2
"416",1,23,"1",4,2,3,5,1,4,2,5,2,1,4,1,4,1,5,3,2,5,3,1,5,2,4,2,4,3,1
"417",1,19,"1",5,2,1,5,4,5,3,5,4,5,5,2,1,1,4,4,1,4,2,1,4,1,4,5,4,3.28,2
"418",1,23,"1",4,5,3,5,3,5,3,4,5,3,1,5,3,5,3,5,3,5,3,5,3,5,2,5,3,3.84,2
"419",2,21,"1",5,4,3,2,1,1,5,5,4,4,3,2,1,1,2,2,3,1,5,4,3,3,3,2,1,2.8,1
"420",2,24,"0",3,1,1,1,1,2,2,2,2,4,1,1,2,4,1,4,1,5,5,5,5,1,5,1,5,2.6,1
"421",2,23,"0",3,3,3,4,4,5,5,5,5,3,3,3,3,3,4,4,4,4,4,5,2,2,2,1,4,3.52,2
"422",2,24,"0",2,3,3,2,2,2,3,2,2,4,4,3,2,3,3,5,5,2,3,3,3,5,5,2,2,3,1
"423",2,23,"0",2,2,3,3,3,3,3,3,2,2,2,2,2,4,4,4,4,4,1,2,2,2,4,1,4,2.72,1
"424",2,23,"0",4,4,4,4,2,2,1,1,2,2,4,2,2,2,2,1,1,1,2,2,2,2,4,4,5,2.48,1
"425",2,23,"1",3,2,3,3,2,2,2,4,4,5,5,5,3,3,2,2,3,5,5,2,2,3,2,3,5,3.2,2
"426",2,23,"1",3,2,3,5,2,2,3,3,2,1,1,4,4,5,5,1,2,2,4,4,5,5,5,5,2,3.2,2
"427",2,23,"0",2,4,3,4,3,3,3,3,3,3,3,4,3,4,2,4,3,2,2,3,3,3,3,3,2,3,1
"428",2,23,"1",3,2,3,3,2,2,3,3,3,2,2,5,3,4,3,4,3,2,3,2,3,2,3,2,3,2.8,1
"429",2,23,"1",2,2,4,3,2,2,4,4,2,2,2,5,3,2,2,2,2,3,3,3,4,4,5,5,5,3.08,1
"430",2,22,"1",3,4,3,3,3,1,4,4,3,3,1,2,4,3,3,2,4,2,2,2,2,3,3,3,3,2.8,1
"431",2,22,"1",3,2,3,3,2,4,3,4,3,3,1,2,3,3,4,3,5,5,3,3,4,5,5,6,3,3.4,2
"432",2,24,"1",3,2,3,3,2,3,3,4,3,2,2,3,2,2,4,3,4,5,4,3,3,2,2,2,3,2.88,1
"433",2,23,"0",4,3,3,3,2,3,2,3,3,2,2,2,2,3,4,2,4,3,2,3,4,2,2,4,2,2.76,1
"434",2,24,"0",5,2,5,4,3,4,2,3,3,2,3,3,3,3,2,3,3,3,3,2,2,2,3,3,4,3,1
"435",2,24,"0",5,3,3,4,3,4,3,3,3,2,2,3,3,3,3,3,2,4,3,2,2,3,3,2,2,2.92,1
"436",2,24,"0",2,3,3,4,2,3,3,3,2,2,3,2,2,3,3,2,3,3,4,4,5,2,2,3,2,2.8,1
"437",2,24,"0",2,2,2,4,3,3,3,3,2,2,3,3,3,2,2,3,3,3,2,2,3,3,2,3,3,2.64,1
"438",2,23,"0",1,3,1,4,3,3,2,4,2,3,3,3,3,3,3,2,3,4,4,2,2,3,3,2,3,2.76,1
"439",2,23,"0",4,2,2,5,3,4,3,4,2,3,3,2,2,3,3,3,4,3,3,3,4,3,2,2,3,3,1
"440",3,23,"0",4,3,3,2,3,4,3,2,2,2,4,2,3,2,2,2,3,2,4,4,5,5,2,5,2,3,1
"441",3,23,"1",4,2,1,2,3,3,2,2,3,3,2,2,3,3,3,3,3,3,5,5,4,3,3,2,3,2.88,1
"442",3,24,"1",4,3,2,3,4,3,2,3,3,3,4,2,2,3,2,3,3,3,4,5,3,4,2,3,2,3,1
"443",3,25,"1",4,2,2,2,4,3,3,3,3,2,4,4,3,3,3,3,3,4,3,2,3,3,4,2,3,3,1
"444",3,25,"1",5,3,2,4,2,4,3,3,3,3,2,4,3,2,3,2,3,3,5,5,2,3,2,3,3,3.08,1
"445",3,25,"0",5,2,4,2,2,4,3,3,3,3,2,2,2,3,2,3,4,3,2,3,2,3,2,3,3,2.8,1
"446",3,23,"0",4,3,4,4,3,4,2,3,3,2,2,2,3,2,3,3,4,4,4,5,3,2,2,3,2,3.04,1
"447",3,23,"0",4,2,4,2,2,4,2,3,2,3,2,3,2,3,3,2,3,2,3,2,3,2,3,2,3,2.64,1
"448",3,23,"0",3,3,2,2,3,3,2,3,3,3,3,2,3,3,2,3,2,4,4,5,4,2,2,2,4,2.88,1
"449",3,22,"0",2,2,2,2,3,3,4,3,2,3,3,3,3,2,3,3,3,2,3,2,3,2,2,2,3,2.6,1
"450",3,23,"1",2,3,4,3,3,3,4,3,3,3,3,2,3,3,2,4,3,2,2,4,2,4,4,4,3,3.04,1
"451",3,24,"0",3,3,4,4,2,4,4,3,2,2,2,3,2,3,3,3,2,3,2,2,3,2,3,2,3,2.76,1
"452",3,23,"1",3,2,5,2,3,2,2,2,3,2,2,2,3,3,3,4,3,4,4,5,3,2,4,2,4,2.96,1
"453",3,22,"0",3,3,2,4,3,3,2,3,2,3,3,3,3,2,3,4,3,3,2,2,2,2,2,2,3,2.68,1
"454",3,22,"1",5,2,3,4,2,4,2,2,3,3,4,3,2,3,2,3,3,3,3,2,2,3,2,3,2,2.8,1
"455",3,22,"1",5,1,3,2,3,4,3,3,2,2,4,3,4,3,4,4,2,1,2,1,2,2,3,2,3,2.72,1
"456",3,24,"0",3,2,4,4,2,4,2,3,3,1,5,2,4,2,4,3,3,2,3,3,4,4,2,2,2,2.92,1
"457",3,24,"1",3,2,4,4,4,5,3,4,2,2,5,3,4,3,4,4,1,2,1,2,1,2,2,1,3,2.84,1
"458",3,23,"1",3,4,5,4,4,3,2,4,3,2,5,4,5,3,4,3,2,4,2,4,4,3,3,3,2,3.4,2
"459",3,23,"0",5,4,2,4,4,2,3,4,2,1,2,4,5,2,4,4,1,2,1,2,1,2,2,1,1,2.6,1
"460",3,24,"0",5,3,3,4,2,2,2,3,3,2,2,2,2,3,4,5,2,3,3,4,4,1,2,1,2,2.76,1
"461",4,23,"0",5,2,2,2,4,2,3,3,3,2,3,2,3,2,3,5,2,2,2,1,1,1,2,2,1,2.4,1
"462",4,23,"0",3,2,3,2,2,2,3,2,2,3,2,3,2,3,3,5,3,3,4,2,2,1,1,2,3,2.52,1
"463",4,24,"1",3,3,2,2,4,3,2,2,2,3,3,2,3,3,3,5,2,1,2,1,2,2,1,1,2,2.36,1
"464",4,24,"1",3,3,4,2,4,3,2,3,3,4,2,3,3,2,2,5,2,1,3,3,4,4,5,2,2,2.96,1
"465",4,24,"1",2,3,3,2,2,3,3,4,3,4,3,2,3,3,3,4,1,2,2,1,2,2,1,1,2,2.44,1
"466",4,23,"1",2,2,4,2,2,3,3,4,3,2,3,3,4,2,3,4,2,3,3,4,5,5,6,4,2,3.2,1
"467",4,23,"1",2,2,4,4,2,3,2,3,3,2,2,2,4,3,2,3,2,1,2,1,2,1,1,1,2,2.24,1
"468",4,23,"1",4,3,5,4,2,4,3,3,2,3,3,3,4,4,2,3,2,3,4,4,2,2,2,3,4,3.12,1
"469",4,23,"1",4,3,2,4,2,3,3,2,2,2,4,2,2,4,4,3,2,1,2,1,2,2,1,1,2,2.4,1
"470",4,23,"1",4,2,2,4,2,3,2,2,3,2,4,3,3,4,4,3,2,2,3,4,5,5,5,5,5,3.32,2
"471",4,23,"1",5,3,1,2,3,4,2,2,3,2,4,3,2,4,4,3,2,2,3,2,2,2,2,2,2,2.64,1
"472",4,23,"1",5,2,1,2,3,4,2,4,3,4,5,2,3,3,4,3,3,3,4,4,5,5,2,2,3,3.24,2
"473",4,23,"1",3,3,2,2,3,5,3,4,3,4,2,3,3,3,3,4,3,2,2,3,3,3,2,3,2,2.92,1
"474",4,24,"1",2,2,2,4,3,3,3,4,3,2,3,2,3,4,2,5,3,2,3,3,2,2,3,3,3,2.84,1
"475",4,24,"1",1,3,4,3,1,2,2,3,4,2,2,3,3,3,2,5,1,2,2,1,2,3,2,2,4,2.48,1
"476",4,24,"1",1,2,2,3,1,2,3,2,3,3,3,2,2,4,2,4,1,2,2,3,3,4,1,2,1,2.32,1
"477",4,24,"1",2,3,4,2,2,2,2,3,4,2,2,3,3,3,3,5,2,1,2,1,4,4,3,2,1,2.6,1
"478",4,24,"1",3,3,2,2,3,2,3,3,4,2,3,2,3,3,3,3,2,2,4,4,4,5,4,4,2,3,1
"479",4,23,"1",3,3,2,4,4,3,2,4,3,3,2,3,5,5,3,3,1,2,1,4,3,2,2,2,1,2.8,1
"480",3,21,"0",3,3,3,3,3,1,3,4,3,3,4,2,1,4,5,5,2,2,4,2,3,3,4,3,4,3.08,1
"481",3,21,"1",4,3,3,3,3,1,4,4,3,3,3,4,1,3,2,3,2,3,5,2,3,3,4,3,3,3,1
"482",3,21,"1",2,3,3,1,5,2,5,3,3,3,1,3,3,5,3,4,2,4,5,1,2,4,2,3,3,3,1
"483",4,22,"1",3,1,1,3,5,1,4,3,3,3,3,1,1,5,2,2,2,2,3,1,4,1,1,4,3,2.48,1
"484",3,22,"1",3,4,1,1,5,1,4,5,3,1,5,1,1,5,1,5,1,4,5,1,3,4,4,4,4,3.04,1
"485",2,19,"0",3,2,1,3,5,1,3,5,3,3,5,1,1,4,3,3,1,1,4,1,4,4,4,3,5,2.92,1
"486",3,23,"1",5,5,1,1,4,1,4,4,5,4,4,1,1,5,3,4,1,2,5,1,2,4,2,4,3,3.04,1
"487",1,19,"1",3,3,2,4,5,1,4,3,3,5,5,1,1,4,2,4,1,2,2,1,5,4,3,4,4,3.04,2
"488",1,19,"1",1,1,5,1,4,1,4,4,4,4,4,3,1,5,5,2,2,3,5,4,4,3,3,4,3,3.2,2
"489",2,19,"1",1,4,5,3,5,1,4,4,3,3,5,2,1,5,4,3,2,3,4,2,4,4,3,4,4,3.32,2
"490",2,19,"1",2,1,3,2,5,1,4,5,1,4,5,1,1,4,3,3,1,1,5,4,4,4,3,4,4,3,1
"491",2,19,"1",5,3,3,2,4,1,3,5,2,2,5,1,1,5,4,2,2,2,4,2,3,5,2,4,4,3.04,2
"492",2,23,"1",1,5,4,1,5,1,4,4,4,1,4,1,1,4,4,3,1,1,5,2,3,4,2,4,3,2.88,1
"493",3,21,"1",1,4,1,3,4,1,1,5,4,4,5,4,3,4,4,4,2,2,5,4,4,3,4,3,4,3.32,2
"494",3,21,"1",3,3,3,3,4,2,4,4,2,3,5,3,2,5,3,3,2,2,5,5,4,2,4,4,3,3.32,2
"495",3,21,"1",3,3,1,1,4,1,5,4,4,4,4,5,2,5,4,3,4,2,4,2,4,4,2,4,5,3.36,2
"496",3,21,"1",1,4,2,4,5,1,4,5,2,3,5,3,4,5,5,4,2,2,5,5,5,5,4,2,4,3.64,2
"497",3,22,"1",1,4,4,3,4,1,4,4,4,5,5,2,1,5,2,2,1,4,5,5,3,4,3,3,4,3.32,2
"498",2,23,"1",3,2,3,3,4,1,4,4,4,3,5,1,2,5,4,3,2,2,5,4,5,4,3,3,4,3.32,2
"499",2,23,"1",3,4,4,1,4,1,3,4,4,4,5,2,1,4,4,3,2,2,5,5,3,5,4,3,4,3.36,2
"500",2,23,"1",4,3,3,2,4,2,3,5,4,4,5,2,2,5,4,2,2,2,5,4,3,5,1,4,3,3.32,2
"501",3,23,"1",3,5,3,2,5,3,5,4,2,3,4,2,2,3,4,2,2,2,3,3,4,5,2,4,4,3.24,2
"502",2,19,"1",1,4,4,3,4,1,4,5,1,2,5,2,4,4,2,3,3,3,5,3,4,2,3,4,4,3.2,2
"503",1,18,"1",1,1,3,1,5,1,5,4,1,4,5,1,2,4,4,3,3,3,3,3,3,3,3,2,5,2.92,1
"504",4,23,"1",3,4,1,4,1,4,3,4,2,3,2,3,4,4,4,3,3,2,5,4,4,3,5,4,4,3.32,2
"505",1,18,"1",3,5,5,5,4,5,5,5,5,4,2,3,2,2,2,1,2,1,3,5,5,4,1,4,5,3.52,2
"506",1,19,"1",1,3,1,1,4,1,5,5,3,2,5,1,1,3,1,3,4,1,3,2,4,3,3,3,5,2.72,1
"507",1,23,"1",1,3,3,1,4,1,4,3,3,2,5,2,1,4,3,2,2,3,3,2,2,4,3,2,5,2.72,1
"508",4,21,"1",3,5,5,1,3,1,5,4,4,3,4,4,1,4,2,4,5,4,4,2,5,5,4,2,4,3.52,2
"509",1,23,"0",3,1,1,3,4,1,5,5,2,5,5,4,2,3,5,4,3,1,3,3,4,4,3,4,3,3.24,2
"510",2,21,"0",1,4,5,3,4,1,5,4,3,2,4,3,2,3,4,4,2,2,3,1,2,3,4,2,3,2.96,1
"511",2,21,"1",3,1,3,1,4,1,4,3,3,3,3,4,2,4,2,2,4,2,2,2,2,4,2,2,4,2.68,1
"512",2,21,"1",1,1,3,2,4,1,4,3,4,4,5,3,3,3,4,3,3,2,3,3,3,2,3,4,3,2.96,1
"513",3,22,"1",4,3,1,1,4,1,3,4,1,4,5,4,3,3,3,3,2,1,3,3,4,3,3,2,5,2.92,1
"514",4,23,"1",3,1,4,1,2,1,4,2,4,3,1,4,2,4,5,5,2,2,4,2,2,2,2,4,4,2.8,1
"515",4,25,"1",3,1,1,3,2,3,3,2,1,5,4,2,1,2,1,2,3,2,1,2,5,1,2,3,2,2.28,1
"516",4,22,"1",1,1,1,1,1,1,5,1,1,1,1,1,1,5,5,5,1,1,1,1,1,1,3,2,1,1.76,1
"517",4,22,"0",1,1,1,1,1,1,1,1,4,2,4,4,4,2,2,5,2,1,1,1,1,1,1,1,1,1.8,1
"518",4,23,"1",5,5,2,5,1,2,5,5,2,4,4,2,2,1,4,5,1,2,5,2,1,5,5,2,5,3.28,2
"519",4,22,"1",5,1,2,5,1,1,4,1,4,4,4,4,4,1,2,5,5,3,3,1,2,2,3,2,4,2.92,1
"520",4,25,"1",5,5,2,5,1,2,5,5,4,4,2,4,2,1,4,5,1,2,5,2,3,5,2,3,2,3.24,2
"521",4,22,"1",5,5,2,5,1,2,5,5,4,4,2,4,2,1,4,5,1,2,4,5,4,4,2,3,2,3.32,2
"522",4,23,"0",1,1,1,4,1,1,1,1,2,1,1,1,2,1,1,1,2,1,1,2,1,1,3,2,1,1.4,1
"523",4,21,"1",3,1,1,3,2,3,3,2,1,2,3,2,3,5,2,3,2,3,1,3,2,1,2,1,2,2.24,1
"524",4,22,"1",1,1,1,1,2,1,5,2,1,2,1,2,1,2,1,1,2,2,1,1,2,2,2,3,4,1.76,1
"525",4,22,"1",3,1,1,1,5,4,5,4,2,4,2,4,1,4,1,2,3,2,3,3,2,2,2,4,4,2.76,1
"526",4,22,"1",3,4,2,2,3,2,2,4,3,3,3,2,2,3,2,2,4,3,2,3,2,3,2,4,4,2.76,1
"527",4,25,"1",1,3,1,1,5,3,5,3,2,3,5,5,5,5,5,3,2,3,3,4,3,4,2,2,1,3.16,1
"528",4,22,"1",3,1,4,1,2,3,4,3,4,3,4,3,4,3,3,3,3,1,4,4,3,2,4,3,4,3.04,1
"529",3,23,"1",5,5,5,5,5,5,5,5,3,2,5,5,4,3,1,3,4,2,3,5,3,5,5,3,1,3.88,2
"530",3,24,"0",5,4,3,2,1,4,5,5,4,3,4,1,5,4,3,4,2,4,5,3,2,5,4,2,1,3.4,2
"531",2,23,"1",4,5,3,5,2,5,3,5,1,3,5,3,5,3,5,3,5,3,5,3,5,2,1,3,4,3.64,2
"532",2,21,"1",3,5,4,5,3,5,3,4,5,3,5,1,3,5,3,5,1,4,5,2,5,1,5,3,4,3.68,2
"533",1,22,"0",1,2,3,2,3,4,3,1,2,1,2,3,4,2,3,2,3,3,4,3,4,2,4,4,2,2.68,1
"534",1,21,"1",1,1,2,3,2,3,2,1,2,2,3,4,3,2,3,2,3,2,3,1,2,1,3,2,1,2.16,1
"535",1,23,"1",1,2,1,2,3,4,3,1,2,3,3,3,2,2,1,3,3,5,2,4,3,2,4,2,3,2.56,1
"536",1,21,"0",1,2,1,5,2,1,2,1,2,2,3,2,2,3,3,4,2,3,2,3,2,5,3,3,5,2.56,1
"537",1,23,"1",2,1,3,1,3,1,4,2,1,3,1,3,1,3,1,3,5,3,4,5,3,4,5,3,2,2.68,1
"538",1,21,"0",3,1,4,2,1,3,2,2,5,2,1,3,1,2,1,3,1,3,1,3,4,4,2,5,3,2.48,1
"539",1,22,"1",3,2,4,5,1,2,3,5,2,4,2,3,2,5,4,2,5,1,2,4,5,2,2,1,3,2.96,1
"540",1,23,"0",2,3,4,5,3,2,5,1,2,3,2,1,2,4,5,4,5,3,4,1,2,3,3,4,3,3.04,1
"541",1,23,"0",1,2,1,3,4,5,1,1,2,3,2,5,3,4,5,4,5,3,4,5,3,1,2,4,2,3,1
"542",1,23,"0",3,4,5,2,1,3,5,3,3,3,4,3,1,2,2,1,2,1,3,4,3,2,4,5,3,2.88,1
"543",1,23,"0",5,2,4,3,4,4,5,3,2,4,4,3,3,1,2,5,3,1,4,2,4,3,5,1,4,3.24,2
"544",1,21,"1",3,2,4,2,1,3,5,3,2,1,3,4,5,2,2,4,2,3,1,3,5,4,1,3,5,2.92,1
"545",1,23,"1",2,1,3,4,3,4,5,3,2,3,1,2,2,4,4,2,1,5,4,1,4,5,2,3,1,2.84,1
"546",1,21,"1",5,3,4,2,1,4,5,4,3,2,1,4,3,2,1,2,2,4,5,3,2,2,3,5,4,3.04,2
"547",1,19,"1",2,1,3,4,4,3,5,3,2,3,2,3,4,5,4,3,2,1,1,3,3,4,4,2,5,3.04,1
"548",1,23,"1",3,2,4,1,4,3,5,4,3,4,2,1,3,4,5,1,3,2,1,4,5,3,2,3,4,3.04,1
"549",1,19,"1",1,2,3,1,2,4,5,3,1,3,4,2,4,1,4,2,4,1,5,3,1,4,3,2,5,2.8,1
"550",1,21,"1",1,2,2,3,4,1,2,1,2,3,4,1,2,5,1,1,3,1,3,4,5,3,4,5,3,2.64,1
"551",1,23,"1",1,2,3,4,2,3,1,1,2,3,3,4,3,4,1,2,1,3,4,5,2,2,4,5,4,2.76,1
"552",1,23,"1",1,2,1,3,4,5,2,1,1,3,4,5,1,2,3,1,2,3,2,3,4,4,4,3,4,2.72,1
"553",1,22,"1",1,2,3,2,2,3,5,1,2,1,2,3,4,5,4,4,3,2,3,2,3,4,3,4,5,2.92,1
"554",1,23,"1",5,4,3,4,5,3,5,5,1,3,4,3,1,3,4,2,4,1,3,5,2,4,2,4,1,3.24,2
"555",1,18,"1",5,1,1,2,3,5,2,3,4,4,1,4,4,2,5,3,5,3,1,4,5,5,4,1,2,3.16,2
"556",1,19,"0",3,1,1,1,1,4,5,5,1,5,5,1,1,1,5,1,1,1,2,2,1,3,4,5,5,2.6,1
"557",1,23,"1",5,1,1,2,4,3,2,3,4,2,5,1,5,3,4,2,5,1,3,4,2,3,5,4,5,3.16,2
"558",1,18,"1",1,1,1,3,1,4,2,1,1,1,4,4,3,1,5,1,5,1,1,4,5,1,1,2,4,2.32,1
"559",1,23,"1",1,5,2,2,5,5,5,5,1,2,1,1,1,2,2,1,2,1,2,1,2,1,3,5,3,2.44,1
"560",1,23,"1",1,5,2,2,5,5,5,5,3,2,1,1,2,5,2,4,1,1,2,3,4,3,4,3,3,2.96,1
"561",1,19,"1",1,4,5,5,5,5,5,3,5,5,4,5,1,4,2,1,1,1,5,4,5,4,4,5,3,3.68,2
"562",1,21,"1",1,4,2,1,3,1,4,5,3,4,5,1,3,5,2,5,3,1,5,3,4,5,4,4,3,3.24,2
"563",1,23,"1",5,4,1,1,1,1,1,2,4,1,3,3,1,2,1,2,2,2,1,1,4,4,1,2,4,2.16,1
"564",1,23,"1",5,4,1,1,3,1,5,2,4,1,3,3,1,2,1,2,2,2,1,1,3,4,4,3,4,2.52,1
"565",1,19,"1",5,1,1,1,5,1,5,2,4,1,3,3,1,2,1,2,2,2,1,1,4,4,1,2,4,2.36,1
"566",1,23,"1",1,1,1,3,1,1,3,3,3,3,3,2,2,2,2,4,2,2,2,3,2,2,3,4,4,2.36,1
"567",1,23,"1",5,1,2,3,3,3,2,3,2,3,1,4,4,2,4,3,1,1,2,3,3,3,3,4,3,2.72,1
"568",1,22,"1",1,5,5,1,1,4,5,4,5,4,4,2,1,3,4,3,3,2,1,1,1,1,3,4,5,2.92,1
"569",1,23,"1",1,1,1,3,5,3,4,3,2,2,2,4,2,2,4,3,2,2,2,3,3,3,2,3,3,2.6,1
"570",4,22,"0",3,3,3,3,4,3,3,5,3,1,1,1,1,5,2,3,2,2,4,2,4,2,4,3,2,2.76,1
"571",4,22,"1",3,4,3,1,5,3,4,5,1,1,2,3,3,4,3,4,2,2,4,3,3,4,2,4,3,3.04,1
"572",2,23,"1",3,4,3,3,4,3,5,4,3,3,5,1,1,5,4,3,2,2,2,2,4,3,3,4,4,3.2,2
"573",3,21,"1",3,3,1,1,4,3,1,4,3,3,4,2,1,3,3,3,2,2,3,2,2,2,2,2,3,2.48,1
"574",3,22,"1",3,1,3,3,4,3,5,4,1,1,4,1,1,3,3,3,2,1,3,3,2,2,3,2,5,2.64,1
"575",4,22,"0",3,3,2,2,4,3,4,5,2,2,3,2,3,3,2,4,2,2,3,3,2,4,1,3,2,2.76,1
"576",3,23,"0",1,1,4,1,1,1,1,5,4,3,4,2,4,5,1,4,1,1,1,1,2,4,1,5,5,2.52,1
"577",4,24,"1",1,3,1,3,4,1,5,3,2,2,5,2,1,3,2,4,2,2,2,3,2,2,3,2,5,2.6,1
"578",1,23,"0",2,2,3,4,4,4,2,2,2,1,2,4,4,4,4,2,1,1,1,4,2,1,1,1,2,2.4,1
"579",1,21,"0",3,2,2,2,3,3,3,3,3,3,3,1,1,2,4,4,1,1,2,1,1,1,1,1,4,2.2,1
"580",1,21,"0",4,1,5,3,4,3,4,3,3,4,2,4,1,3,5,2,4,1,5,3,1,4,4,1,5,3.16,2
"581",1,21,"0",5,4,1,3,1,1,2,4,3,5,1,2,4,5,2,3,4,3,5,5,2,2,4,5,2,3.12,2
"582",1,23,"0",1,2,4,5,3,2,1,4,3,3,5,4,3,5,4,3,3,5,4,2,5,1,5,3,1,3.24,2
"583",1,21,"0",1,5,1,4,2,2,3,4,4,3,5,3,2,2,4,2,3,5,1,5,2,4,2,4,5,3.12,2
"584",1,23,"0",2,4,3,5,1,1,2,2,4,3,2,3,1,4,3,4,2,1,4,1,5,3,2,1,5,2.72,1
"585",2,23,"1",2,1,2,3,4,5,4,3,1,5,2,4,1,3,5,2,5,4,2,4,4,1,4,3,1,3,1
"586",2,23,"0",1,4,2,5,1,3,4,4,5,4,2,5,2,4,1,2,4,1,3,1,5,2,3,1,5,2.96,1
"587",2,21,"1",5,1,3,4,2,5,1,3,2,1,2,3,2,2,3,4,5,4,3,4,3,2,3,1,2,2.8,1
"588",2,21,"1",5,4,3,4,1,2,1,3,4,3,2,1,2,3,2,3,4,5,4,3,3,2,3,1,1,2.76,1
"589",2,23,"1",3,5,2,5,3,5,2,4,5,3,5,2,5,3,5,3,5,3,5,2,4,4,3,1,4,3.64,2
"590",1,23,"1",1,1,5,5,2,3,5,4,5,4,4,5,5,2,1,4,4,5,4,2,3,5,1,5,4,3.56,2
"591",1,19,"1",5,3,5,3,1,4,5,3,5,4,5,5,3,5,4,5,4,4,4,5,5,4,5,5,2,4.12,2
"592",1,19,"1",5,3,1,1,5,3,5,4,4,4,5,1,1,3,1,1,1,1,3,3,3,3,1,3,5,2.8,1
"593",1,19,"1",5,5,3,1,5,1,4,3,1,1,1,1,1,5,1,1,4,5,3,2,5,3,4,5,2,2.88,1
"594",1,23,"1",3,5,1,3,5,1,4,3,2,4,4,2,1,4,4,3,2,2,2,2,3,2,2,5,5,2.96,1
"595",1,21,"1",4,5,4,5,2,5,3,4,5,2,5,3,5,3,1,1,3,4,2,1,5,4,4,5,2,3.48,2
"596",1,22,"1",4,5,3,1,5,3,5,4,3,5,3,5,2,5,5,3,5,2,3,4,2,1,3,4,3,3.52,2
"597",1,23,"0",3,3,5,5,3,3,1,5,5,3,4,4,3,3,3,4,5,4,2,3,5,4,4,5,2,3.64,2
"598",1,19,"0",5,3,1,5,5,4,2,5,4,4,4,5,5,5,3,5,3,3,5,1,4,5,5,3,1,3.8,2
"599",1,22,"0",5,3,4,5,5,1,5,5,4,3,2,5,1,4,4,3,4,5,3,5,3,5,5,5,5,3.96,2
"600",1,19,"0",3,4,3,5,5,2,1,5,5,5,4,5,5,5,5,3,5,5,3,4,1,5,1,4,4,3.88,2
"601",1,23,"0",5,5,3,2,1,5,4,5,5,5,2,2,2,1,5,4,4,3,5,3,5,3,3,5,2,3.56,2
"602",1,21,"1",5,5,3,2,5,4,4,5,3,5,4,3,4,1,3,5,3,5,3,5,3,5,4,3,5,3.88,2
"603",1,22,"1",5,2,3,4,5,5,4,1,2,4,5,3,1,5,5,1,1,2,4,5,4,4,3,5,4,3.48,2
"604",1,23,"0",3,3,4,5,3,5,3,1,4,5,4,5,3,5,5,3,3,2,1,2,1,4,2,5,3,3.36,2
"605",1,22,"0",5,4,3,2,5,3,7,2,4,4,1,3,3,4,5,3,2,4,4,2,4,2,4,4,5,3.56,2
"606",1,21,"1",3,2,4,1,5,5,4,3,3,5,2,4,1,5,2,4,4,5,1,3,3,4,5,4,3,3.4,2
"607",1,19,"1",3,3,3,3,3,1,4,4,5,3,3,3,3,4,4,5,2,3,1,4,1,3,3,4,5,3.2,2
"608",1,23,"1",5,3,4,5,4,1,2,3,5,3,5,5,3,2,4,3,1,4,4,4,1,5,3,5,3,3.48,2
"609",1,21,"1",3,4,5,3,5,3,1,4,5,4,5,3,5,4,1,5,3,2,4,3,5,4,4,3,4,3.68,2
"610",1,22,"1",5,4,3,4,5,3,5,2,4,5,1,4,2,5,3,2,4,3,4,4,5,5,5,3,5,3.8,2
"611",1,23,"1",5,1,3,1,4,1,3,2,4,2,1,3,3,5,4,5,2,5,3,2,3,1,5,4,4,3.04,1
"612",1,21,"0",3,4,4,5,5,3,1,5,4,5,3,2,5,4,2,3,4,2,1,5,3,1,3,5,3,3.4,2
"613",1,23,"0",3,5,3,5,3,2,4,5,4,3,4,5,4,4,2,5,4,1,5,4,5,5,5,1,1,3.68,2
"614",1,19,"0",3,4,3,2,4,5,3,5,5,5,3,3,3,4,2,4,5,2,4,3,1,5,5,3,3,3.56,2
"615",1,22,"0",5,3,4,5,4,3,5,3,5,3,3,5,2,4,2,4,3,4,2,5,2,4,5,3,2,3.6,2
"616",1,23,"0",5,3,3,3,4,4,4,5,1,1,1,3,3,4,4,1,5,4,4,1,5,5,2,4,4,3.32,2
"617",1,24,"0",5,4,3,5,1,4,5,5,1,4,3,4,1,1,5,2,3,3,5,5,4,4,4,5,2,3.52,2
"618",1,24,"0",5,4,4,3,5,3,2,3,3,4,3,2,2,2,1,2,3,5,1,4,2,2,4,3,1,2.92,1
"619",1,19,"1",5,3,4,3,3,5,3,4,4,3,2,3,4,3,2,3,5,4,2,1,5,4,1,5,3,3.36,2
"620",1,25,"1",4,4,3,1,3,4,5,2,4,4,2,2,4,5,3,1,5,2,3,4,2,5,3,2,4,3.24,2
"621",1,24,"1",3,4,3,4,3,2,1,4,3,2,4,4,4,3,3,3,2,4,3,4,4,5,4,5,2,3.32,2
"622",1,23,"1",4,3,3,3,2,3,2,5,4,3,4,4,4,4,1,5,4,3,2,5,1,4,2,3,4,3.28,2
"623",1,21,"1",4,2,4,1,4,2,3,5,4,2,1,4,4,5,4,5,1,1,2,2,5,4,2,5,4,3.2,2
"624",2,23,"1",5,3,4,5,4,1,2,3,5,3,5,5,5,3,5,5,5,4,5,3,1,1,5,4,5,3.84,2
"625",2,22,"1",3,4,5,3,5,3,1,4,5,4,5,4,5,5,5,5,3,2,4,5,4,5,5,3,5,4.08,2
"626",2,23,"1",5,4,3,4,5,3,5,2,4,5,1,5,2,4,5,1,2,2,1,5,5,4,5,5,3,3.6,2
"627",2,2,"1",5,1,3,1,4,1,3,2,4,2,1,3,3,5,4,3,5,4,5,5,4,2,3,4,2,3.16,2
"628",2,3,"1",3,4,4,5,5,3,1,5,4,5,3,3,1,3,3,5,4,3,5,4,4,2,5,4,1,3.56,2
"629",2,21,"1",3,5,3,5,3,2,4,5,4,3,4,5,2,2,4,3,4,5,4,3,4,2,4,5,2,3.6,2
"630",2,21,"1",3,4,3,2,4,5,3,5,5,5,3,4,3,3,3,5,5,4,5,2,4,2,4,3,4,3.72,2
"631",2,23,"0",5,4,5,3,5,2,5,5,4,5,4,4,2,5,5,2,2,4,4,3,4,4,1,5,4,3.84,2
"632",2,23,"0",3,4,5,6,7,8,9,4,2,1,2,1,2,4,5,3,3,3,1,1,1,5,2,3,3,3.52,2
"633",2,22,"0",1,1,1,3,2,5,2,1,2,1,1,3,1,1,3,4,2,5,2,2,2,1,2,3,5,2.24,1
"634",2,23,"0",5,4,5,3,5,4,5,3,5,1,5,3,5,3,5,4,4,1,5,4,3,2,3,5,4,3.84,2
"635",2,21,"0",4,3,2,5,3,5,4,3,2,4,5,4,3,4,5,3,5,5,4,3,2,2,1,1,3,3.4,2
"636",2,22,"0",3,5,3,5,3,3,3,5,5,4,4,2,3,5,3,5,1,4,2,1,4,2,1,1,1,3.12,2
"637",2,23,"1",1,4,5,3,5,3,5,4,5,3,5,4,4,3,4,4,2,1,5,4,4,2,1,5,3,3.56,2
"638",2,21,"1",4,3,5,3,5,4,1,4,3,5,1,4,5,3,5,2,3,4,2,1,4,2,3,5,4,3.4,2
"639",2,21,"1",3,3,3,1,4,4,5,3,3,3,3,3,5,4,4,4,2,3,5,4,5,2,5,5,4,3.6,2
"640",2,23,"1",4,5,4,1,2,3,5,3,5,5,3,1,3,5,3,3,5,1,4,5,3,4,3,5,3,3.52,2
"641",2,21,"0",5,3,5,3,1,4,5,4,5,3,5,3,5,1,1,5,3,5,3,5,2,5,3,3,5,3.68,2
"642",2,22,"0",3,4,5,3,5,2,4,5,1,4,2,5,5,3,3,5,3,4,1,5,3,5,3,3,3,3.56,2
"643",2,23,"0",3,1,4,1,3,2,4,2,1,3,3,5,3,4,1,3,5,3,5,3,5,3,1,5,3,3.04,1
"644",2,22,"0",4,5,5,3,1,5,4,5,3,2,5,3,1,1,1,5,3,5,3,5,3,1,4,3,4,3.36,2
"645",2,21,"1",3,5,3,2,4,5,4,3,4,5,4,4,5,3,1,2,4,5,4,4,5,5,4,5,4,3.88,2
"646",2,23,"1",3,2,4,5,3,5,5,5,3,3,3,4,5,3,5,2,1,2,1,4,4,5,5,5,1,3.52,2
"647",2,23,"1",4,5,4,3,5,3,5,3,3,5,2,3,3,5,3,2,3,3,4,5,4,2,1,3,4,3.48,2
"648",4,23,"1",5,3,3,3,3,1,5,4,3,4,5,2,1,1,3,3,2,2,1,2,1,1,1,4,4,2.68,1
"649",4,25,"1",3,4,5,4,3,4,3,3,1,4,2,2,3,4,4,4,2,2,3,2,2,2,2,3,5,3.04,1
"650",4,23,"1",1,3,3,3,5,2,3,4,2,2,4,2,2,4,4,3,2,1,3,3,4,4,2,4,4,2.96,1
"651",4,22,"1",3,3,3,1,4,3,1,4,3,2,5,3,3,4,2,3,2,2,3,2,2,4,2,3,5,2.88,1
"652",4,24,"0",5,5,1,5,5,5,5,5,5,5,5,5,5,5,3,5,1,5,1,5,1,5,5,5,5,4.28,2
"653",3,23,"1",1,1,1,3,4,1,4,4,4,2,5,3,1,3,3,4,3,1,3,3,3,4,3,2,5,2.84,1
"654",2,23,"1",2,3,4,2,3,3,3,4,2,3,3,2,2,3,3,2,3,2,3,2,4,3,3,5,2,2.84,1
"655",1,18,"1",5,1,1,2,3,5,4,4,2,1,1,2,1,3,4,1,3,1,1,2,2,2,3,2,5,2.44,1
"656",1,23,"1",5,5,4,4,5,3,5,5,4,4,3,4,3,4,3,4,2,4,2,3,2,3,2,3,2,3.52,2
"657",1,23,"1",5,5,4,4,4,4,3,5,4,4,5,4,4,5,4,5,5,3,3,3,5,4,2,4,2,4,2
"658",1,23,"0",5,4,3,4,2,5,3,5,3,4,3,4,3,4,4,3,4,2,4,2,4,2,1,4,2,3.36,2
"659",1,23,"0",5,4,3,4,4,3,2,5,3,4,2,4,2,4,2,2,4,2,3,2,3,2,3,2,2,3.04,2
"660",1,23,"0",5,3,2,3,4,2,2,5,4,4,4,4,3,2,4,2,2,5,3,2,2,3,3,1,2,3.04,2
"661",1,23,"0",5,1,5,1,5,4,1,5,3,2,4,2,4,2,3,1,3,4,1,3,2,3,2,2,4,2.88,1
"662",1,23,"0",5,1,5,4,2,3,1,5,3,2,4,1,3,4,4,1,4,1,4,1,4,1,2,3,1,2.76,1
"663",1,23,"0",4,5,3,1,5,1,4,5,3,4,5,3,4,5,4,5,2,1,3,5,4,3,2,4,5,3.6,2
"664",1,23,"1",4,5,1,5,3,5,1,4,5,2,5,3,5,2,5,2,1,2,1,4,2,1,4,4,5,3.24,2
"665",1,23,"1",2,2,4,5,1,2,2,4,5,1,2,2,4,2,4,2,2,1,2,4,5,1,2,4,2,2.68,1
"666",1,23,"0",2,4,3,4,1,1,1,2,2,2,4,1,1,1,1,2,1,1,2,1,1,2,1,2,4,1.88,1
"667",1,23,"0",3,2,1,1,2,3,4,4,2,2,1,2,4,4,1,1,2,2,1,2,1,1,2,3,2,2.12,1
"668",1,23,"1",3,1,2,1,3,4,4,2,1,1,1,2,2,1,2,3,3,4,2,2,2,2,1,1,3,2.12,1
"669",1,23,"1",4,3,2,1,2,2,3,2,4,1,1,1,3,4,4,4,4,2,1,3,2,4,4,5,2,2.72,1
"670",2,22,"1",5,4,2,5,4,2,4,5,4,3,5,4,1,4,3,2,5,2,3,4,1,3,4,3,5,3.48,2
"671",2,25,"0",3,5,2,4,1,3,1,2,1,3,4,5,2,4,3,5,3,2,2,2,4,3,3,2,2,2.84,1
"672",2,24,"1",3,2,4,1,1,3,3,4,1,1,4,1,5,1,2,1,2,3,2,1,2,3,1,2,4,2.28,1
"673",2,23,"0",4,5,3,4,2,3,1,4,5,3,1,4,2,4,2,4,1,4,1,3,4,1,4,1,2,2.88,1
"674",2,21,"1",3,5,4,5,3,2,1,4,1,2,4,2,4,2,5,1,1,2,3,4,5,1,1,2,3,2.8,1
"675",2,21,"1",5,3,5,3,2,3,5,4,1,2,2,1,5,4,2,1,2,4,4,2,1,1,2,3,5,2.88,1
"676",3,23,"1",4,5,2,1,4,1,5,2,2,4,1,5,2,5,1,3,5,2,1,4,5,2,4,2,4,3.04,1
"677",3,22,"0",2,4,5,3,2,2,3,4,2,4,4,1,2,4,5,4,5,2,3,5,3,5,3,2,1,3.2,2
"678",3,22,"0",2,3,1,1,2,4,5,1,1,2,4,2,1,1,5,5,2,1,1,2,3,2,4,5,2,2.48,1
"679",3,22,"1",4,5,3,5,3,5,2,4,5,3,5,3,5,3,5,1,5,3,5,3,5,4,5,4,5,4,2
"680",3,22,"1",5,2,5,3,5,5,3,5,2,2,4,1,1,2,4,4,2,3,2,4,5,2,1,2,4,3.12,1
"681",3,21,"0",4,5,3,5,1,4,1,4,5,3,5,3,5,2,2,5,2,2,3,4,2,2,3,4,3,3.28,2
"682",3,21,"0",4,3,1,5,2,4,3,5,2,5,2,2,3,5,3,5,6,3,2,3,4,5,2,5,5,3.56,2
"683",3,22,"0",4,5,4,2,3,4,3,5,4,2,3,3,3,3,2,2,2,4,4,5,5,3,3,4,2,3.36,2
"684",4,23,"0",3,3,3,2,1,1,3,1,4,2,2,2,4,4,2,1,1,2,2,1,1,2,2,1,1,2.04,1
"685",4,23,"1",2,4,3,3,3,5,2,4,4,2,3,3,3,2,1,1,1,2,1,1,1,1,2,3,5,2.48,1
"686",4,23,"1",3,1,4,3,4,2,5,3,2,2,1,3,4,4,2,3,1,4,1,2,2,4,4,2,4,2.8,1
"687",4,25,"1",2,4,1,5,2,4,1,3,2,4,2,1,5,3,5,3,2,4,3,5,1,4,2,4,1,2.92,1
"688",4,25,"0",5,3,4,2,4,1,3,4,5,2,4,2,1,4,2,5,2,4,2,4,2,1,4,2,1,2.92,1
"689",4,24,"0",5,3,4,1,3,4,1,2,5,3,5,3,2,1,4,3,4,3,4,5,2,1,1,2,4,3,1
"690",4,24,"1",4,2,4,3,1,5,4,3,4,1,2,4,1,2,4,4,2,1,1,2,2,3,2,1,4,2.64,1
"691",4,24,"0",4,5,3,4,3,2,2,3,2,1,1,4,4,5,3,5,2,1,2,1,4,5,2,4,2,2.96,1
"692",1,18,"1",5,1,4,5,1,5,4,4,2,4,4,2,2,2,4,4,2,2,2,2,2,2,2,4,4,3,2
"693",1,21,"1",3,3,4,4,4,5,1,1,1,3,3,5,3,4,2,3,1,5,5,1,4,4,4,3,5,3.24,2
"694",1,19,"1",3,5,1,4,5,5,1,4,3,4,1,5,3,5,2,3,2,4,5,5,4,4,4,3,4,3.56,2
"695",1,19,"1",4,3,5,3,2,3,3,4,3,2,2,2,4,2,2,5,5,3,2,3,2,1,1,5,3,2.96,2
"696",1,19,"0",4,3,3,5,3,4,4,3,2,3,4,3,2,2,2,5,3,3,5,4,4,5,5,5,3,3.56,2
"697",1,23,"0",3,1,3,4,5,2,4,4,2,2,4,2,5,3,4,1,2,4,5,4,4,5,5,5,4,3.48,2
"698",1,19,"0",3,4,3,2,1,4,3,2,4,4,4,5,2,3,3,3,4,4,2,1,4,2,1,5,4,3.08,2
"699",1,21,"0",3,3,2,3,2,5,4,3,4,4,4,3,3,3,3,4,2,1,5,4,4,2,1,5,3,3.2,2
"700",1,22,"1",4,1,4,2,3,5,4,2,1,4,4,5,2,4,5,2,3,4,2,1,4,2,3,3,4,3.12,2
"701",1,21,"1",2,4,1,4,2,4,1,5,4,4,5,4,4,5,2,4,2,3,5,4,5,2,5,3,4,3.52,2
"702",2,22,"1",4,2,4,2,4,4,2,5,3,1,3,2,4,3,1,3,5,1,4,5,3,4,3,4,3,3.16,2
"703",2,23,"1",4,2,4,1,3,5,2,3,1,5,2,4,1,5,3,5,3,5,3,5,2,5,3,4,2,3.28,2
"704",2,21,"0",5,3,4,5,2,4,4,2,4,3,1,5,3,2,4,4,5,5,3,1,5,4,5,4,5,3.68,2
"705",2,22,"0",4,4,1,3,4,3,5,3,4,2,3,5,4,5,2,3,5,3,2,4,5,4,3,3,2,3.44,2
"706",3,21,"1",3,4,1,3,4,3,4,4,4,3,4,3,4,4,2,3,2,3,3,3,2,3,4,2,3,3.12,2
"707",4,24,"0",5,5,5,1,5,2,5,4,2,3,2,2,2,3,2,2,2,4,3,4,2,2,2,4,3,3.04,1
"708",4,23,"0",5,5,5,5,5,5,5,4,2,4,3,2,2,2,3,3,2,2,3,2,2,4,2,4,4,3.4,2
"709",4,24,"1",3,3,4,4,4,3,5,4,3,4,5,2,2,4,2,4,1,4,4,4,2,1,2,4,5,3.32,2
"710",4,21,"1",3,4,1,3,4,5,5,4,4,3,2,5,1,3,4,3,3,5,3,4,3,3,3,5,3,3.44,2
"711",4,24,"1",1,3,1,3,5,1,4,4,2,5,5,2,1,4,2,3,1,1,3,2,4,3,3,2,4,2.76,1
"712",4,23,"0",1,3,1,4,5,1,4,4,2,5,5,3,1,2,5,4,2,2,3,4,4,4,2,2,4,3.08,1
"713",4,23,"0",1,3,1,1,5,1,5,4,3,5,5,3,1,2,4,5,2,1,3,4,2,3,5,5,4,3.12,1
"714",1,23,"1",2,1,5,2,1,3,2,2,1,5,4,1,3,1,3,1,3,1,2,4,2,4,5,4,5,2.68,1
"715",1,23,"1",2,5,2,1,3,2,4,2,1,1,3,1,4,5,2,3,4,4,1,2,4,5,2,3,3,2.76,1
"716",2,22,"0",5,4,2,1,5,4,2,5,4,1,2,2,2,4,4,5,4,3,2,2,1,4,4,3,4,3.16,2
"717",3,24,"1",4,3,5,4,4,4,4,3,4,4,4,5,5,4,4,4,4,3,2,3,4,5,4,4,3,3.88,2
"718",4,22,"1",3,4,5,4,5,5,5,3,4,3,4,1,2,3,4,5,3,2,5,4,1,4,2,3,4,3.52,2
"719",1,21,"1",3,5,5,4,5,3,5,5,4,4,2,4,4,5,3,5,5,4,4,4,2,3,2,4,5,3.96,2
"720",3,24,"1",3,3,1,2,5,5,2,4,4,5,5,2,1,3,3,4,2,2,3,3,2,3,3,5,2,3.08,1
"721",1,23,"0",5,4,2,4,2,1,5,5,3,2,4,3,2,3,3,4,2,1,1,4,2,5,3,5,2,3.08,2
"722",1,23,"1",1,3,2,4,1,2,5,4,1,5,3,2,4,1,5,5,1,2,4,5,3,3,5,3,1,3,1
"723",1,23,"0",5,4,5,4,3,4,1,2,5,3,4,2,3,1,5,3,2,5,3,4,1,5,3,2,5,3.36,2
"724",1,23,"1",2,1,3,4,5,3,1,2,5,4,2,3,5,4,1,3,5,3,2,5,3,2,4,2,1,3,1
"725",1,19,"1",4,3,4,2,3,1,2,4,2,5,2,4,3,5,1,5,4,1,4,2,5,3,1,5,4,3.16,2
"726",1,23,"1",5,4,3,4,2,3,1,2,5,2,4,1,5,3,1,4,5,2,5,3,1,5,1,3,5,3.16,2
"727",1,21,"0",5,4,2,3,1,1,3,3,4,2,4,3,1,2,5,3,1,2,3,4,5,3,3,4,2,2.92,1
"728",1,22,"0",2,4,1,5,2,4,1,1,3,5,2,4,1,3,5,1,3,5,2,4,1,3,5,1,3,2.84,1
"729",1,21,"1",5,1,3,2,1,5,4,4,5,3,1,4,1,2,3,1,4,1,3,5,1,2,3,2,4,2.8,1
"730",1,24,"0",3,5,4,2,1,3,1,3,4,2,3,2,4,1,3,4,3,2,3,5,1,3,2,5,1,2.8,1
"731",1,22,"1",4,3,5,3,2,3,1,5,3,1,5,3,1,4,3,5,2,1,4,3,1,5,3,1,5,3.04,1
"732",1,23,"1",4,3,4,5,3,2,1,5,5,3,1,5,2,3,4,1,5,3,2,5,1,3,5,2,1,3.12,2
"733",1,22,"1",2,3,4,5,4,3,2,3,3,4,5,2,4,3,3,3,3,3,2,2,2,2,3,3,3,3.04,1
"734",1,24,"0",5,2,4,2,4,1,3,3,5,2,4,1,3,5,2,4,1,5,2,4,1,5,2,3,1,2.96,1
"735",1,23,"1",5,3,1,4,2,4,1,4,2,5,2,4,1,3,5,2,4,1,5,2,4,1,3,1,5,2.96,1
"736",1,22,"1",4,5,3,5,3,5,3,4,1,5,3,5,2,5,3,5,1,3,5,3,5,4,3,2,4,3.64,2
"737",2,21,"0",3,3,2,1,4,5,4,5,4,5,3,4,2,3,4,3,2,4,5,3,5,5,5,3,1,3.52,2
"738",2,22,"0",5,4,3,5,2,3,4,3,5,3,2,4,2,5,5,4,5,5,1,1,2,2,3,4,2,3.36,2
"739",2,23,"0",4,3,3,3,2,3,2,5,4,3,4,4,4,2,5,5,4,4,3,1,4,4,5,5,3,3.56,2
"740",2,24,"0",4,2,4,1,4,2,3,5,4,2,1,4,4,4,2,1,2,1,5,4,3,5,5,5,4,3.24,2
"741",2,23,"0",4,5,2,4,1,4,2,4,1,5,4,4,5,5,5,4,4,5,3,2,5,4,1,5,3,3.64,2
"742",2,24,"0",3,2,4,2,4,2,4,4,2,5,3,1,3,3,5,4,2,5,1,5,3,5,5,4,4,3.4,2
"743",2,21,"0",3,1,4,2,4,1,3,5,2,3,1,5,2,4,4,2,4,3,1,5,3,2,4,4,4,3.04,1
"744",2,22,"0",4,2,5,3,4,5,2,4,4,2,4,3,1,3,5,3,4,2,3,5,4,5,2,4,4,3.48,2
"745",2,23,"0",5,3,4,4,1,3,4,3,5,3,4,2,3,5,4,5,4,5,3,4,2,3,4,5,5,3.72,2
"746",2,22,"1",5,4,3,3,2,1,4,5,4,5,4,5,3,3,4,3,5,3,2,4,2,5,4,4,5,3.68,2
"747",2,24,"1",5,3,5,4,3,5,2,3,4,3,5,3,2,4,2,4,4,2,5,4,2,4,5,5,2,3.6,2
"748",2,22,"1",4,2,4,1,3,2,3,4,2,4,4,2,5,4,5,4,5,1,4,4,2,4,3,3,3,3.28,2
"749",2,22,"1",4,5,4,3,5,1,4,4,5,4,5,1,4,4,2,3,4,1,5,4,4,1,5,3,1,3.44,2
"750",2,23,"1",3,2,4,1,3,4,1,4,2,3,4,1,5,5,4,4,3,4,2,3,5,1,5,5,2,3.2,2
"751",2,23,"1",4,2,5,2,4,4,5,3,1,4,3,5,3,1,4,5,3,5,3,5,2,5,1,4,3,3.44,2
"752",2,22,"1",5,3,4,2,3,4,5,5,3,2,1,3,4,3,3,5,4,4,5,5,3,5,2,4,2,3.56,2
"753",2,24,"1",5,3,5,4,3,5,4,3,4,3,5,4,4,3,1,3,5,3,5,4,4,4,3,1,2,3.6,2
"754",2,23,"1",5,3,1,5,4,4,3,5,4,1,4,4,1,5,3,5,1,1,3,5,3,3,4,3,1,3.24,2
"755",2,22,"1",5,3,4,2,4,1,3,5,4,3,2,1,3,3,5,3,4,1,5,3,4,2,5,3,5,3.32,2
"756",2,23,"1",4,5,3,5,3,5,2,3,5,3,5,2,5,3,1,1,1,3,1,5,5,1,4,4,3,3.28,2
"757",2,21,"1",5,3,5,3,5,2,5,5,4,5,3,5,3,4,5,3,1,4,5,3,5,2,5,2,3,3.8,2
"758",2,21,"1",5,4,5,5,4,5,1,5,3,1,4,2,4,4,5,5,2,2,1,2,3,1,1,4,4,3.28,2
"759",2,22,"1",4,5,4,5,2,5,3,4,5,2,5,3,5,5,5,4,5,5,1,1,2,2,3,4,5,3.76,2
"760",2,23,"1",5,1,2,3,4,3,1,3,2,3,4,5,4,4,3,3,2,1,1,2,3,4,5,5,4,3.08,1
"761",2,22,"1",3,4,2,2,1,3,5,3,3,5,5,1,2,4,3,2,1,2,3,4,5,4,3,2,1,2.92,1
"762",2,23,"1",5,4,2,1,3,1,1,5,4,5,3,4,3,3,4,3,2,2,3,4,5,5,4,3,3,3.28,2
"763",2,22,"1",3,4,5,3,1,5,2,3,3,4,5,5,4,3,2,1,1,2,3,4,5,5,4,3,2,3.28,2
"764",2,24,"1",4,5,2,3,1,2,1,4,3,2,1,2,3,4,3,2,4,2,3,4,5,4,3,2,1,2.8,1
"765",2,23,"1",1,3,2,5,3,2,1,4,5,3,4,3,2,3,2,3,2,2,1,2,3,3,2,3,5,2.76,1
"766",2,22,"1",5,4,1,3,2,1,1,5,4,3,2,1,2,3,3,3,4,5,4,3,2,1,2,3,4,2.84,1
"767",2,25,"0",4,2,5,3,1,4,2,3,5,2,4,1,3,5,2,4,1,3,5,2,4,2,4,2,5,3.12,1
"768",2,24,"0",4,2,3,1,2,5,1,2,5,3,2,5,3,2,1,2,3,4,5,4,3,2,1,2,3,2.8,1
"769",2,24,"0",5,1,3,1,4,2,5,2,1,3,4,5,3,2,1,2,3,4,5,4,3,2,1,2,3,2.84,1
"770",2,25,"0",5,1,4,2,3,1,1,4,3,2,1,2,3,4,5,4,3,2,1,2,3,4,5,4,3,2.88,1
"771",2,24,"1",5,1,4,3,1,5,1,5,5,4,3,2,3,2,4,1,1,5,3,2,4,1,4,5,1,3,1
"772",2,24,"1",5,1,3,4,2,1,1,2,1,2,3,4,3,2,4,3,2,1,2,3,4,5,4,3,2,2.68,1
"773",2,23,"1",1,3,2,4,1,5,2,4,3,2,1,2,3,4,3,2,1,2,3,4,5,4,3,2,1,2.68,1
"774",2,23,"1",5,4,3,1,1,4,2,4,5,3,3,2,4,3,2,1,2,3,4,5,3,2,1,2,3,2.88,1
"775",2,24,"1",4,5,2,3,1,1,5,5,5,4,4,3,3,2,2,1,1,2,5,4,3,3,2,3,1,2.96,1
"776",2,22,"1",4,5,3,1,5,3,5,4,3,5,3,5,2,2,5,5,4,4,3,1,4,4,5,3,5,3.72,2
"777",2,21,"1",3,3,5,5,3,3,1,5,5,3,4,4,3,4,2,1,2,1,5,4,3,5,5,1,3,3.32,2
"778",2,23,"1",5,3,1,5,5,4,2,5,4,4,4,5,5,5,5,4,4,5,3,2,5,4,1,3,5,3.92,2
"779",2,23,"1",5,3,4,5,5,1,5,5,4,3,2,5,1,3,5,4,2,5,1,5,3,5,5,5,5,3.84,2
"780",2,21,"1",3,4,3,5,5,2,1,5,5,5,4,5,5,4,4,2,4,3,1,5,3,2,4,5,3,3.68,2
"781",2,22,"0",5,5,3,2,1,5,4,5,5,5,2,2,2,3,5,2,5,3,5,1,1,4,5,3,1,3.36,2
"782",2,21,"0",5,5,3,2,5,4,4,5,3,5,4,3,4,5,4,2,3,1,4,1,5,3,4,3,5,3.68,2
"783",2,23,"0",5,2,3,4,5,5,4,1,2,4,5,3,1,5,2,3,1,1,5,4,4,5,3,4,4,3.4,2
"784",2,21,"0",3,3,4,5,3,5,3,1,4,5,4,5,3,4,4,1,3,3,5,4,5,1,5,3,5,3.64,2
"785",2,23,"0",5,4,3,2,5,3,7,2,4,4,1,3,3,4,5,1,4,5,1,5,1,5,4,5,4,3.6,2
"786",2,24,"0",1,1,1,1,1,3,2,5,2,1,2,1,1,1,5,4,5,4,4,4,5,5,5,5,2,2.84,1
"787",2,25,"0",5,3,5,4,5,3,5,4,5,3,5,1,5,5,5,5,5,3,1,4,2,4,5,4,4,4,2
"788",2,22,"0",5,4,4,3,2,5,3,5,4,3,2,4,5,4,5,4,4,4,5,1,1,5,5,4,5,3.84,2
"789",2,23,"0",5,4,3,5,3,5,3,3,3,5,5,4,4,5,5,4,4,4,3,3,5,5,4,1,5,4,2
"790",3,24,"0",1,3,4,2,5,3,1,4,5,4,3,2,1,2,3,2,1,2,3,4,5,4,3,2,1,2.8,1
"791",3,23,"0",1,5,3,1,4,2,1,3,2,3,4,3,4,3,2,3,4,3,2,1,2,3,4,5,4,2.88,1
"792",3,25,"1",5,3,2,4,1,5,1,3,1,1,2,2,3,5,4,3,2,1,2,3,4,5,4,3,2,2.84,1
"793",3,24,"1",5,3,2,4,2,1,1,3,4,5,4,3,2,1,2,3,4,5,4,3,2,1,2,3,4,2.92,1
"794",3,25,"1",4,5,3,1,2,4,1,5,4,3,2,1,2,3,4,5,4,3,2,1,2,3,4,5,4,3.08,1
"795",3,25,"0",1,4,3,5,2,4,1,3,2,1,2,3,4,3,3,2,3,2,3,4,5,4,3,2,1,2.8,1
"796",3,24,"0",5,3,1,4,5,3,5,3,5,4,5,3,5,4,5,4,5,4,3,1,2,1,2,5,5,3.68,2
"797",3,22,"1",3,5,4,3,5,3,5,4,1,4,3,5,1,5,4,4,5,5,4,1,4,5,5,4,5,3.88,2
"798",3,23,"1",3,3,3,3,3,1,4,4,5,3,3,3,3,2,1,4,4,5,4,2,3,5,1,5,5,3.28,2
"799",3,21,"1",5,3,4,5,4,1,2,3,5,3,5,5,3,5,4,5,4,4,4,5,5,4,5,4,5,4.08,2
"800",3,21,"1",3,4,5,3,5,3,1,4,5,4,5,3,5,3,1,1,1,1,3,3,3,3,1,5,4,3.16,2
"801",3,22,"1",5,4,3,4,5,3,5,2,4,5,1,4,2,1,2,4,5,3,1,5,2,3,1,2,1,3.08,2
"802",3,23,"1",5,1,3,1,4,1,3,2,4,2,1,3,3,1,4,5,4,5,3,4,4,1,3,5,4,3.04,1
"803",3,23,"1",4,2,5,1,3,5,1,2,4,1,5,1,3,5,2,4,1,5,2,4,2,3,1,5,2,2.92,1
"804",3,24,"0",3,5,2,4,3,1,4,2,4,2,5,2,4,2,5,4,1,3,5,1,3,2,4,2,5,3.12,1
"805",3,24,"0",2,4,1,5,2,4,1,3,5,2,3,1,4,2,5,1,4,2,3,1,4,2,5,1,3,2.8,1
"806",3,23,"1",3,4,4,5,5,3,1,5,4,5,3,2,5,2,4,4,1,3,3,4,5,1,4,3,1,3.36,2
"807",4,23,"0",3,5,3,5,3,2,4,5,4,3,4,5,4,5,2,1,2,1,1,1,5,4,5,1,2,3.2,2
"808",4,23,"0",4,2,4,1,3,2,3,4,2,4,4,2,5,4,5,3,5,1,5,5,5,5,5,1,4,3.52,2
"809",4,24,"0",4,5,4,3,5,1,4,4,5,4,5,1,5,3,5,1,1,2,4,5,4,4,5,5,4,3.72,2
"810",4,23,"0",3,2,4,1,3,4,1,4,2,3,4,1,2,5,5,3,3,2,1,2,1,4,4,5,5,2.96,1
"811",4,22,"0",4,2,5,2,4,4,5,3,1,4,3,5,3,5,3,4,1,2,3,3,4,5,4,2,1,3.28,2
"812",4,23,"0",5,3,4,2,3,4,5,5,3,2,1,3,5,3,1,1,1,3,1,5,5,1,4,4,4,3.12,1
"813",4,24,"0",5,3,5,4,3,5,4,3,4,3,5,4,4,4,5,3,1,3,3,3,3,3,3,3,3,3.56,2
"814",4,25,"1",5,3,1,5,4,4,3,5,4,1,4,4,4,4,5,5,2,2,1,2,3,1,1,5,4,3.28,2
"815",4,23,"1",5,3,4,2,4,1,3,5,4,3,2,1,5,5,5,4,5,5,1,1,2,2,3,5,5,3.4,2
"816",4,24,"1",4,5,3,5,3,5,2,3,5,3,5,2,5,2,5,5,4,4,3,1,4,4,5,5,5,3.88,2
"817",4,23,"1",5,3,5,3,5,2,5,5,4,5,3,5,4,4,2,1,2,1,5,4,3,5,5,4,5,3.8,2
"818",4,24,"1",5,4,5,5,4,5,1,5,3,1,4,2,5,5,5,4,4,5,3,2,5,4,1,5,4,3.84,2
"819",4,22,"1",4,5,4,5,2,5,3,4,5,2,5,3,5,3,5,4,2,5,1,5,3,5,5,4,5,3.96,2
"820",4,23,"0",4,5,3,1,5,3,5,4,3,5,3,5,1,4,4,2,4,3,1,5,3,2,4,3,5,3.48,2
"821",4,24,"0",3,3,5,5,3,3,1,5,5,3,4,4,3,3,5,3,4,2,3,5,4,5,2,1,3,3.48,2
"822",4,23,"0",5,3,1,5,5,4,2,5,4,4,4,5,3,5,4,5,4,5,3,4,2,3,4,3,5,3.88,2
"823",4,24,"0",5,3,4,5,5,1,5,5,4,3,2,5,1,3,4,3,5,3,2,4,2,5,4,5,5,3.72,2
"824",4,24,"0",3,4,3,5,5,2,1,5,5,5,4,5,5,4,2,4,4,2,5,4,2,4,5,5,3,3.84,2
"825",4,24,"0",5,5,3,2,1,5,4,5,5,5,2,2,5,4,5,4,5,1,4,4,2,4,3,3,1,3.56,2
"826",4,23,"0",5,5,3,2,5,4,4,5,3,5,4,3,4,4,2,3,4,1,5,4,4,1,5,4,5,3.76,2
"827",4,24,"0",5,2,3,4,5,5,4,1,2,4,5,3,5,5,4,4,3,4,2,3,5,1,5,2,3,3.56,2
"828",2,19,"1",1,1,5,5,3,1,3,4,3,4,2,2,2,1,3,4,2,2,2,2,2,4,3,5,4,2.8,1
"829",3,23,"1",5,1,1,3,5,4,4,3,2,4,4,1,1,3,3,1,1,1,2,3,4,4,4,4,4,2.88,1
"830",2,21,"0",3,3,3,3,4,1,4,5,4,5,4,2,3,2,3,4,2,2,4,4,2,4,1,4,5,3.24,2
"831",2,23,"0",2,2,5,1,5,4,5,4,3,4,4,3,5,3,2,2,2,1,2,2,2,2,3,4,4,3.04,1
"832",1,21,"0",5,5,5,5,5,3,5,5,5,5,5,5,4,3,4,4,3,4,5,3,5,5,2,5,5,4.4,2
"833",1,23,"0",3,4,2,2,2,2,3,3,3,2,1,2,2,1,4,2,2,2,2,2,2,2,4,4,2,2.4,1
"834",4,23,"1",1,3,4,5,2,1,5,5,3,4,5,2,1,3,3,4,2,2,3,2,4,3,1,3,5,3.04,1
"835",3,21,"0",3,1,3,5,5,1,5,5,2,3,2,3,1,2,1,4,3,1,1,1,2,2,2,3,5,2.64,1
"836",3,21,"0",3,1,1,5,5,5,5,5,4,5,3,5,4,2,3,4,3,4,4,4,3,3,2,5,5,3.72,2
"837",3,23,"1",5,3,1,2,4,2,1,5,5,1,1,5,3,4,1,5,2,3,5,3,3,1,1,3,4,2.92,1
"838",3,22,"0",1,1,3,3,4,1,5,3,4,4,4,2,2,2,3,3,1,4,1,3,4,5,3,3,4,2.92,1
"839",3,22,"0",3,4,5,1,5,1,3,4,4,3,2,3,4,3,2,4,2,2,2,4,2,2,2,4,5,3.04,1
"840",4,21,"1",1,5,1,4,5,1,5,5,5,5,5,5,4,5,5,3,3,5,3,5,2,3,4,4,5,3.92,2
"841",4,23,"0",4,5,1,5,4,2,4,4,5,4,4,2,5,2,5,5,2,3,4,5,4,4,2,4,2,3.64,2
"842",1,21,"0",5,5,3,2,1,5,4,5,5,5,2,2,2,1,1,5,5,3,2,4,5,5,4,4,4,3.56,2
"843",1,19,"1",5,5,3,2,5,4,4,5,3,5,4,3,4,1,4,4,5,5,5,3,2,3,2,1,1,3.52,2
"844",1,23,"0",5,2,3,4,5,5,4,1,2,4,5,3,1,5,5,5,4,5,3,3,5,4,4,5,5,3.88,2
"845",1,19,"0",3,3,4,5,3,5,3,1,4,5,4,5,3,5,3,5,1,1,2,4,5,4,4,5,5,3.68,2
"846",1,23,"0",5,4,3,2,5,3,7,2,4,4,1,3,3,3,3,2,5,3,4,4,2,1,4,2,1,3.2,2
"847",1,21,"0",1,1,1,1,1,3,2,5,2,1,2,1,1,3,1,1,3,4,2,1,5,4,4,2,1,2.12,1
"848",1,23,"0",5,3,5,4,5,3,5,4,5,3,5,1,5,3,5,3,5,2,3,4,2,1,4,2,3,3.6,2
"849",1,21,"0",5,4,4,3,2,5,3,5,4,3,2,4,5,4,3,4,5,4,2,3,5,4,5,2,5,3.8,2
"850",1,19,"1",5,4,3,5,3,5,3,3,3,5,5,4,4,2,3,5,3,3,5,1,4,5,3,4,3,3.72,2
"851",1,21,"1",5,3,1,4,5,3,5,3,5,4,5,3,5,4,4,3,4,5,3,5,3,5,2,5,3,3.88,2
"852",1,21,"1",3,5,4,3,5,3,5,4,1,4,3,5,1,4,5,3,5,5,3,4,1,5,3,5,3,3.68,2
"853",1,22,"1",3,3,3,3,3,1,4,4,5,3,3,3,3,3,5,4,4,3,5,3,5,3,5,3,1,3.4,2
"854",1,21,"1",5,3,4,5,4,1,2,3,5,3,5,5,3,1,3,5,3,5,3,5,3,5,3,1,4,3.56,2
"855",1,23,"1",3,4,5,3,5,3,1,4,5,4,5,3,5,3,5,1,1,2,4,5,4,4,5,5,4,3.72,2
"856",1,23,"1",5,4,3,4,5,3,5,2,4,5,1,4,2,5,5,3,3,2,1,2,1,4,4,5,5,3.48,2
"857",1,19,"1",5,1,3,1,4,1,3,2,4,2,1,3,3,5,3,4,1,2,3,3,4,5,4,2,1,2.8,1
"858",1,19,"1",3,4,4,5,5,3,1,5,4,5,3,2,5,3,1,1,1,3,1,5,5,1,4,4,4,3.28,2
"859",1,23,"1",3,5,3,5,3,2,4,5,4,3,4,5,4,4,5,3,1,3,3,3,3,3,3,3,3,3.48,2
"860",1,19,"0",1,1,5,5,3,5,5,4,5,4,5,4,4,4,5,5,2,2,1,2,3,1,1,5,4,3.44,2
"861",1,19,"1",5,5,2,1,3,4,5,4,5,4,3,4,5,5,5,4,5,5,1,1,2,2,3,5,5,3.72,2
"862",1,19,"1",3,4,4,5,4,5,5,5,4,3,4,2,5,2,5,5,4,4,3,1,4,4,5,5,5,4,2
"863",1,19,"1",5,4,5,3,2,3,5,5,5,3,4,4,4,4,2,1,2,1,5,4,3,5,5,4,5,3.72,2
"864",1,23,"0",5,4,5,3,5,4,5,5,1,1,3,2,5,5,5,4,4,5,3,2,5,4,1,5,4,3.8,2
"865",1,21,"0",5,3,5,2,5,1,4,5,5,4,4,3,5,3,5,4,2,5,1,5,3,5,5,4,5,3.92,2
"866",1,23,"0",5,2,3,4,5,5,4,1,2,4,5,3,1,4,4,2,4,3,1,5,3,2,4,3,5,3.36,2
"867",1,22,"0",3,3,4,5,3,5,3,1,4,5,4,5,3,3,5,3,4,2,3,5,4,5,2,1,3,3.52,2
"868",1,21,"0",5,4,3,2,5,3,7,2,4,4,1,3,3,5,4,5,4,5,3,4,2,3,4,3,5,3.72,2
"869",1,19,"0",1,1,1,1,1,3,2,5,2,1,2,1,1,3,4,3,5,3,2,4,2,5,4,5,5,2.68,1
"870",1,23,"1",5,3,5,4,5,3,5,4,5,3,5,1,5,4,2,4,4,2,5,4,2,4,5,5,3,3.88,2
"871",1,23,"1",5,4,4,3,2,5,3,5,4,3,2,4,5,4,5,4,5,1,4,4,2,4,3,3,1,3.56,2
"872",1,24,"1",5,4,3,5,3,5,3,3,3,5,5,4,4,4,2,3,4,1,5,4,4,1,5,4,5,3.76,2
"873",1,25,"1",5,3,1,4,5,3,5,3,5,4,5,3,5,5,4,4,3,4,2,3,5,1,5,2,3,3.68,2
"874",1,21,"1",3,5,4,3,5,3,5,4,1,4,3,5,1,1,4,5,3,5,3,5,2,5,1,1,5,3.44,2
"875",1,23,"1",3,3,3,3,3,1,4,4,5,3,3,3,3,3,3,5,4,4,5,5,3,5,2,4,3,3.48,2
"876",1,22,"0",5,3,4,5,4,1,2,3,5,3,5,5,3,3,1,3,5,3,5,4,4,4,3,2,3,3.52,2
"877",1,24,"1",5,3,5,3,5,3,1,4,3,3,2,4,4,5,3,5,1,1,3,5,3,3,4,5,2,3.4,2
"878",1,22,"0",5,4,5,1,5,3,5,5,2,5,3,5,4,3,5,3,4,1,5,3,4,2,5,4,1,3.68,2
"879",1,23,"1",5,4,4,1,4,4,3,4,3,4,5,3,3,2,4,3,4,3,1,2,4,4,3,5,5,3.48,2
"880",1,19,"1",5,4,4,3,4,4,3,4,3,4,5,3,3,2,4,3,4,3,3,2,4,4,3,5,4,3.6,2
"881",1,21,"1",5,1,5,1,1,2,1,1,1,1,1,4,1,1,1,3,3,1,1,2,2,2,1,3,1,1.84,1
"882",1,19,"1",5,5,1,4,2,4,3,4,3,4,3,3,1,3,2,3,3,3,4,4,4,3,4,4,5,3.36,2
"883",1,23,"1",5,2,1,5,4,5,3,5,4,5,5,2,1,1,4,4,1,4,1,4,2,1,4,5,4,3.28,2
"884",1,19,"1",5,4,5,5,4,5,3,5,4,5,5,2,1,3,4,1,4,1,4,2,2,1,4,5,4,3.52,2
"885",1,23,"1",5,4,1,4,2,4,3,4,3,4,3,3,1,3,2,3,3,3,4,4,4,3,4,4,5,3.32,2
"886",2,21,"1",5,4,3,5,3,5,3,3,3,5,5,4,5,3,1,1,1,3,1,5,5,1,4,4,4,3.44,2
"887",2,23,"1",5,3,1,4,5,3,5,3,5,4,5,3,4,4,5,3,1,4,5,3,5,2,5,5,5,3.88,2
"888",2,23,"1",3,5,4,3,5,3,5,4,1,4,3,5,4,4,5,5,2,2,1,2,3,1,1,5,4,3.36,2
"889",2,21,"1",3,3,3,3,3,1,4,4,5,3,3,3,5,5,5,4,5,5,1,1,2,2,3,5,5,3.44,2
"890",2,23,"1",5,3,4,5,4,1,2,3,5,3,5,5,5,2,5,5,4,4,3,1,4,4,5,5,5,3.88,2
"891",2,22,"1",3,4,5,3,5,3,1,4,5,4,5,3,4,4,2,1,2,1,5,4,3,5,5,4,5,3.6,2
"892",2,23,"0",5,4,3,4,5,3,5,2,4,5,1,4,5,5,5,4,4,5,3,2,5,4,1,5,4,3.88,2
"893",2,21,"0",5,1,3,1,4,1,3,2,4,2,1,3,5,3,5,4,2,5,1,5,3,5,5,4,5,3.28,2
"894",2,23,"0",4,0,3,2,4,3,5,4,1,5,3,5,1,4,4,2,4,3,1,5,3,2,4,3,5,3.2,1
"895",2,19,"1",4,5,3,1,4,5,1,3,5,3,5,4,5,3,5,2,5,3,5,1,1,4,5,2,4,3.52,2
"896",2,19,"1",4,5,3,4,2,5,1,5,3,5,4,5,1,5,4,2,3,1,4,1,5,3,4,5,1,3.4,2
"897",2,23,"1",5,4,3,5,5,4,5,5,4,1,5,2,3,5,2,3,1,1,5,4,4,5,3,4,4,3.68,2
"898",2,23,"1",3,3,2,4,3,4,1,5,4,3,2,5,1,4,4,1,3,3,5,4,5,1,5,3,1,3.16,2
"899",2,23,"0",5,4,3,2,5,5,4,5,1,1,2,2,5,4,5,1,4,5,1,5,1,5,4,4,1,3.36,2
"900",2,23,"0",1,1,5,4,5,3,5,5,5,4,5,3,1,1,5,4,5,4,4,4,5,5,5,4,5,3.92,2
"901",2,22,"0",2,4,2,4,5,5,5,5,3,2,4,5,4,5,5,5,5,3,1,4,2,4,5,5,1,3.8,2
"902",2,23,"0",5,2,5,3,5,4,5,1,2,2,1,5,5,4,5,4,4,4,5,1,1,5,5,4,4,3.64,2
"903",2,19,"0",5,5,4,3,5,4,5,5,5,2,3,2,1,5,5,4,4,4,3,3,5,5,4,5,4,4,2
"904",2,24,"0",3,3,5,5,4,5,1,3,5,3,2,4,5,4,5,4,5,4,3,1,2,1,2,5,5,3.56,2
"905",2,21,"1",5,5,3,5,1,5,2,4,2,4,2,4,5,5,4,4,5,5,4,1,4,5,5,4,5,3.92,2
"906",2,19,"1",5,4,5,3,5,4,3,5,4,5,4,3,1,3,2,1,2,3,2,1,3,2,4,3,1,3.12,2
"907",2,19,"1",5,4,5,4,3,4,1,5,4,3,4,3,4,3,4,2,1,4,3,5,4,2,3,3,5,3.52,2
"908",2,23,"1",5,4,5,4,5,4,3,5,5,4,5,3,2,1,3,4,3,2,1,3,2,3,4,5,1,3.44,2
"909",2,23,"0",5,4,5,4,5,4,1,5,4,5,4,5,4,4,3,2,1,3,2,1,3,4,3,2,5,3.52,2
"910",2,19,"0",5,5,4,3,2,1,4,5,4,5,4,5,4,3,2,4,3,4,3,4,5,3,4,3,5,3.76,2
"911",2,23,"1",5,4,4,4,5,1,3,1,2,4,4,4,2,1,2,1,1,2,1,1,2,1,2,5,3,2.6,1
"912",1,21,"0",4,5,2,3,3,2,4,3,2,3,2,4,2,2,1,2,2,2,3,2,2,3,4,3,5,2.8,1
