"","X","Year","Age","Gender","X1","X2","X3","X4","X5","X6","X7","X8","X9","X10","X11","X12","X13","X14","X15","X16","X17","X18","X19","X20","X21","X22","X23","X24","X25","Level","y"
"3",3,3,22,0,1,1,1,2,5,2,4,4,4,3,2,5,5,5,5,2,1,3,1,1,5,5,1,3,3,2.96,1
"4",4,3,23,0,1,5,2,1,2,4,5,3,3,5,3,2,3,3,3,2,3,2,3,4,4,2,2,3,5,3,1
"5",5,3,23,1,1,2,1,1,2,5,3,5,4,5,1,1,1,1,1,3,2,1,1,1,2,5,2,3,5,2.36,1
"8",8,3,23,1,1,1,1,1,2,1,1,2,1,1,1,3,1,1,3,1,1,1,2,2,2,1,2,2,1,1.44,1
"10",10,1,19,0,2,1,3,1,3,1,3,1,2,1,2,3,1,3,1,3,1,3,1,3,4,2,2,1,4,2.08,1
"11",11,1,21,1,2,1,3,4,1,5,2,1,3,1,3,1,2,1,4,1,3,1,4,1,3,4,2,1,4,2.32,1
"12",12,1,23,0,4,1,3,1,3,1,4,2,1,3,1,3,1,2,1,3,1,2,4,2,1,2,4,5,3,2.32,1
"16",16,4,23,0,1,2,2,4,5,1,5,4,4,2,3,4,1,1,1,3,1,1,4,4,3,2,2,3,4,2.68,1
"18",18,3,21,0,1,1,5,4,5,3,4,3,3,3,3,2,1,4,1,1,1,1,1,1,4,4,1,4,4,2.6,1
"20",20,3,22,1,4,3,2,3,3,3,4,3,3,4,3,1,3,5,2,3,2,2,5,3,3,3,3,4,1,3,1
"22",22,4,23,1,2,5,1,4,5,1,5,4,2,3,4,3,2,4,2,2,2,2,5,3,4,3,3,5,3,3.16,1
"33",33,1,23,0,5,2,3,1,3,1,2,3,2,2,3,2,3,2,4,2,3,1,2,3,1,3,2,3,1,2.36,1
"34",34,1,22,0,5,2,3,4,2,3,1,4,3,4,2,2,4,2,4,2,4,2,2,4,2,3,2,3,1,2.8,1
"35",35,1,23,1,3,2,2,3,4,4,1,2,4,4,4,4,4,2,2,1,1,1,2,2,2,2,4,4,2,2.64,1
"36",36,1,22,1,3,1,1,2,4,4,2,1,1,2,2,4,4,4,2,1,1,2,2,2,4,4,4,1,2,2.4,1
"37",37,1,22,1,3,2,2,3,4,4,2,1,1,2,2,2,4,4,4,4,4,2,2,1,4,4,1,5,5,2.88,1
"38",38,1,21,0,3,2,1,1,4,4,2,1,1,1,2,2,2,1,1,2,2,1,1,2,2,1,2,1,2,1.76,1
"39",39,1,21,1,3,1,1,4,4,4,4,2,1,1,2,4,2,2,1,1,2,4,2,2,2,1,1,1,4,2.24,1
"40",40,1,19,0,2,1,2,4,4,4,5,1,1,2,2,4,2,2,2,2,1,1,4,4,4,2,1,1,1,2.36,1
"41",41,1,23,1,4,2,1,1,2,3,3,1,2,2,4,2,1,1,2,2,1,1,1,2,2,4,4,2,2,2.08,1
"42",42,1,23,0,3,2,3,3,1,2,2,4,1,1,2,2,1,2,2,3,4,4,4,5,5,2,1,5,5,2.76,1
"43",43,1,23,1,3,2,1,2,4,4,5,5,5,5,2,2,1,4,1,2,2,3,2,2,1,2,3,3,2,2.72,1
"44",44,1,23,1,3,2,1,3,5,4,2,2,2,1,1,2,2,4,2,2,2,4,1,1,2,1,2,4,5,2.4,1
"45",45,1,23,1,2,1,2,2,4,4,1,1,1,2,2,2,2,1,4,1,2,2,1,1,2,4,4,2,4,2.16,1
"46",46,1,23,1,2,1,1,2,4,4,2,5,5,5,3,2,1,3,3,3,2,2,2,2,4,4,1,4,2,2.76,1
"47",47,1,23,1,2,4,2,1,1,2,4,4,5,5,5,5,2,2,1,1,1,2,4,4,2,4,2,4,1,2.8,1
"48",48,2,21,1,3,1,1,2,4,2,2,4,2,1,1,2,4,4,2,1,1,1,2,4,1,2,2,4,2,2.2,1
"49",49,2,22,0,3,2,4,5,5,1,1,2,2,1,1,2,4,4,2,2,2,4,4,2,1,4,2,2,1,2.52,1
"50",50,2,22,1,3,2,5,5,1,1,1,2,2,4,4,5,1,1,2,2,2,2,1,5,5,1,1,2,2,2.48,1
"51",51,2,22,0,2,1,1,3,4,4,1,1,2,2,2,1,1,4,4,2,2,4,2,2,1,1,2,1,1,2.04,1
"52",52,2,22,1,1,2,2,2,1,4,1,1,3,3,4,2,2,1,1,1,3,2,4,4,1,1,2,2,1,2.04,1
"53",53,2,21,0,3,1,1,2,3,3,5,2,5,2,2,5,1,1,3,5,5,5,5,1,1,2,5,4,3,3,1
"54",54,2,23,0,3,1,1,2,4,1,1,2,4,1,1,1,2,2,4,1,1,2,4,1,2,2,1,1,2,1.88,1
"55",55,2,22,1,1,3,3,4,1,1,2,2,2,3,4,4,4,1,1,2,2,1,1,1,4,4,5,1,2,2.36,1
"56",56,2,22,0,2,4,4,2,1,1,4,4,2,2,4,2,5,2,1,1,1,2,2,4,4,1,1,1,2,2.36,1
"57",57,2,23,1,2,2,4,1,1,2,2,1,1,1,2,2,4,1,4,4,2,1,1,4,4,4,1,1,1,2.12,1
"60",60,3,23,1,5,2,4,2,5,3,1,5,4,2,1,3,4,3,1,5,3,1,5,4,3,2,4,2,1,3,1
"62",62,3,24,1,1,3,4,1,3,2,4,1,3,2,1,3,5,1,4,3,4,3,4,3,4,3,1,3,4,2.8,1
"63",63,3,23,0,4,3,2,4,2,4,2,5,4,3,3,1,2,3,3,2,3,2,4,2,4,2,4,2,3,2.92,1
"66",66,3,24,0,1,4,1,2,4,2,1,2,4,4,1,2,3,1,2,4,3,4,5,5,3,3,2,4,4,2.84,1
"67",67,3,23,0,1,2,3,2,1,2,4,1,2,1,2,4,4,1,5,1,5,5,5,2,1,4,1,2,3,2.56,1
"68",68,3,23,1,4,5,3,4,3,5,4,3,1,3,1,2,1,3,1,3,1,3,1,2,3,4,1,1,1,2.52,1
"69",69,3,22,0,1,2,2,4,1,1,2,4,4,5,5,1,1,5,2,5,5,2,2,5,1,2,4,5,2,2.92,1
"70",70,3,22,1,1,2,1,3,1,3,1,4,4,5,1,1,2,3,5,2,2,3,1,2,1,4,4,2,4,2.48,1
"72",72,3,24,0,3,1,1,1,2,3,3,3,3,4,4,4,2,3,1,1,2,3,3,3,1,1,1,2,2,2.28,1
"73",73,3,24,1,3,1,2,2,2,1,1,3,4,4,1,1,2,2,1,2,2,2,1,3,4,4,1,2,2,2.12,1
"74",74,4,23,1,4,2,3,4,3,4,3,3,3,3,4,5,5,1,3,2,1,1,2,3,2,4,3,1,1,2.8,1
"75",75,4,23,0,4,2,4,4,4,4,2,2,2,4,3,2,1,2,3,5,4,4,3,3,2,2,3,4,5,3.12,1
"76",76,4,24,1,5,3,2,4,2,3,2,5,3,4,2,4,2,4,2,4,2,3,2,1,5,3,4,2,2,3,1
"77",77,4,24,1,5,1,5,1,3,1,3,5,2,1,3,2,2,4,3,1,3,4,3,2,3,2,3,1,2,2.6,1
"78",78,4,23,1,5,3,5,4,5,2,3,3,4,2,5,3,1,2,3,4,5,4,3,1,2,3,2,1,2,3.08,1
"84",84,4,23,0,4,2,4,3,4,3,4,5,2,4,3,4,1,3,5,1,3,4,2,3,1,4,2,4,3,3.12,1
"85",85,4,24,1,3,4,2,5,2,3,4,4,2,1,5,3,1,4,2,3,4,2,1,3,2,4,2,5,2,2.92,1
"89",89,4,25,1,1,1,1,1,3,1,1,5,4,2,1,1,2,1,3,1,1,1,2,2,1,2,1,3,3,1.8,1
"91",91,3,24,0,3,1,1,2,4,4,5,4,4,3,2,3,4,2,3,2,1,4,5,1,3,2,1,2,5,2.84,1
"92",92,4,25,1,1,1,1,1,4,4,3,1,3,4,3,1,1,1,1,2,1,2,3,1,2,3,3,3,3,2.12,1
"93",93,4,24,1,4,3,1,1,5,2,3,3,2,3,2,3,1,2,1,3,1,1,2,2,2,3,1,1,2,2.16,1
"96",96,4,23,1,1,3,2,3,4,4,3,4,3,3,5,1,2,2,3,3,3,3,4,5,2,4,2,4,3,3.04,1
"97",97,4,23,1,3,3,3,2,4,1,4,4,2,2,4,2,2,3,2,2,2,2,2,2,2,5,3,3,3,2.68,1
"101",101,2,23,0,1,3,2,2,4,1,5,4,3,2,4,2,1,4,3,4,2,1,3,3,3,4,5,2,4,2.88,1
"102",102,1,19,1,1,4,4,3,5,1,5,4,1,3,5,2,1,2,2,3,1,1,2,1,3,3,4,2,4,2.68,1
"103",103,2,23,0,1,1,1,1,5,3,3,3,2,3,5,1,2,4,4,2,2,2,3,1,4,3,4,3,4,2.68,1
"104",104,1,19,1,1,3,3,1,4,2,5,5,2,5,5,2,2,3,3,3,2,1,4,1,2,3,4,3,4,2.92,1
"106",106,3,19,1,3,1,3,2,4,1,3,4,2,3,4,2,1,3,2,4,2,1,3,1,3,3,4,2,3,2.56,1
"107",107,4,24,1,1,2,1,3,5,1,3,5,4,4,5,3,2,3,2,2,2,1,3,4,2,4,3,2,3,2.8,1
"108",108,4,23,1,1,1,4,3,3,1,2,4,3,2,2,2,1,4,2,4,2,2,2,5,3,3,3,2,4,2.6,1
"109",109,4,24,1,1,3,3,2,4,1,4,4,3,4,4,3,2,3,3,4,3,2,3,3,4,3,4,1,3,2.96,1
"113",113,2,23,1,4,3,1,3,4,2,4,3,2,3,5,2,3,3,4,3,2,4,3,3,4,1,2,5,4,3.08,1
"115",115,4,23,0,4,3,2,3,3,1,3,2,2,2,2,2,3,4,4,4,2,2,5,3,4,4,3,2,4,2.92,1
"116",116,3,22,1,1,1,3,1,4,3,1,3,3,4,4,3,2,4,3,4,2,1,3,1,3,2,4,3,4,2.68,1
"117",117,4,24,1,1,4,1,2,5,1,5,4,5,5,5,3,3,2,5,4,3,1,1,1,3,4,3,3,5,3.16,1
"118",118,3,22,1,3,1,1,5,4,1,3,5,1,5,4,4,2,4,3,3,3,2,2,4,3,4,3,3,4,3.08,1
"120",120,3,22,0,1,4,2,4,4,1,3,4,4,2,4,4,1,2,5,4,4,1,1,1,2,3,3,2,4,2.8,1
"121",121,3,23,1,4,4,2,1,3,1,4,3,3,3,4,2,2,3,3,4,2,3,2,4,2,4,3,3,4,2.92,1
"122",122,3,23,1,1,1,3,1,4,3,4,3,4,2,5,3,2,4,4,4,2,2,3,2,3,4,3,2,4,2.92,1
"124",124,2,23,0,2,3,3,1,4,1,3,3,2,1,5,4,2,4,4,3,2,1,4,4,2,2,4,1,5,2.8,1
"125",125,2,23,0,1,3,1,1,4,1,4,3,3,3,5,3,3,3,5,5,3,1,1,1,3,3,3,3,5,2.84,1
"126",126,2,23,1,1,3,4,4,3,1,3,4,2,2,3,2,2,4,3,3,2,2,3,3,3,3,4,3,4,2.84,1
"127",127,2,22,1,1,1,1,1,1,3,2,5,2,1,2,1,1,3,1,1,3,1,1,3,2,2,3,1,5,1.92,1
"145",145,1,21,1,5,1,3,1,4,1,3,2,4,2,1,3,3,5,3,4,1,3,3,2,3,4,5,5,2,2.92,1
"154",154,1,23,1,3,4,3,1,3,4,5,2,4,4,2,2,4,2,5,3,4,2,3,3,3,2,3,2,3,3.04,1
"155",155,1,22,1,3,4,3,4,3,2,1,4,3,2,4,4,4,5,2,3,3,1,3,3,3,2,3,2,3,2.96,1
"167",167,1,22,1,3,2,4,1,3,4,1,4,2,3,4,1,5,4,4,1,5,4,4,1,5,2,3,1,4,3,1
"169",169,1,23,1,5,3,4,2,3,4,5,5,3,2,1,3,4,2,1,2,3,5,1,4,2,1,4,2,1,2.88,1
"177",177,4,24,1,2,2,2,3,4,4,3,2,3,3,4,3,2,3,5,3,2,2,3,2,2,3,3,4,4,2.92,1
"178",178,4,22,1,5,1,1,1,5,1,4,4,2,1,1,1,1,1,3,5,3,2,1,2,2,2,3,4,5,2.44,1
"179",179,4,23,1,3,5,2,1,5,3,4,4,3,2,1,2,2,5,3,4,1,5,4,3,3,4,4,1,4,3.12,1
"180",180,4,22,1,1,2,5,3,5,4,5,2,4,5,1,1,1,2,2,3,2,1,2,2,4,4,5,4,4,2.96,1
"182",182,4,23,1,1,1,1,1,1,1,4,3,3,2,2,1,1,1,1,1,1,1,1,1,1,1,1,5,4,1.64,1
"184",184,4,23,1,5,5,5,4,2,1,4,4,4,3,3,3,2,2,3,3,2,2,2,2,2,2,3,3,4,3,1
"186",186,4,23,0,5,3,5,1,5,1,1,5,1,2,5,1,1,5,2,4,2,5,1,3,5,1,5,1,3,2.92,1
"187",187,4,22,1,5,5,5,1,5,2,1,4,4,2,2,2,2,4,2,2,2,2,3,2,2,2,2,2,3,2.72,1
"188",188,4,23,1,1,3,1,1,3,5,4,3,4,3,4,2,1,2,3,4,2,1,1,3,5,5,2,1,5,2.76,1
"189",189,4,23,1,1,1,2,4,1,1,4,4,4,3,2,3,1,3,4,4,4,3,2,3,4,4,4,3,4,2.92,1
"190",190,4,24,1,1,2,1,3,3,5,3,4,3,5,5,3,1,3,3,4,3,2,1,2,1,5,1,2,5,2.84,1
"191",191,4,24,1,3,4,2,5,2,5,5,2,1,4,4,5,1,2,4,5,2,1,2,3,2,2,1,5,4,3.04,1
"194",194,4,23,1,5,4,1,3,4,1,2,3,3,4,3,2,3,4,3,2,1,1,2,3,3,3,2,4,3,2.76,1
"195",195,4,23,1,1,1,1,2,4,1,5,1,2,3,3,2,1,2,1,1,1,2,1,2,2,2,3,1,2,1.88,1
"197",197,4,23,1,5,5,3,4,5,2,3,4,3,2,3,4,1,3,3,4,3,2,1,3,2,1,3,4,3,3.04,1
"198",198,4,22,0,3,4,1,1,4,5,1,4,4,4,2,2,2,4,4,2,2,2,2,2,2,4,4,4,2,2.84,1
"199",199,4,21,0,1,1,3,1,5,1,5,5,3,2,4,2,1,5,1,4,1,1,5,2,2,4,2,3,5,2.76,1
"200",200,4,23,0,1,1,1,2,5,3,5,4,3,4,5,2,1,3,4,4,1,1,4,2,3,3,2,4,5,2.92,1
"201",201,4,21,0,5,5,5,1,5,1,2,2,4,1,1,2,1,3,3,2,1,1,2,3,1,1,1,1,3,2.28,1
"202",202,4,22,1,5,5,5,1,5,1,2,2,4,1,1,2,1,3,3,2,1,1,2,3,1,1,1,1,3,2.28,1
"204",204,4,22,0,5,5,5,1,5,1,2,2,4,1,1,2,1,3,3,2,1,1,2,3,1,1,1,1,3,2.28,1
"205",205,4,23,0,1,1,1,1,5,1,4,1,1,4,1,1,1,1,1,2,1,1,2,4,2,2,2,4,4,1.96,1
"206",206,4,21,0,1,1,5,2,1,2,2,5,3,2,1,3,2,2,2,2,2,2,2,3,1,1,1,5,4,2.28,1
"207",207,4,22,1,5,1,1,1,1,5,1,4,4,4,2,2,2,2,4,2,2,2,2,3,2,2,2,2,2,2.4,1
"208",208,4,23,1,1,1,1,5,2,1,2,5,3,5,1,4,4,5,1,1,3,1,1,5,5,5,1,4,1,2.72,1
"209",209,4,21,1,1,1,5,2,1,2,2,4,4,2,1,3,1,3,3,3,3,2,3,2,2,3,1,1,1,2.24,1
"210",210,4,23,0,1,1,1,1,3,1,2,2,2,2,2,2,2,2,3,2,2,3,2,2,2,2,2,3,3,2,1
"211",211,4,21,1,5,4,1,1,3,1,2,1,3,2,4,1,3,2,4,1,5,1,3,2,4,2,3,1,2,2.44,1
"212",212,4,23,1,5,1,2,4,4,2,2,1,2,3,1,3,1,4,1,5,3,2,3,1,2,4,2,1,3,2.48,1
"213",213,4,22,1,4,1,2,4,5,2,3,1,3,4,3,1,2,4,4,3,4,1,2,3,2,4,1,4,1,2.72,1
"214",214,4,24,1,5,4,2,3,5,1,4,5,3,5,2,4,1,3,2,4,2,1,3,1,5,1,3,5,1,3,1
"215",215,4,22,1,1,1,1,1,1,3,2,5,2,1,2,1,1,3,1,1,3,1,1,3,2,2,3,1,5,1.92,1
"216",216,4,22,1,1,1,1,1,1,3,2,5,2,1,2,1,1,3,1,1,3,1,1,3,2,2,3,1,5,1.92,1
"217",217,4,22,1,1,1,5,3,5,1,5,5,4,2,1,3,1,3,1,1,3,5,1,3,2,5,2,4,5,2.88,1
"218",218,4,23,1,1,5,2,1,1,2,1,5,3,2,5,5,3,3,1,5,3,3,2,3,2,5,3,3,4,2.92,1
"223",223,4,22,1,4,5,5,1,5,1,2,1,1,2,3,1,1,5,3,1,4,1,1,1,3,5,3,2,5,2.64,1
"225",225,4,22,1,5,4,3,2,1,2,3,5,4,3,2,1,1,2,3,4,5,4,3,2,1,2,3,4,5,2.96,1
"226",226,4,23,1,5,4,3,2,1,1,2,5,4,3,2,1,1,2,3,4,5,4,3,2,1,2,3,4,5,2.88,1
"227",227,4,25,1,5,2,1,1,1,3,4,4,3,2,1,2,2,3,3,3,2,2,2,2,2,2,2,4,5,2.52,1
"228",228,4,23,1,5,4,3,2,1,2,3,5,4,3,2,1,2,3,4,5,4,3,2,1,2,3,4,5,5,3.12,1
"230",230,4,22,0,5,5,2,5,1,2,5,2,2,4,2,2,5,5,4,2,2,2,2,4,2,2,2,4,2,3,1
"231",231,4,21,0,5,4,3,2,1,1,2,5,4,3,2,1,2,3,4,5,5,4,3,2,1,2,3,4,5,3.04,1
"232",232,4,23,0,5,1,1,1,5,5,3,1,1,2,3,1,1,3,1,3,1,1,3,3,1,1,3,3,1,2.16,1
"233",233,4,21,0,4,1,1,1,5,1,3,1,1,2,3,1,1,1,3,1,4,1,1,1,3,5,3,2,5,2.2,1
"238",238,3,23,1,1,2,1,1,3,1,1,1,5,4,2,5,4,1,1,3,3,4,5,2,1,3,4,1,2,2.44,1
"239",239,3,23,1,5,3,1,1,5,3,4,5,4,3,1,1,5,4,2,1,1,1,2,1,4,5,5,4,1,2.88,1
"240",240,3,21,0,5,5,4,1,5,3,3,3,2,2,2,1,1,2,1,3,1,1,2,3,1,2,4,3,3,2.52,1
"241",241,3,22,0,5,1,5,4,5,1,4,4,3,2,1,3,1,3,1,1,3,2,1,1,3,1,1,2,4,2.48,1
"243",243,3,22,0,5,1,1,2,5,3,4,5,3,2,1,2,2,3,4,3,2,2,2,3,2,2,2,4,2,2.68,1
"244",244,3,24,1,5,4,5,4,3,2,2,3,4,4,3,2,3,4,3,5,4,2,1,1,1,5,1,4,2,3.08,1
"245",245,3,22,1,5,4,3,1,5,2,3,3,4,3,2,4,2,5,1,2,4,1,3,2,4,4,2,1,1,2.84,1
"248",248,3,23,1,5,1,1,1,2,3,4,3,2,4,3,1,3,1,1,1,1,5,4,5,5,5,4,5,5,3,1
"254",254,3,23,1,5,3,4,3,4,2,5,4,3,3,2,2,2,3,5,3,1,1,2,2,2,2,1,2,3,2.76,1
"256",256,3,24,1,5,1,4,1,4,5,5,4,4,4,1,4,1,4,2,4,4,4,1,2,4,2,2,2,2,3.04,1
"259",259,3,23,1,5,2,2,1,5,1,2,3,2,1,2,2,1,4,3,4,2,4,3,2,2,5,1,4,2,2.6,1
"264",264,3,24,1,5,3,5,3,3,1,5,4,3,3,1,2,1,4,3,4,2,4,1,4,3,3,2,4,3,3.04,1
"265",265,3,23,0,5,3,3,4,3,5,3,5,3,3,2,2,3,3,5,3,1,3,2,3,3,2,3,1,1,2.96,1
"266",266,3,22,0,5,2,5,1,5,1,4,4,4,3,2,2,1,2,1,4,2,2,2,1,2,4,2,4,2,2.68,1
"267",267,3,23,1,5,3,1,1,4,3,1,2,3,2,4,2,2,2,3,4,2,2,2,2,2,2,2,4,3,2.52,1
"268",268,3,23,0,5,3,5,1,5,1,1,2,3,3,4,2,2,2,3,2,2,2,2,2,2,2,2,4,4,2.64,1
"269",269,3,21,1,3,2,3,4,4,3,2,4,2,4,2,2,2,4,4,2,1,2,3,5,4,2,3,2,4,2.92,1
"274",274,3,22,1,1,5,1,4,3,1,5,3,3,3,5,2,4,4,1,1,3,3,2,4,3,4,4,5,5,3.16,1
"279",279,3,21,1,5,4,5,1,5,5,5,4,4,2,5,1,1,2,2,2,1,1,2,2,1,2,3,3,4,2.88,1
"280",280,3,25,1,3,5,5,1,5,1,1,1,1,5,1,1,5,1,2,1,1,1,1,1,1,1,4,5,4,2.32,1
"281",281,3,21,0,1,4,5,1,5,1,4,2,2,4,1,2,1,4,4,2,2,2,2,2,3,2,4,4,1,2.6,1
"282",282,3,21,1,5,1,1,1,5,5,5,4,3,3,5,4,1,1,3,1,3,2,2,2,1,2,2,3,3,2.72,1
"283",283,2,21,1,5,2,1,3,3,3,4,2,3,4,2,2,1,3,3,2,2,2,1,2,3,3,2,2,2,2.48,1
"284",284,2,21,1,1,4,1,1,1,1,4,5,4,5,1,4,1,5,2,2,2,2,5,2,2,4,2,5,1,2.68,1
"285",285,2,21,0,5,2,2,3,1,3,4,2,3,4,4,1,3,3,2,2,2,1,2,3,3,3,2,2,2,2.56,1
"286",286,2,21,0,5,2,2,1,4,4,4,2,3,4,4,3,3,2,2,2,1,2,3,3,3,2,2,2,2,2.68,1
"287",287,2,21,0,5,2,2,1,3,3,3,2,3,4,4,3,3,2,2,2,1,2,3,3,3,2,2,2,2,2.56,1
"289",289,2,21,1,5,1,5,2,1,1,4,4,2,4,2,2,1,2,2,2,2,2,1,2,2,2,2,3,2,2.32,1
"290",290,2,21,1,5,1,5,2,1,1,4,4,2,4,2,2,1,2,2,2,2,2,1,2,2,2,2,3,2,2.32,1
"291",291,2,23,1,5,1,4,2,1,1,4,4,2,4,2,2,1,2,2,2,2,2,2,1,2,2,2,3,2,2.28,1
"292",292,2,23,1,5,4,4,5,3,2,3,2,2,2,3,2,2,2,2,3,1,2,3,3,2,3,2,2,2,2.64,1
"293",293,2,23,0,5,3,2,2,2,1,4,2,3,2,2,2,2,3,2,2,2,1,2,3,2,3,3,2,2,2.36,1
"294",294,2,23,1,5,3,2,2,3,1,4,2,3,2,2,2,2,3,2,2,2,1,2,3,2,3,3,2,2,2.4,1
"295",295,2,21,1,5,3,2,2,2,1,4,2,3,2,2,2,2,3,2,2,2,1,2,3,2,3,3,2,2,2.36,1
"297",297,2,21,0,5,1,5,2,4,1,4,4,2,4,2,2,1,2,2,2,2,2,2,2,2,2,2,4,4,2.6,1
"298",298,2,21,0,5,1,5,2,1,1,4,4,2,4,2,2,1,2,2,2,2,2,1,2,2,2,2,3,2,2.32,1
"299",299,2,21,0,1,1,5,2,1,1,4,4,2,4,2,2,1,2,2,2,2,2,1,2,2,2,2,3,2,2.16,1
"300",300,2,21,1,5,1,5,2,1,1,4,4,2,4,2,2,1,2,2,2,2,2,1,2,2,2,2,3,2,2.32,1
"301",301,2,21,0,5,2,1,3,4,3,4,2,3,4,2,2,1,3,3,2,2,2,1,2,3,3,3,2,2,2.56,1
"302",302,2,21,1,1,2,5,1,2,4,1,3,1,3,4,5,5,3,3,1,4,4,2,2,3,2,3,2,1,2.68,1
"303",303,2,23,1,1,2,1,3,1,5,1,1,5,4,1,4,1,3,2,1,1,5,1,3,1,2,5,3,4,2.44,1
"304",304,2,23,1,1,1,5,2,1,4,1,1,2,3,4,2,4,1,2,4,4,4,1,4,5,4,4,2,1,2.68,1
"305",305,2,21,1,1,2,5,5,1,4,1,3,1,3,4,5,5,2,3,3,1,1,4,4,2,2,3,2,4,2.84,1
"306",306,2,19,1,1,2,5,5,1,4,1,3,1,3,4,5,5,3,3,1,4,4,2,2,3,2,4,2,1,2.84,1
"307",307,2,21,1,1,2,5,1,5,1,1,4,1,4,5,4,4,3,3,1,4,4,2,2,2,3,2,4,2,2.8,1
"308",308,2,21,1,1,4,4,4,4,2,2,4,4,2,4,5,2,2,2,2,3,2,3,4,2,1,3,2,2,2.8,1
"309",309,2,23,1,1,5,3,5,1,1,5,1,2,4,4,2,5,4,1,1,3,4,3,4,1,1,1,1,2,2.6,1
"311",311,2,23,1,1,2,3,1,2,3,2,1,2,1,2,1,2,3,4,5,4,5,4,5,4,4,5,2,4,2.88,1
"312",312,2,23,1,1,2,3,2,3,3,4,1,2,1,1,2,1,2,1,3,4,5,4,5,3,3,4,2,1,2.52,1
"313",313,2,24,1,2,1,3,2,2,2,5,1,1,2,1,2,5,4,4,5,2,2,2,3,2,3,3,1,1,2.44,1
"314",314,2,24,0,1,2,1,2,1,4,5,1,2,3,2,5,4,3,1,2,1,3,1,2,3,1,4,2,3,2.36,1
"315",315,2,23,0,1,2,1,2,3,4,2,1,2,1,2,3,1,3,2,2,3,4,5,5,4,5,3,2,1,2.56,1
"316",316,2,22,0,1,2,1,2,1,3,5,2,3,4,2,1,2,2,1,3,2,3,5,4,5,4,4,4,5,2.84,1
"317",317,2,23,0,1,2,1,2,3,2,5,1,2,1,2,4,5,2,3,3,3,2,3,2,3,4,2,4,5,2.68,1
"318",318,1,23,1,5,3,1,1,5,3,5,2,2,2,5,1,1,3,1,1,1,1,3,3,3,3,1,3,5,2.56,1
"319",319,1,19,1,5,5,3,1,5,1,2,3,1,1,1,1,1,5,1,1,1,1,5,4,3,1,3,2,5,2.48,1
"320",320,1,19,1,3,5,1,3,5,1,4,3,2,4,4,2,1,4,4,3,2,2,2,2,3,2,2,4,4,2.88,1
"321",321,1,18,1,5,3,1,1,5,3,5,2,2,2,5,1,1,3,1,1,1,1,3,3,3,3,1,3,5,2.56,1
"342",342,1,18,0,5,2,1,1,5,1,2,3,5,4,2,1,2,3,2,2,2,1,3,5,4,3,1,3,5,2.72,1
"350",350,1,18,1,5,1,1,2,5,5,1,2,2,5,4,2,1,3,1,3,2,3,1,1,5,3,4,5,3,2.8,1
"353",353,1,23,1,5,5,1,1,3,1,5,5,1,4,1,1,5,3,1,3,5,1,3,3,4,5,1,3,2,2.88,1
"354",354,1,23,1,5,2,1,1,5,2,5,2,2,2,5,1,1,3,5,4,5,5,3,3,3,3,1,3,4,3.04,1
"367",367,1,23,1,1,2,3,1,2,1,4,1,2,1,4,4,5,5,3,3,4,3,4,1,1,2,1,3,1,2.48,1
"368",368,1,23,0,1,2,1,2,1,3,5,1,2,1,3,4,5,4,4,5,4,3,1,4,1,1,3,3,3,2.68,1
"369",369,1,23,0,2,1,2,1,3,5,4,1,2,2,3,4,5,2,3,3,2,3,2,3,2,5,2,5,4,2.84,1
"370",370,1,23,0,1,2,3,4,5,3,4,1,2,1,4,1,3,4,5,3,4,2,1,3,2,3,2,4,5,2.88,1
"371",371,1,23,1,1,2,1,3,2,3,4,1,2,1,2,4,2,2,3,2,3,3,2,4,2,4,2,4,5,2.56,1
"372",372,1,23,1,1,2,1,5,4,3,3,2,4,5,2,1,2,1,2,1,2,1,3,1,5,1,2,2,1,2.28,1
"373",373,1,23,1,2,2,3,2,3,1,2,5,4,4,2,3,2,3,2,1,1,2,1,2,1,4,4,5,2,2.52,1
"374",374,1,19,1,2,4,1,3,2,4,1,1,2,3,1,3,2,5,2,4,1,3,1,4,1,2,2,3,1,2.32,1
"376",376,4,27,1,3,3,2,4,5,3,2,3,4,4,1,2,2,3,4,3,2,2,4,3,4,5,4,4,1,3.08,1
"378",378,3,23,1,2,2,4,4,5,2,1,3,4,3,4,1,5,4,3,5,1,1,5,3,4,4,5,1,1,3.08,1
"380",380,4,23,1,3,3,3,4,5,1,4,5,4,4,4,2,2,3,2,2,2,3,3,3,4,3,2,5,3,3.16,1
"381",381,4,22,1,3,2,2,3,3,3,3,4,4,3,3,2,4,2,1,1,1,1,3,3,3,1,4,1,4,2.56,1
"383",383,4,22,0,3,1,1,5,5,1,4,4,4,4,1,4,2,4,4,2,4,2,1,2,4,4,4,4,2,3.04,1
"384",384,3,22,0,5,5,4,1,5,2,1,5,4,4,2,2,1,2,2,2,2,2,4,2,2,2,4,5,5,3,1
"386",386,3,22,1,1,1,2,4,2,2,5,5,4,3,2,5,2,3,4,2,4,3,2,3,3,3,4,5,4,3.12,1
"387",387,2,22,1,1,3,3,1,1,2,1,3,3,4,4,3,2,5,3,3,3,2,2,2,3,3,3,5,5,2.8,1
"388",388,3,22,1,1,4,5,3,5,5,4,4,4,4,5,1,3,1,1,1,1,1,2,2,1,5,2,4,5,2.96,1
"390",390,1,23,1,5,4,1,2,5,1,3,2,3,4,4,2,2,3,1,5,3,3,2,3,3,5,4,1,2,2.92,1
"396",396,2,21,1,5,4,3,1,2,1,5,4,3,2,1,3,5,3,2,3,2,1,1,2,2,1,4,5,4,2.76,1
"397",397,3,21,1,3,2,1,3,4,3,5,4,2,2,5,2,3,5,5,4,1,2,4,5,4,2,2,2,3,3.12,1
"398",398,3,21,1,3,3,3,2,3,4,5,4,1,1,4,1,4,5,2,3,1,2,3,1,1,5,3,3,3,2.8,1
"399",399,4,22,1,3,5,1,1,4,1,5,4,2,5,5,1,3,5,1,4,1,2,5,4,3,5,2,3,4,3.16,1
"400",400,4,22,1,1,4,5,1,3,1,5,5,1,3,5,1,1,5,4,4,1,1,3,2,4,4,2,1,4,2.84,1
"401",401,4,22,1,3,2,2,4,4,1,4,5,2,4,5,2,1,4,3,3,3,3,2,3,3,4,5,4,3,3.16,1
"403",403,4,23,1,3,1,5,3,3,4,3,3,4,1,2,1,2,4,4,3,2,2,4,5,2,5,2,4,3,3,1
"406",406,1,23,0,4,2,5,3,2,4,2,5,2,5,2,5,2,4,1,4,1,4,2,1,5,1,5,3,1,3,1
"410",410,1,23,1,5,4,5,3,1,2,1,5,4,3,3,2,1,4,3,5,4,3,4,3,1,2,1,3,2,2.96,1
"412",412,1,23,1,4,5,3,2,4,2,1,3,4,2,5,1,1,2,4,3,1,5,3,2,1,4,2,1,5,2.8,1
"413",413,1,23,1,4,2,5,2,4,1,3,4,2,4,2,5,1,3,2,5,2,3,4,5,3,1,4,2,4,3.08,1
"416",416,1,23,1,4,2,3,5,1,4,2,5,2,1,4,1,4,1,5,3,2,5,3,1,5,2,4,2,4,3,1
"419",419,2,21,1,5,4,3,2,1,1,5,5,4,4,3,2,1,1,2,2,3,1,5,4,3,3,3,2,1,2.8,1
"420",420,2,24,0,3,1,1,1,1,2,2,2,2,4,1,1,2,4,1,4,1,5,5,5,5,1,5,1,5,2.6,1
"422",422,2,24,0,2,3,3,2,2,2,3,2,2,4,4,3,2,3,3,5,5,2,3,3,3,5,5,2,2,3,1
"423",423,2,23,0,2,2,3,3,3,3,3,3,2,2,2,2,2,4,4,4,4,4,1,2,2,2,4,1,4,2.72,1
"424",424,2,23,0,4,4,4,4,2,2,1,1,2,2,4,2,2,2,2,1,1,1,2,2,2,2,4,4,5,2.48,1
"427",427,2,23,0,2,4,3,4,3,3,3,3,3,3,3,4,3,4,2,4,3,2,2,3,3,3,3,3,2,3,1
"428",428,2,23,1,3,2,3,3,2,2,3,3,3,2,2,5,3,4,3,4,3,2,3,2,3,2,3,2,3,2.8,1
"429",429,2,23,1,2,2,4,3,2,2,4,4,2,2,2,5,3,2,2,2,2,3,3,3,4,4,5,5,5,3.08,1
"430",430,2,22,1,3,4,3,3,3,1,4,4,3,3,1,2,4,3,3,2,4,2,2,2,2,3,3,3,3,2.8,1
"432",432,2,24,1,3,2,3,3,2,3,3,4,3,2,2,3,2,2,4,3,4,5,4,3,3,2,2,2,3,2.88,1
"433",433,2,23,0,4,3,3,3,2,3,2,3,3,2,2,2,2,3,4,2,4,3,2,3,4,2,2,4,2,2.76,1
"434",434,2,24,0,5,2,5,4,3,4,2,3,3,2,3,3,3,3,2,3,3,3,3,2,2,2,3,3,4,3,1
"435",435,2,24,0,5,3,3,4,3,4,3,3,3,2,2,3,3,3,3,3,2,4,3,2,2,3,3,2,2,2.92,1
"436",436,2,24,0,2,3,3,4,2,3,3,3,2,2,3,2,2,3,3,2,3,3,4,4,5,2,2,3,2,2.8,1
"437",437,2,24,0,2,2,2,4,3,3,3,3,2,2,3,3,3,2,2,3,3,3,2,2,3,3,2,3,3,2.64,1
"438",438,2,23,0,1,3,1,4,3,3,2,4,2,3,3,3,3,3,3,2,3,4,4,2,2,3,3,2,3,2.76,1
"439",439,2,23,0,4,2,2,5,3,4,3,4,2,3,3,2,2,3,3,3,4,3,3,3,4,3,2,2,3,3,1
"440",440,3,23,0,4,3,3,2,3,4,3,2,2,2,4,2,3,2,2,2,3,2,4,4,5,5,2,5,2,3,1
"441",441,3,23,1,4,2,1,2,3,3,2,2,3,3,2,2,3,3,3,3,3,3,5,5,4,3,3,2,3,2.88,1
"442",442,3,24,1,4,3,2,3,4,3,2,3,3,3,4,2,2,3,2,3,3,3,4,5,3,4,2,3,2,3,1
"443",443,3,25,1,4,2,2,2,4,3,3,3,3,2,4,4,3,3,3,3,3,4,3,2,3,3,4,2,3,3,1
"444",444,3,25,1,5,3,2,4,2,4,3,3,3,3,2,4,3,2,3,2,3,3,5,5,2,3,2,3,3,3.08,1
"445",445,3,25,0,5,2,4,2,2,4,3,3,3,3,2,2,2,3,2,3,4,3,2,3,2,3,2,3,3,2.8,1
"446",446,3,23,0,4,3,4,4,3,4,2,3,3,2,2,2,3,2,3,3,4,4,4,5,3,2,2,3,2,3.04,1
"447",447,3,23,0,4,2,4,2,2,4,2,3,2,3,2,3,2,3,3,2,3,2,3,2,3,2,3,2,3,2.64,1
"448",448,3,23,0,3,3,2,2,3,3,2,3,3,3,3,2,3,3,2,3,2,4,4,5,4,2,2,2,4,2.88,1
"449",449,3,22,0,2,2,2,2,3,3,4,3,2,3,3,3,3,2,3,3,3,2,3,2,3,2,2,2,3,2.6,1
"450",450,3,23,1,2,3,4,3,3,3,4,3,3,3,3,2,3,3,2,4,3,2,2,4,2,4,4,4,3,3.04,1
"451",451,3,24,0,3,3,4,4,2,4,4,3,2,2,2,3,2,3,3,3,2,3,2,2,3,2,3,2,3,2.76,1
"452",452,3,23,1,3,2,5,2,3,2,2,2,3,2,2,2,3,3,3,4,3,4,4,5,3,2,4,2,4,2.96,1
"453",453,3,22,0,3,3,2,4,3,3,2,3,2,3,3,3,3,2,3,4,3,3,2,2,2,2,2,2,3,2.68,1
"454",454,3,22,1,5,2,3,4,2,4,2,2,3,3,4,3,2,3,2,3,3,3,3,2,2,3,2,3,2,2.8,1
"455",455,3,22,1,5,1,3,2,3,4,3,3,2,2,4,3,4,3,4,4,2,1,2,1,2,2,3,2,3,2.72,1
"456",456,3,24,0,3,2,4,4,2,4,2,3,3,1,5,2,4,2,4,3,3,2,3,3,4,4,2,2,2,2.92,1
"457",457,3,24,1,3,2,4,4,4,5,3,4,2,2,5,3,4,3,4,4,1,2,1,2,1,2,2,1,3,2.84,1
"459",459,3,23,0,5,4,2,4,4,2,3,4,2,1,2,4,5,2,4,4,1,2,1,2,1,2,2,1,1,2.6,1
"460",460,3,24,0,5,3,3,4,2,2,2,3,3,2,2,2,2,3,4,5,2,3,3,4,4,1,2,1,2,2.76,1
"461",461,4,23,0,5,2,2,2,4,2,3,3,3,2,3,2,3,2,3,5,2,2,2,1,1,1,2,2,1,2.4,1
"462",462,4,23,0,3,2,3,2,2,2,3,2,2,3,2,3,2,3,3,5,3,3,4,2,2,1,1,2,3,2.52,1
"463",463,4,24,1,3,3,2,2,4,3,2,2,2,3,3,2,3,3,3,5,2,1,2,1,2,2,1,1,2,2.36,1
"464",464,4,24,1,3,3,4,2,4,3,2,3,3,4,2,3,3,2,2,5,2,1,3,3,4,4,5,2,2,2.96,1
"465",465,4,24,1,2,3,3,2,2,3,3,4,3,4,3,2,3,3,3,4,1,2,2,1,2,2,1,1,2,2.44,1
"466",466,4,23,1,2,2,4,2,2,3,3,4,3,2,3,3,4,2,3,4,2,3,3,4,5,5,6,4,2,3.2,1
"467",467,4,23,1,2,2,4,4,2,3,2,3,3,2,2,2,4,3,2,3,2,1,2,1,2,1,1,1,2,2.24,1
"468",468,4,23,1,4,3,5,4,2,4,3,3,2,3,3,3,4,4,2,3,2,3,4,4,2,2,2,3,4,3.12,1
"469",469,4,23,1,4,3,2,4,2,3,3,2,2,2,4,2,2,4,4,3,2,1,2,1,2,2,1,1,2,2.4,1
"471",471,4,23,1,5,3,1,2,3,4,2,2,3,2,4,3,2,4,4,3,2,2,3,2,2,2,2,2,2,2.64,1
"473",473,4,23,1,3,3,2,2,3,5,3,4,3,4,2,3,3,3,3,4,3,2,2,3,3,3,2,3,2,2.92,1
"474",474,4,24,1,2,2,2,4,3,3,3,4,3,2,3,2,3,4,2,5,3,2,3,3,2,2,3,3,3,2.84,1
"475",475,4,24,1,1,3,4,3,1,2,2,3,4,2,2,3,3,3,2,5,1,2,2,1,2,3,2,2,4,2.48,1
"476",476,4,24,1,1,2,2,3,1,2,3,2,3,3,3,2,2,4,2,4,1,2,2,3,3,4,1,2,1,2.32,1
"477",477,4,24,1,2,3,4,2,2,2,2,3,4,2,2,3,3,3,3,5,2,1,2,1,4,4,3,2,1,2.6,1
"478",478,4,24,1,3,3,2,2,3,2,3,3,4,2,3,2,3,3,3,3,2,2,4,4,4,5,4,4,2,3,1
"479",479,4,23,1,3,3,2,4,4,3,2,4,3,3,2,3,5,5,3,3,1,2,1,4,3,2,2,2,1,2.8,1
"480",480,3,21,0,3,3,3,3,3,1,3,4,3,3,4,2,1,4,5,5,2,2,4,2,3,3,4,3,4,3.08,1
"481",481,3,21,1,4,3,3,3,3,1,4,4,3,3,3,4,1,3,2,3,2,3,5,2,3,3,4,3,3,3,1
"482",482,3,21,1,2,3,3,1,5,2,5,3,3,3,1,3,3,5,3,4,2,4,5,1,2,4,2,3,3,3,1
"483",483,4,22,1,3,1,1,3,5,1,4,3,3,3,3,1,1,5,2,2,2,2,3,1,4,1,1,4,3,2.48,1
"484",484,3,22,1,3,4,1,1,5,1,4,5,3,1,5,1,1,5,1,5,1,4,5,1,3,4,4,4,4,3.04,1
"485",485,2,19,0,3,2,1,3,5,1,3,5,3,3,5,1,1,4,3,3,1,1,4,1,4,4,4,3,5,2.92,1
"486",486,3,23,1,5,5,1,1,4,1,4,4,5,4,4,1,1,5,3,4,1,2,5,1,2,4,2,4,3,3.04,1
"490",490,2,19,1,2,1,3,2,5,1,4,5,1,4,5,1,1,4,3,3,1,1,5,4,4,4,3,4,4,3,1
"492",492,2,23,1,1,5,4,1,5,1,4,4,4,1,4,1,1,4,4,3,1,1,5,2,3,4,2,4,3,2.88,1
"503",503,1,18,1,1,1,3,1,5,1,5,4,1,4,5,1,2,4,4,3,3,3,3,3,3,3,3,2,5,2.92,1
"506",506,1,19,1,1,3,1,1,4,1,5,5,3,2,5,1,1,3,1,3,4,1,3,2,4,3,3,3,5,2.72,1
"507",507,1,23,1,1,3,3,1,4,1,4,3,3,2,5,2,1,4,3,2,2,3,3,2,2,4,3,2,5,2.72,1
"510",510,2,21,0,1,4,5,3,4,1,5,4,3,2,4,3,2,3,4,4,2,2,3,1,2,3,4,2,3,2.96,1
"511",511,2,21,1,3,1,3,1,4,1,4,3,3,3,3,4,2,4,2,2,4,2,2,2,2,4,2,2,4,2.68,1
"512",512,2,21,1,1,1,3,2,4,1,4,3,4,4,5,3,3,3,4,3,3,2,3,3,3,2,3,4,3,2.96,1
"513",513,3,22,1,4,3,1,1,4,1,3,4,1,4,5,4,3,3,3,3,2,1,3,3,4,3,3,2,5,2.92,1
"514",514,4,23,1,3,1,4,1,2,1,4,2,4,3,1,4,2,4,5,5,2,2,4,2,2,2,2,4,4,2.8,1
"515",515,4,25,1,3,1,1,3,2,3,3,2,1,5,4,2,1,2,1,2,3,2,1,2,5,1,2,3,2,2.28,1
"516",516,4,22,1,1,1,1,1,1,1,5,1,1,1,1,1,1,5,5,5,1,1,1,1,1,1,3,2,1,1.76,1
"517",517,4,22,0,1,1,1,1,1,1,1,1,4,2,4,4,4,2,2,5,2,1,1,1,1,1,1,1,1,1.8,1
"519",519,4,22,1,5,1,2,5,1,1,4,1,4,4,4,4,4,1,2,5,5,3,3,1,2,2,3,2,4,2.92,1
"522",522,4,23,0,1,1,1,4,1,1,1,1,2,1,1,1,2,1,1,1,2,1,1,2,1,1,3,2,1,1.4,1
"523",523,4,21,1,3,1,1,3,2,3,3,2,1,2,3,2,3,5,2,3,2,3,1,3,2,1,2,1,2,2.24,1
"524",524,4,22,1,1,1,1,1,2,1,5,2,1,2,1,2,1,2,1,1,2,2,1,1,2,2,2,3,4,1.76,1
"525",525,4,22,1,3,1,1,1,5,4,5,4,2,4,2,4,1,4,1,2,3,2,3,3,2,2,2,4,4,2.76,1
"526",526,4,22,1,3,4,2,2,3,2,2,4,3,3,3,2,2,3,2,2,4,3,2,3,2,3,2,4,4,2.76,1
"527",527,4,25,1,1,3,1,1,5,3,5,3,2,3,5,5,5,5,5,3,2,3,3,4,3,4,2,2,1,3.16,1
"528",528,4,22,1,3,1,4,1,2,3,4,3,4,3,4,3,4,3,3,3,3,1,4,4,3,2,4,3,4,3.04,1
"533",533,1,22,0,1,2,3,2,3,4,3,1,2,1,2,3,4,2,3,2,3,3,4,3,4,2,4,4,2,2.68,1
"534",534,1,21,1,1,1,2,3,2,3,2,1,2,2,3,4,3,2,3,2,3,2,3,1,2,1,3,2,1,2.16,1
"535",535,1,23,1,1,2,1,2,3,4,3,1,2,3,3,3,2,2,1,3,3,5,2,4,3,2,4,2,3,2.56,1
"536",536,1,21,0,1,2,1,5,2,1,2,1,2,2,3,2,2,3,3,4,2,3,2,3,2,5,3,3,5,2.56,1
"537",537,1,23,1,2,1,3,1,3,1,4,2,1,3,1,3,1,3,1,3,5,3,4,5,3,4,5,3,2,2.68,1
"538",538,1,21,0,3,1,4,2,1,3,2,2,5,2,1,3,1,2,1,3,1,3,1,3,4,4,2,5,3,2.48,1
"539",539,1,22,1,3,2,4,5,1,2,3,5,2,4,2,3,2,5,4,2,5,1,2,4,5,2,2,1,3,2.96,1
"540",540,1,23,0,2,3,4,5,3,2,5,1,2,3,2,1,2,4,5,4,5,3,4,1,2,3,3,4,3,3.04,1
"541",541,1,23,0,1,2,1,3,4,5,1,1,2,3,2,5,3,4,5,4,5,3,4,5,3,1,2,4,2,3,1
"542",542,1,23,0,3,4,5,2,1,3,5,3,3,3,4,3,1,2,2,1,2,1,3,4,3,2,4,5,3,2.88,1
"544",544,1,21,1,3,2,4,2,1,3,5,3,2,1,3,4,5,2,2,4,2,3,1,3,5,4,1,3,5,2.92,1
"545",545,1,23,1,2,1,3,4,3,4,5,3,2,3,1,2,2,4,4,2,1,5,4,1,4,5,2,3,1,2.84,1
"547",547,1,19,1,2,1,3,4,4,3,5,3,2,3,2,3,4,5,4,3,2,1,1,3,3,4,4,2,5,3.04,1
"548",548,1,23,1,3,2,4,1,4,3,5,4,3,4,2,1,3,4,5,1,3,2,1,4,5,3,2,3,4,3.04,1
"549",549,1,19,1,1,2,3,1,2,4,5,3,1,3,4,2,4,1,4,2,4,1,5,3,1,4,3,2,5,2.8,1
"550",550,1,21,1,1,2,2,3,4,1,2,1,2,3,4,1,2,5,1,1,3,1,3,4,5,3,4,5,3,2.64,1
"551",551,1,23,1,1,2,3,4,2,3,1,1,2,3,3,4,3,4,1,2,1,3,4,5,2,2,4,5,4,2.76,1
"552",552,1,23,1,1,2,1,3,4,5,2,1,1,3,4,5,1,2,3,1,2,3,2,3,4,4,4,3,4,2.72,1
"553",553,1,22,1,1,2,3,2,2,3,5,1,2,1,2,3,4,5,4,4,3,2,3,2,3,4,3,4,5,2.92,1
"556",556,1,19,0,3,1,1,1,1,4,5,5,1,5,5,1,1,1,5,1,1,1,2,2,1,3,4,5,5,2.6,1
"558",558,1,18,1,1,1,1,3,1,4,2,1,1,1,4,4,3,1,5,1,5,1,1,4,5,1,1,2,4,2.32,1
"559",559,1,23,1,1,5,2,2,5,5,5,5,1,2,1,1,1,2,2,1,2,1,2,1,2,1,3,5,3,2.44,1
"560",560,1,23,1,1,5,2,2,5,5,5,5,3,2,1,1,2,5,2,4,1,1,2,3,4,3,4,3,3,2.96,1
"563",563,1,23,1,5,4,1,1,1,1,1,2,4,1,3,3,1,2,1,2,2,2,1,1,4,4,1,2,4,2.16,1
"564",564,1,23,1,5,4,1,1,3,1,5,2,4,1,3,3,1,2,1,2,2,2,1,1,3,4,4,3,4,2.52,1
"565",565,1,19,1,5,1,1,1,5,1,5,2,4,1,3,3,1,2,1,2,2,2,1,1,4,4,1,2,4,2.36,1
"566",566,1,23,1,1,1,1,3,1,1,3,3,3,3,3,2,2,2,2,4,2,2,2,3,2,2,3,4,4,2.36,1
"567",567,1,23,1,5,1,2,3,3,3,2,3,2,3,1,4,4,2,4,3,1,1,2,3,3,3,3,4,3,2.72,1
"568",568,1,22,1,1,5,5,1,1,4,5,4,5,4,4,2,1,3,4,3,3,2,1,1,1,1,3,4,5,2.92,1
"569",569,1,23,1,1,1,1,3,5,3,4,3,2,2,2,4,2,2,4,3,2,2,2,3,3,3,2,3,3,2.6,1
"570",570,4,22,0,3,3,3,3,4,3,3,5,3,1,1,1,1,5,2,3,2,2,4,2,4,2,4,3,2,2.76,1
"571",571,4,22,1,3,4,3,1,5,3,4,5,1,1,2,3,3,4,3,4,2,2,4,3,3,4,2,4,3,3.04,1
"573",573,3,21,1,3,3,1,1,4,3,1,4,3,3,4,2,1,3,3,3,2,2,3,2,2,2,2,2,3,2.48,1
"574",574,3,22,1,3,1,3,3,4,3,5,4,1,1,4,1,1,3,3,3,2,1,3,3,2,2,3,2,5,2.64,1
"575",575,4,22,0,3,3,2,2,4,3,4,5,2,2,3,2,3,3,2,4,2,2,3,3,2,4,1,3,2,2.76,1
"576",576,3,23,0,1,1,4,1,1,1,1,5,4,3,4,2,4,5,1,4,1,1,1,1,2,4,1,5,5,2.52,1
"577",577,4,24,1,1,3,1,3,4,1,5,3,2,2,5,2,1,3,2,4,2,2,2,3,2,2,3,2,5,2.6,1
"578",578,1,23,0,2,2,3,4,4,4,2,2,2,1,2,4,4,4,4,2,1,1,1,4,2,1,1,1,2,2.4,1
"579",579,1,21,0,3,2,2,2,3,3,3,3,3,3,3,1,1,2,4,4,1,1,2,1,1,1,1,1,4,2.2,1
"584",584,1,23,0,2,4,3,5,1,1,2,2,4,3,2,3,1,4,3,4,2,1,4,1,5,3,2,1,5,2.72,1
"585",585,2,23,1,2,1,2,3,4,5,4,3,1,5,2,4,1,3,5,2,5,4,2,4,4,1,4,3,1,3,1
"586",586,2,23,0,1,4,2,5,1,3,4,4,5,4,2,5,2,4,1,2,4,1,3,1,5,2,3,1,5,2.96,1
"587",587,2,21,1,5,1,3,4,2,5,1,3,2,1,2,3,2,2,3,4,5,4,3,4,3,2,3,1,2,2.8,1
"588",588,2,21,1,5,4,3,4,1,2,1,3,4,3,2,1,2,3,2,3,4,5,4,3,3,2,3,1,1,2.76,1
"592",592,1,19,1,5,3,1,1,5,3,5,4,4,4,5,1,1,3,1,1,1,1,3,3,3,3,1,3,5,2.8,1
"593",593,1,19,1,5,5,3,1,5,1,4,3,1,1,1,1,1,5,1,1,4,5,3,2,5,3,4,5,2,2.88,1
"594",594,1,23,1,3,5,1,3,5,1,4,3,2,4,4,2,1,4,4,3,2,2,2,2,3,2,2,5,5,2.96,1
"611",611,1,23,1,5,1,3,1,4,1,3,2,4,2,1,3,3,5,4,5,2,5,3,2,3,1,5,4,4,3.04,1
"618",618,1,24,0,5,4,4,3,5,3,2,3,3,4,3,2,2,2,1,2,3,5,1,4,2,2,4,3,1,2.92,1
"633",633,2,22,0,1,1,1,3,2,5,2,1,2,1,1,3,1,1,3,4,2,5,2,2,2,1,2,3,5,2.24,1
"643",643,2,23,0,3,1,4,1,3,2,4,2,1,3,3,5,3,4,1,3,5,3,5,3,5,3,1,5,3,3.04,1
"648",648,4,23,1,5,3,3,3,3,1,5,4,3,4,5,2,1,1,3,3,2,2,1,2,1,1,1,4,4,2.68,1
"649",649,4,25,1,3,4,5,4,3,4,3,3,1,4,2,2,3,4,4,4,2,2,3,2,2,2,2,3,5,3.04,1
"650",650,4,23,1,1,3,3,3,5,2,3,4,2,2,4,2,2,4,4,3,2,1,3,3,4,4,2,4,4,2.96,1
"651",651,4,22,1,3,3,3,1,4,3,1,4,3,2,5,3,3,4,2,3,2,2,3,2,2,4,2,3,5,2.88,1
"653",653,3,23,1,1,1,1,3,4,1,4,4,4,2,5,3,1,3,3,4,3,1,3,3,3,4,3,2,5,2.84,1
"654",654,2,23,1,2,3,4,2,3,3,3,4,2,3,3,2,2,3,3,2,3,2,3,2,4,3,3,5,2,2.84,1
"655",655,1,18,1,5,1,1,2,3,5,4,4,2,1,1,2,1,3,4,1,3,1,1,2,2,2,3,2,5,2.44,1
"661",661,1,23,0,5,1,5,1,5,4,1,5,3,2,4,2,4,2,3,1,3,4,1,3,2,3,2,2,4,2.88,1
"662",662,1,23,0,5,1,5,4,2,3,1,5,3,2,4,1,3,4,4,1,4,1,4,1,4,1,2,3,1,2.76,1
"665",665,1,23,1,2,2,4,5,1,2,2,4,5,1,2,2,4,2,4,2,2,1,2,4,5,1,2,4,2,2.68,1
"666",666,1,23,0,2,4,3,4,1,1,1,2,2,2,4,1,1,1,1,2,1,1,2,1,1,2,1,2,4,1.88,1
"667",667,1,23,0,3,2,1,1,2,3,4,4,2,2,1,2,4,4,1,1,2,2,1,2,1,1,2,3,2,2.12,1
"668",668,1,23,1,3,1,2,1,3,4,4,2,1,1,1,2,2,1,2,3,3,4,2,2,2,2,1,1,3,2.12,1
"669",669,1,23,1,4,3,2,1,2,2,3,2,4,1,1,1,3,4,4,4,4,2,1,3,2,4,4,5,2,2.72,1
"671",671,2,25,0,3,5,2,4,1,3,1,2,1,3,4,5,2,4,3,5,3,2,2,2,4,3,3,2,2,2.84,1
"672",672,2,24,1,3,2,4,1,1,3,3,4,1,1,4,1,5,1,2,1,2,3,2,1,2,3,1,2,4,2.28,1
"673",673,2,23,0,4,5,3,4,2,3,1,4,5,3,1,4,2,4,2,4,1,4,1,3,4,1,4,1,2,2.88,1
"674",674,2,21,1,3,5,4,5,3,2,1,4,1,2,4,2,4,2,5,1,1,2,3,4,5,1,1,2,3,2.8,1
"675",675,2,21,1,5,3,5,3,2,3,5,4,1,2,2,1,5,4,2,1,2,4,4,2,1,1,2,3,5,2.88,1
"676",676,3,23,1,4,5,2,1,4,1,5,2,2,4,1,5,2,5,1,3,5,2,1,4,5,2,4,2,4,3.04,1
"678",678,3,22,0,2,3,1,1,2,4,5,1,1,2,4,2,1,1,5,5,2,1,1,2,3,2,4,5,2,2.48,1
"680",680,3,22,1,5,2,5,3,5,5,3,5,2,2,4,1,1,2,4,4,2,3,2,4,5,2,1,2,4,3.12,1
"684",684,4,23,0,3,3,3,2,1,1,3,1,4,2,2,2,4,4,2,1,1,2,2,1,1,2,2,1,1,2.04,1
"685",685,4,23,1,2,4,3,3,3,5,2,4,4,2,3,3,3,2,1,1,1,2,1,1,1,1,2,3,5,2.48,1
"686",686,4,23,1,3,1,4,3,4,2,5,3,2,2,1,3,4,4,2,3,1,4,1,2,2,4,4,2,4,2.8,1
"687",687,4,25,1,2,4,1,5,2,4,1,3,2,4,2,1,5,3,5,3,2,4,3,5,1,4,2,4,1,2.92,1
"688",688,4,25,0,5,3,4,2,4,1,3,4,5,2,4,2,1,4,2,5,2,4,2,4,2,1,4,2,1,2.92,1
"689",689,4,24,0,5,3,4,1,3,4,1,2,5,3,5,3,2,1,4,3,4,3,4,5,2,1,1,2,4,3,1
"690",690,4,24,1,4,2,4,3,1,5,4,3,4,1,2,4,1,2,4,4,2,1,1,2,2,3,2,1,4,2.64,1
"691",691,4,24,0,4,5,3,4,3,2,2,3,2,1,1,4,4,5,3,5,2,1,2,1,4,5,2,4,2,2.96,1
"707",707,4,24,0,5,5,5,1,5,2,5,4,2,3,2,2,2,3,2,2,2,4,3,4,2,2,2,4,3,3.04,1
"711",711,4,24,1,1,3,1,3,5,1,4,4,2,5,5,2,1,4,2,3,1,1,3,2,4,3,3,2,4,2.76,1
"712",712,4,23,0,1,3,1,4,5,1,4,4,2,5,5,3,1,2,5,4,2,2,3,4,4,4,2,2,4,3.08,1
"713",713,4,23,0,1,3,1,1,5,1,5,4,3,5,5,3,1,2,4,5,2,1,3,4,2,3,5,5,4,3.12,1
"714",714,1,23,1,2,1,5,2,1,3,2,2,1,5,4,1,3,1,3,1,3,1,2,4,2,4,5,4,5,2.68,1
"715",715,1,23,1,2,5,2,1,3,2,4,2,1,1,3,1,4,5,2,3,4,4,1,2,4,5,2,3,3,2.76,1
"720",720,3,24,1,3,3,1,2,5,5,2,4,4,5,5,2,1,3,3,4,2,2,3,3,2,3,3,5,2,3.08,1
"722",722,1,23,1,1,3,2,4,1,2,5,4,1,5,3,2,4,1,5,5,1,2,4,5,3,3,5,3,1,3,1
"724",724,1,23,1,2,1,3,4,5,3,1,2,5,4,2,3,5,4,1,3,5,3,2,5,3,2,4,2,1,3,1
"727",727,1,21,0,5,4,2,3,1,1,3,3,4,2,4,3,1,2,5,3,1,2,3,4,5,3,3,4,2,2.92,1
"728",728,1,22,0,2,4,1,5,2,4,1,1,3,5,2,4,1,3,5,1,3,5,2,4,1,3,5,1,3,2.84,1
"729",729,1,21,1,5,1,3,2,1,5,4,4,5,3,1,4,1,2,3,1,4,1,3,5,1,2,3,2,4,2.8,1
"730",730,1,24,0,3,5,4,2,1,3,1,3,4,2,3,2,4,1,3,4,3,2,3,5,1,3,2,5,1,2.8,1
"731",731,1,22,1,4,3,5,3,2,3,1,5,3,1,5,3,1,4,3,5,2,1,4,3,1,5,3,1,5,3.04,1
"733",733,1,22,1,2,3,4,5,4,3,2,3,3,4,5,2,4,3,3,3,3,3,2,2,2,2,3,3,3,3.04,1
"734",734,1,24,0,5,2,4,2,4,1,3,3,5,2,4,1,3,5,2,4,1,5,2,4,1,5,2,3,1,2.96,1
"735",735,1,23,1,5,3,1,4,2,4,1,4,2,5,2,4,1,3,5,2,4,1,5,2,4,1,3,1,5,2.96,1
"743",743,2,21,0,3,1,4,2,4,1,3,5,2,3,1,5,2,4,4,2,4,3,1,5,3,2,4,4,4,3.04,1
"760",760,2,23,1,5,1,2,3,4,3,1,3,2,3,4,5,4,4,3,3,2,1,1,2,3,4,5,5,4,3.08,1
"761",761,2,22,1,3,4,2,2,1,3,5,3,3,5,5,1,2,4,3,2,1,2,3,4,5,4,3,2,1,2.92,1
"764",764,2,24,1,4,5,2,3,1,2,1,4,3,2,1,2,3,4,3,2,4,2,3,4,5,4,3,2,1,2.8,1
"765",765,2,23,1,1,3,2,5,3,2,1,4,5,3,4,3,2,3,2,3,2,2,1,2,3,3,2,3,5,2.76,1
"766",766,2,22,1,5,4,1,3,2,1,1,5,4,3,2,1,2,3,3,3,4,5,4,3,2,1,2,3,4,2.84,1
"767",767,2,25,0,4,2,5,3,1,4,2,3,5,2,4,1,3,5,2,4,1,3,5,2,4,2,4,2,5,3.12,1
"768",768,2,24,0,4,2,3,1,2,5,1,2,5,3,2,5,3,2,1,2,3,4,5,4,3,2,1,2,3,2.8,1
"769",769,2,24,0,5,1,3,1,4,2,5,2,1,3,4,5,3,2,1,2,3,4,5,4,3,2,1,2,3,2.84,1
"770",770,2,25,0,5,1,4,2,3,1,1,4,3,2,1,2,3,4,5,4,3,2,1,2,3,4,5,4,3,2.88,1
"771",771,2,24,1,5,1,4,3,1,5,1,5,5,4,3,2,3,2,4,1,1,5,3,2,4,1,4,5,1,3,1
"772",772,2,24,1,5,1,3,4,2,1,1,2,1,2,3,4,3,2,4,3,2,1,2,3,4,5,4,3,2,2.68,1
"773",773,2,23,1,1,3,2,4,1,5,2,4,3,2,1,2,3,4,3,2,1,2,3,4,5,4,3,2,1,2.68,1
"774",774,2,23,1,5,4,3,1,1,4,2,4,5,3,3,2,4,3,2,1,2,3,4,5,3,2,1,2,3,2.88,1
"775",775,2,24,1,4,5,2,3,1,1,5,5,5,4,4,3,3,2,2,1,1,2,5,4,3,3,2,3,1,2.96,1
"786",786,2,24,0,1,1,1,1,1,3,2,5,2,1,2,1,1,1,5,4,5,4,4,4,5,5,5,5,2,2.84,1
"790",790,3,24,0,1,3,4,2,5,3,1,4,5,4,3,2,1,2,3,2,1,2,3,4,5,4,3,2,1,2.8,1
"791",791,3,23,0,1,5,3,1,4,2,1,3,2,3,4,3,4,3,2,3,4,3,2,1,2,3,4,5,4,2.88,1
"792",792,3,25,1,5,3,2,4,1,5,1,3,1,1,2,2,3,5,4,3,2,1,2,3,4,5,4,3,2,2.84,1
"793",793,3,24,1,5,3,2,4,2,1,1,3,4,5,4,3,2,1,2,3,4,5,4,3,2,1,2,3,4,2.92,1
"794",794,3,25,1,4,5,3,1,2,4,1,5,4,3,2,1,2,3,4,5,4,3,2,1,2,3,4,5,4,3.08,1
"795",795,3,25,0,1,4,3,5,2,4,1,3,2,1,2,3,4,3,3,2,3,2,3,4,5,4,3,2,1,2.8,1
"802",802,3,23,1,5,1,3,1,4,1,3,2,4,2,1,3,3,1,4,5,4,5,3,4,4,1,3,5,4,3.04,1
"803",803,3,23,1,4,2,5,1,3,5,1,2,4,1,5,1,3,5,2,4,1,5,2,4,2,3,1,5,2,2.92,1
"804",804,3,24,0,3,5,2,4,3,1,4,2,4,2,5,2,4,2,5,4,1,3,5,1,3,2,4,2,5,3.12,1
"805",805,3,24,0,2,4,1,5,2,4,1,3,5,2,3,1,4,2,5,1,4,2,3,1,4,2,5,1,3,2.8,1
"810",810,4,23,0,3,2,4,1,3,4,1,4,2,3,4,1,2,5,5,3,3,2,1,2,1,4,4,5,5,2.96,1
"812",812,4,23,0,5,3,4,2,3,4,5,5,3,2,1,3,5,3,1,1,1,3,1,5,5,1,4,4,4,3.12,1
"828",828,2,19,1,1,1,5,5,3,1,3,4,3,4,2,2,2,1,3,4,2,2,2,2,2,4,3,5,4,2.8,1
"829",829,3,23,1,5,1,1,3,5,4,4,3,2,4,4,1,1,3,3,1,1,1,2,3,4,4,4,4,4,2.88,1
"831",831,2,23,0,2,2,5,1,5,4,5,4,3,4,4,3,5,3,2,2,2,1,2,2,2,2,3,4,4,3.04,1
"833",833,1,23,0,3,4,2,2,2,2,3,3,3,2,1,2,2,1,4,2,2,2,2,2,2,2,4,4,2,2.4,1
"834",834,4,23,1,1,3,4,5,2,1,5,5,3,4,5,2,1,3,3,4,2,2,3,2,4,3,1,3,5,3.04,1
"835",835,3,21,0,3,1,3,5,5,1,5,5,2,3,2,3,1,2,1,4,3,1,1,1,2,2,2,3,5,2.64,1
"837",837,3,23,1,5,3,1,2,4,2,1,5,5,1,1,5,3,4,1,5,2,3,5,3,3,1,1,3,4,2.92,1
"838",838,3,22,0,1,1,3,3,4,1,5,3,4,4,4,2,2,2,3,3,1,4,1,3,4,5,3,3,4,2.92,1
"839",839,3,22,0,3,4,5,1,5,1,3,4,4,3,2,3,4,3,2,4,2,2,2,4,2,2,2,4,5,3.04,1
"847",847,1,21,0,1,1,1,1,1,3,2,5,2,1,2,1,1,3,1,1,3,4,2,1,5,4,4,2,1,2.12,1
"857",857,1,19,1,5,1,3,1,4,1,3,2,4,2,1,3,3,5,3,4,1,2,3,3,4,5,4,2,1,2.8,1
"869",869,1,19,0,1,1,1,1,1,3,2,5,2,1,2,1,1,3,4,3,5,3,2,4,2,5,4,5,5,2.68,1
"881",881,1,21,1,5,1,5,1,1,2,1,1,1,1,1,4,1,1,1,3,3,1,1,2,2,2,1,3,1,1.84,1
"894",894,2,23,0,4,0,3,2,4,3,5,4,1,5,3,5,1,4,4,2,4,3,1,5,3,2,4,3,5,3.2,1
"911",911,2,23,1,5,4,4,4,5,1,3,1,2,4,4,4,2,1,2,1,1,2,1,1,2,1,2,5,3,2.6,1
"912",912,1,21,0,4,5,2,3,3,2,4,3,2,3,2,4,2,2,1,2,2,2,3,2,2,3,4,3,5,2.8,1
