,X1,X2,X3,X4,X5,X6,X7,X8,X9,X10,X11,X12,X13,X14,X15,X16,X17,X18,X19,X20,X21,X22,X23,X24,X25,Level,clara.res.clustering
333,1,1,1,4,1,1,1,1,2,1,1,1,2,1,1,1,2,1,1,2,1,1,3,2,1,1.4,2
324,1,1,1,1,2,1,1,2,1,1,1,3,1,1,3,1,1,1,2,2,2,1,2,2,1,1.44,2
8,1,1,1,1,1,1,4,3,3,2,2,1,1,1,1,1,1,1,1,1,1,1,1,5,4,1.64,2
327,1,1,1,1,1,1,5,1,1,1,1,1,1,5,5,5,1,1,1,1,1,1,3,2,1,1.76,2
335,1,1,1,1,2,1,5,2,1,2,1,2,1,2,1,1,2,2,1,1,2,2,2,3,4,1.76,2
588,3,2,1,1,4,4,2,1,1,1,2,2,2,1,1,2,2,1,1,2,2,1,2,1,2,1.76,2
328,1,1,1,1,1,1,1,1,4,2,4,4,4,2,2,5,2,1,1,1,1,1,1,1,1,1.8,2
769,1,1,1,1,3,1,1,5,4,2,1,1,2,1,3,1,1,1,2,2,1,2,1,3,3,1.8,2
467,5,1,5,1,1,2,1,1,1,1,1,4,1,1,1,3,3,1,1,2,2,2,1,3,1,1.84,2
21,1,1,1,2,4,1,5,1,2,3,3,2,1,2,1,1,1,2,1,2,2,2,3,1,2,1.88,2
604,3,1,1,2,4,1,1,2,4,1,1,1,2,2,4,1,1,2,4,1,2,2,1,1,2,1.88,2
743,2,4,3,4,1,1,1,2,2,2,4,1,1,1,1,2,1,1,2,1,1,2,1,2,4,1.88,2
41,1,1,1,1,1,3,2,5,2,1,2,1,1,3,1,1,3,1,1,3,2,2,3,1,5,1.92,2
42,1,1,1,1,1,3,2,5,2,1,2,1,1,3,1,1,3,1,1,3,2,2,3,1,5,1.92,2
381,1,1,1,1,1,3,2,5,2,1,2,1,1,3,1,1,3,1,1,3,2,2,3,1,5,1.92,2
31,1,1,1,1,5,1,4,1,1,4,1,1,1,1,1,2,1,1,2,4,2,2,2,4,4,1.96,2
36,1,1,1,1,3,1,2,2,2,2,2,2,2,2,3,2,2,3,2,2,2,2,2,3,3,2,2
601,2,1,1,3,4,4,1,1,2,2,2,1,1,4,4,2,2,4,2,2,1,1,2,1,1,2.04,2
602,1,2,2,2,1,4,1,1,3,3,4,2,2,1,1,1,3,2,4,4,1,1,2,2,1,2.04,2
761,3,3,3,2,1,1,3,1,4,2,2,2,4,4,2,1,1,2,2,1,1,2,2,1,1,2.04,2
591,4,2,1,1,2,3,3,1,2,2,4,2,1,1,2,2,1,1,1,2,2,4,4,2,2,2.08,2
711,2,1,3,1,3,1,3,1,2,1,2,3,1,3,1,3,1,3,1,3,4,2,2,1,4,2.08,2
433,1,1,1,1,1,3,2,5,2,1,2,1,1,3,1,1,3,4,2,1,5,4,4,2,1,2.12,2
607,2,2,4,1,1,2,2,1,1,1,2,2,4,1,4,4,2,1,1,4,4,4,1,1,1,2.12,2
623,3,1,2,2,2,1,1,3,4,4,1,1,2,2,1,2,2,2,1,3,4,4,1,2,2,2.12,2
744,3,2,1,1,2,3,4,4,2,2,1,2,4,4,1,1,2,2,1,2,1,1,2,3,2,2.12,2
745,3,1,2,1,3,4,4,2,1,1,1,2,2,1,2,3,3,4,2,2,2,2,1,1,3,2.12,2
777,1,1,1,1,4,4,3,1,3,4,3,1,1,1,1,2,1,2,3,1,2,3,3,3,3,2.12,2
58,5,1,1,1,5,5,3,1,1,2,3,1,1,3,1,3,1,1,3,3,1,1,3,3,1,2.16,2
125,1,1,5,2,1,1,4,4,2,4,2,2,1,2,2,2,2,2,1,2,2,2,2,3,2,2.16,2
345,1,1,2,3,2,3,2,1,2,2,3,4,3,2,3,2,3,2,3,1,2,1,3,2,1,2.16,2
374,5,4,1,1,1,1,1,2,4,1,3,3,1,2,1,2,2,2,1,1,4,4,1,2,4,2.16,2
595,2,1,2,2,4,4,1,1,1,2,2,2,2,1,4,1,2,2,1,1,2,4,4,2,4,2.16,2
783,4,3,1,1,5,2,3,3,2,3,2,3,1,2,1,3,1,1,2,2,2,3,1,1,2,2.16,2
59,4,1,1,1,5,1,3,1,1,2,3,1,1,1,3,1,4,1,1,1,3,5,3,2,5,2.2,2
598,3,1,1,2,4,2,2,4,2,1,1,2,4,4,2,1,1,1,2,4,1,2,2,4,2,2.2,2
721,3,2,2,2,3,3,3,3,3,3,3,1,1,2,4,4,1,1,2,1,1,1,1,1,4,2.2,2
35,1,1,5,2,1,2,2,4,4,2,1,3,1,3,3,3,3,2,3,2,2,3,1,1,1,2.24,2
334,3,1,1,3,2,3,3,2,1,2,3,2,3,5,2,3,2,3,1,3,2,1,2,1,2,2.24,2
560,2,2,4,4,2,3,2,3,3,2,2,2,4,3,2,3,2,1,2,1,2,1,1,1,2,2.24,2
589,3,1,1,4,4,4,4,2,1,1,2,4,2,2,1,1,2,4,2,2,2,1,1,1,4,2.24,2
682,1,1,1,3,2,5,2,1,2,1,1,3,1,1,3,4,2,5,2,2,2,1,2,3,5,2.24,2
27,5,5,5,1,5,1,2,2,4,1,1,2,1,3,3,2,1,1,2,3,1,1,1,1,3,2.28,2
28,5,5,5,1,5,1,2,2,4,1,1,2,1,3,3,2,1,1,2,3,1,1,1,1,3,2.28,2
30,5,5,5,1,5,1,2,2,4,1,1,2,1,3,3,2,1,1,2,3,1,1,1,1,3,2.28,2
32,1,1,5,2,1,2,2,5,3,2,1,3,2,2,2,2,2,2,2,3,1,1,1,5,4,2.28,2
198,1,2,1,5,4,3,3,2,4,5,2,1,2,1,2,1,2,1,3,1,5,1,2,2,1,2.28,2
326,3,1,1,3,2,3,3,2,1,5,4,2,1,2,1,2,3,2,1,2,5,1,2,3,2,2.28,2
622,3,1,1,1,2,3,3,3,3,4,4,4,2,3,1,1,2,3,3,3,1,1,1,2,2,2.28,2
749,3,2,4,1,1,3,3,4,1,1,4,1,5,1,2,1,2,3,2,1,2,3,1,2,4,2.28,2
106,3,5,5,1,5,1,1,1,1,5,1,1,5,1,2,1,1,1,1,1,1,1,4,5,4,2.32,2
200,2,4,1,3,2,4,1,1,2,3,1,3,2,5,2,4,1,3,1,4,1,2,2,3,1,2.32,2
369,1,1,1,3,1,4,2,1,1,1,4,4,3,1,5,1,5,1,1,4,5,1,1,2,4,2.32,2
569,1,2,2,3,1,2,3,2,3,3,3,2,2,4,2,4,1,2,2,3,3,4,1,2,1,2.32,2
712,2,1,3,4,1,5,2,1,3,1,3,1,2,1,4,1,3,1,4,1,3,4,2,1,4,2.32,2
140,1,2,1,2,1,4,5,1,2,3,2,5,4,3,1,2,1,3,1,2,3,1,4,2,3,2.36,2
321,1,2,1,1,2,5,3,5,4,5,1,1,1,1,1,3,2,1,1,1,2,5,2,3,5,2.36,2
377,1,1,1,3,1,1,3,3,3,3,3,2,2,2,2,4,2,2,2,3,2,2,3,4,4,2.36,2
556,3,3,2,2,4,3,2,2,2,3,3,2,3,3,3,5,2,1,2,1,2,2,1,1,2,2.36,2
583,5,2,3,1,3,1,2,3,2,2,3,2,3,2,4,2,3,1,2,3,1,3,2,3,1,2.36,2
590,2,1,2,4,4,4,5,1,1,2,2,4,2,2,2,2,1,1,4,4,4,2,1,1,1,2.36,2
605,1,3,3,4,1,1,2,2,2,3,4,4,4,1,1,2,2,1,1,1,4,4,5,1,2,2.36,2
606,2,4,4,2,1,1,4,4,2,2,4,2,5,2,1,1,1,2,2,4,4,1,1,1,2,2.36,2
33,5,1,1,1,1,5,1,4,4,4,2,2,2,2,4,2,2,2,2,3,2,2,2,2,2,2.4,2
554,5,2,2,2,4,2,3,3,3,2,3,2,3,2,3,5,2,2,2,1,1,1,2,2,1,2.4,2
562,4,3,2,4,2,3,3,2,2,2,4,2,2,4,4,3,2,1,2,1,2,2,1,1,2,2.4,2
586,3,1,1,2,4,4,2,1,1,2,2,4,4,4,2,1,1,2,2,2,4,4,4,1,2,2.4,2
594,3,2,1,3,5,4,2,2,2,1,1,2,2,4,2,2,2,4,1,1,2,1,2,4,5,2.4,2
720,2,2,3,4,4,4,2,2,2,1,2,4,4,4,4,2,1,1,1,4,2,1,1,1,2,2.4,2
781,3,4,2,2,2,2,3,3,3,2,1,2,2,1,4,2,2,2,2,2,2,2,4,4,2,2.4,2
4,5,1,1,1,5,1,4,4,2,1,1,1,1,1,3,5,3,2,1,2,2,2,3,4,5,2.44,2
37,5,4,1,1,3,1,2,1,3,2,4,1,3,2,4,1,5,1,3,2,4,2,3,1,2,2.44,2
64,1,2,1,1,3,1,1,1,5,4,2,5,4,1,1,3,3,4,5,2,1,3,4,1,2,2.44,2
129,1,2,1,3,1,5,1,1,5,4,1,4,1,3,2,1,1,5,1,3,1,2,5,3,4,2.44,2
139,2,1,3,2,2,2,5,1,1,2,1,2,5,4,4,5,2,2,2,3,2,3,3,1,1,2.44,2
370,1,5,2,2,5,5,5,5,1,2,1,1,1,2,2,1,2,1,2,1,2,1,3,5,3,2.44,2
558,2,3,3,2,2,3,3,4,3,4,3,2,3,3,3,4,1,2,2,1,2,2,1,1,2,2.44,2
732,5,1,1,2,3,5,4,4,2,1,1,2,1,3,4,1,3,1,1,2,2,2,3,2,5,2.44,2
38,5,1,2,4,4,2,2,1,2,3,1,3,1,4,1,5,3,2,3,1,2,4,2,1,3,2.48,2
109,5,2,1,3,3,3,4,2,3,4,2,2,1,3,3,2,2,2,1,2,3,3,2,2,2,2.48,2
193,1,2,3,1,2,1,4,1,2,1,4,4,5,5,3,3,4,3,4,1,1,2,1,3,1,2.48,2
349,3,1,4,2,1,3,2,2,5,2,1,3,1,2,1,3,1,3,1,3,4,4,2,5,3,2.48,2
517,4,4,4,4,2,2,1,1,2,2,4,2,2,2,2,1,1,1,2,2,2,2,4,4,5,2.48,2
568,1,3,4,3,1,2,2,3,4,2,2,3,3,3,2,5,1,2,2,1,2,3,2,2,4,2.48,2
600,3,2,5,5,1,1,1,2,2,4,4,5,1,1,2,2,2,2,1,5,5,1,1,2,2,2.48,2
620,1,2,1,3,1,3,1,4,4,5,1,1,2,3,5,2,2,3,1,2,1,4,4,2,4,2.48,2
755,2,3,1,1,2,4,5,1,1,2,4,2,1,1,5,5,2,1,1,2,3,2,4,5,2,2.48,2
762,2,4,3,3,3,5,2,4,4,2,3,3,3,2,1,1,1,2,1,1,1,1,2,3,5,2.48,2
831,3,3,1,1,4,3,1,4,3,3,4,2,1,3,3,3,2,2,3,2,2,2,2,2,3,2.48,2
53,5,2,1,1,1,3,4,4,3,2,1,2,2,3,3,3,2,2,2,2,2,2,2,4,5,2.52,2
93,5,3,1,1,4,3,1,2,3,2,4,2,2,2,3,4,2,2,2,2,2,2,2,4,3,2.52,2
555,3,2,3,2,2,2,3,2,2,3,2,3,2,3,3,5,3,3,4,2,2,1,1,2,3,2.52,2
599,3,2,4,5,5,1,1,2,2,1,1,2,4,4,2,2,2,4,4,2,1,4,2,2,1,2.52,2
618,4,5,3,4,3,5,4,3,1,3,1,2,1,3,1,3,1,3,1,2,3,4,1,1,1,2.52,2
842,1,1,4,1,1,1,1,5,4,3,4,2,4,5,1,4,1,1,1,1,2,4,1,5,5,2.52,2
111,5,2,2,3,1,3,4,2,3,4,4,1,3,3,2,2,2,1,2,3,3,3,2,2,2,2.56,2
113,5,2,2,1,3,3,3,2,3,4,4,3,3,2,2,2,1,2,3,3,3,2,2,2,2,2.56,2
127,5,2,1,3,4,3,4,2,3,4,2,2,1,3,3,2,2,2,1,2,3,3,3,2,2,2.56,2
141,1,2,1,2,3,4,2,1,2,1,2,3,1,3,2,2,3,4,5,5,4,5,3,2,1,2.56,2
197,1,2,1,3,2,3,4,1,2,1,2,4,2,2,3,2,3,3,2,4,2,4,2,4,5,2.56,2
346,1,2,1,2,3,4,3,1,2,3,3,3,2,2,1,3,3,5,2,4,3,2,4,2,3,2.56,2
347,1,2,1,5,2,1,2,1,2,2,3,2,2,3,3,4,2,3,2,3,2,5,3,3,5,2.56,2
617,1,2,3,2,1,2,4,1,2,1,2,4,4,1,5,1,5,5,5,2,1,4,1,2,3,2.56,2
835,3,2,2,3,3,3,3,4,4,3,3,2,4,2,1,1,1,1,3,3,3,1,4,1,4,2.56,2
135,1,5,3,5,1,1,5,1,2,4,4,2,5,4,1,1,3,4,3,4,1,1,1,1,2,2.6,2
367,3,1,1,1,1,4,5,5,1,5,5,1,1,1,5,1,1,1,2,2,1,3,4,5,5,2.6,2
380,1,1,1,3,5,3,4,3,2,2,2,4,2,2,4,3,2,2,2,3,3,3,2,3,3,2.6,2
542,2,2,2,2,3,3,4,3,2,3,3,3,3,2,3,3,3,2,3,2,3,2,2,2,3,2.6,2
552,5,4,2,4,4,2,3,4,2,1,2,4,5,2,4,4,1,2,1,2,1,2,2,1,1,2.6,2
570,2,3,4,2,2,2,2,3,4,2,2,3,3,3,3,5,2,1,2,1,4,4,3,2,1,2.6,2
786,1,1,5,4,5,3,4,3,3,3,3,2,1,4,1,1,1,1,1,1,4,4,1,4,4,2.6,2
855,5,4,4,4,5,1,3,1,2,4,4,4,2,1,2,1,1,2,1,1,2,1,2,5,3,2.6,2
880,1,3,1,3,4,1,5,3,2,2,5,2,1,3,2,4,2,2,2,3,2,2,3,2,5,2.6,2
884,1,1,4,3,3,1,2,4,3,2,2,2,1,4,2,4,2,2,2,5,3,3,3,2,4,2.6,2
49,4,5,5,1,5,1,2,1,1,2,3,1,1,5,3,1,4,1,1,1,3,5,3,2,5,2.64,2
94,5,3,5,1,5,1,1,2,3,3,4,2,2,2,3,2,2,2,2,2,2,2,2,4,4,2.64,2
118,5,4,4,5,3,2,3,2,2,2,3,2,2,2,2,3,1,2,3,3,2,3,2,2,2,2.64,2
530,2,2,2,4,3,3,3,3,2,2,3,3,3,2,2,3,3,3,2,2,3,3,2,3,3,2.64,2
540,4,2,4,2,2,4,2,3,2,3,2,3,2,3,3,2,3,2,3,2,3,2,3,2,3,2.64,2
564,5,3,1,2,3,4,2,2,3,2,4,3,2,4,4,3,2,2,3,2,2,2,2,2,2,2.64,2
585,3,2,2,3,4,4,1,2,4,4,4,4,4,2,2,1,1,1,2,2,2,2,4,4,2,2.64,2
767,4,2,4,3,1,5,4,3,4,1,2,4,1,2,4,4,2,1,1,2,2,3,2,1,4,2.64,2
833,3,1,3,3,4,3,5,4,1,1,4,1,1,3,3,3,2,1,3,3,2,2,3,2,5,2.64,2
846,3,1,3,5,5,1,5,5,2,3,2,3,1,2,1,4,3,1,1,1,2,2,2,3,5,2.64,2
69,5,1,1,2,5,3,4,5,3,2,1,2,2,3,4,3,2,2,2,3,2,2,2,4,2,2.68,2
112,5,2,2,1,4,4,4,2,3,4,4,3,3,2,2,2,1,2,3,3,3,2,2,2,2,2.68,2
128,1,2,5,1,2,4,1,3,1,3,4,5,5,3,3,1,4,4,2,2,3,2,3,2,1,2.68,2
130,1,1,5,2,1,4,1,1,2,3,4,2,4,1,2,4,4,4,1,4,5,4,4,2,1,2.68,2
143,1,2,1,2,3,2,5,1,2,1,2,4,5,2,3,3,3,2,3,2,3,4,2,4,5,2.68,2
194,1,2,1,2,1,3,5,1,2,1,3,4,5,4,4,5,4,3,1,4,1,1,3,3,3,2.68,2
253,5,1,3,4,2,1,1,2,1,2,3,4,3,2,4,3,2,1,2,3,4,5,4,3,2,2.68,2
254,1,3,2,4,1,5,2,4,3,2,1,2,3,4,3,2,1,2,3,4,5,4,3,2,1,2.68,2
344,1,2,3,2,3,4,3,1,2,1,2,3,4,2,3,2,3,3,4,3,4,2,4,4,2,2.68,2
455,1,1,1,1,1,3,2,5,2,1,2,1,1,3,4,3,5,3,2,4,2,5,4,5,5,2.68,2
546,3,3,2,4,3,3,2,3,2,3,3,3,3,2,3,4,3,3,2,2,2,2,2,2,3,2.68,2
717,2,1,5,2,1,3,2,2,1,5,4,1,3,1,3,1,3,1,2,4,2,4,5,4,5,2.68,2
742,2,2,4,5,1,2,2,4,5,1,2,2,4,2,4,2,2,1,2,4,5,1,2,4,2,2.68,2
772,5,3,3,3,3,1,5,4,3,4,5,2,1,1,3,3,2,2,1,2,1,1,1,4,4,2.68,2
865,1,1,1,1,5,3,3,3,2,3,5,1,2,4,4,2,2,2,3,1,4,3,4,3,4,2.68,2
892,1,1,3,1,4,3,1,3,3,4,4,3,2,4,3,4,2,1,3,1,3,2,4,3,4,2.68,2
34,1,1,1,5,2,1,2,5,3,5,1,4,4,5,1,1,3,1,1,5,5,5,1,4,1,2.72,2
39,4,1,2,4,5,2,3,1,3,4,3,1,2,4,4,3,4,1,2,3,2,4,1,4,1,2.72,2
108,5,1,1,1,5,5,5,4,3,3,5,4,1,1,3,1,3,2,2,2,1,2,2,3,3,2.72,2
363,1,2,1,3,4,5,2,1,1,3,4,5,1,2,3,1,2,3,2,3,4,4,4,3,4,2.72,2
378,5,1,2,3,3,3,2,3,2,3,1,4,4,2,4,3,1,1,2,3,3,3,3,4,3,2.72,2
516,2,2,3,3,3,3,3,3,2,2,2,2,2,4,4,4,4,4,1,2,2,2,4,1,4,2.72,2
548,5,1,3,2,3,4,3,3,2,2,4,3,4,3,4,4,2,1,2,1,2,2,3,2,3,2.72,2
746,4,3,2,1,2,2,3,2,4,1,1,1,3,4,4,4,4,2,1,3,2,4,4,5,2,2.72,2
14,1,3,1,1,3,5,4,3,4,3,4,2,1,2,3,4,2,1,1,3,5,5,2,1,5,2.76,2
20,5,4,1,3,4,1,2,3,3,4,3,2,3,4,3,2,1,1,2,3,3,3,2,4,3,2.76,2
80,5,3,4,3,4,2,5,4,3,3,2,2,2,3,5,3,1,1,2,2,2,2,1,2,3,2.76,2
246,1,3,2,5,3,2,1,4,5,3,4,3,2,3,2,3,2,2,1,2,3,3,2,3,5,2.76,2
337,3,4,2,2,3,2,2,4,3,3,3,2,2,3,2,2,4,3,2,3,2,3,2,4,4,2.76,2
362,1,2,3,4,2,3,1,1,2,3,3,4,3,4,1,2,1,3,4,5,2,2,4,5,4,2.76,2
526,4,3,3,3,2,3,2,3,3,2,2,2,2,3,4,2,4,3,2,3,4,2,2,4,2,2.76,2
531,1,3,1,4,3,3,2,4,2,3,3,3,3,3,3,2,3,4,4,2,2,3,3,2,3,2.76,2
544,3,3,4,4,2,4,4,3,2,2,2,3,2,3,3,3,2,3,2,2,3,2,3,2,3,2.76,2
553,5,3,3,4,2,2,2,3,3,2,2,2,2,3,4,5,2,3,3,4,4,1,2,1,2,2.76,2
592,3,2,3,3,1,2,2,4,1,1,2,2,1,2,2,3,4,4,4,5,5,2,1,5,5,2.76,2
596,2,1,1,2,4,4,2,5,5,5,3,2,1,3,3,3,2,2,2,2,4,4,1,4,2,2.76,2
718,2,5,2,1,3,2,4,2,1,1,3,1,4,5,2,3,4,4,1,2,4,5,2,3,3,2.76,2
730,5,4,3,4,1,2,1,3,4,3,2,1,2,3,2,3,4,5,4,3,3,2,3,1,1,2.76,2
739,5,1,5,4,2,3,1,5,3,2,4,1,3,4,4,1,4,1,4,1,4,1,2,3,1,2.76,2
834,3,3,2,2,4,3,4,5,2,2,3,2,3,3,2,4,2,2,3,3,2,4,1,3,2,2.76,2
133,1,2,5,1,5,1,1,4,1,4,5,4,4,3,3,1,4,4,2,2,2,3,2,4,2,2.8,2
134,1,4,4,4,4,2,2,4,4,2,4,5,2,2,2,2,3,2,3,4,2,1,3,2,2,2.8,2
176,5,1,1,2,5,5,1,2,2,5,4,2,1,3,1,3,2,3,1,1,5,3,4,5,3,2.8,2
211,3,5,4,2,1,3,1,3,4,2,3,2,4,1,3,4,3,2,3,5,1,3,2,5,1,2.8,2
245,4,5,2,3,1,2,1,4,3,2,1,2,3,4,3,2,4,2,3,4,5,4,3,2,1,2.8,2
249,4,2,3,1,2,5,1,2,5,3,2,5,3,2,1,2,3,4,5,4,3,2,1,2,3,2.8,2
276,1,4,3,5,2,4,1,3,2,1,2,3,4,3,3,2,3,2,3,4,5,4,3,2,1,2.8,2
286,2,4,1,5,2,4,1,3,5,2,3,1,4,2,5,1,4,2,3,1,4,2,5,1,3,2.8,2
360,1,2,3,1,2,4,5,3,1,3,4,2,4,1,4,2,4,1,5,3,1,4,3,2,5,2.8,2
505,4,5,3,2,4,2,1,3,4,2,5,1,1,2,4,3,1,5,3,2,1,4,2,1,5,2.8,2
521,3,2,3,3,2,2,3,3,3,2,2,5,3,4,3,4,3,2,3,2,3,2,3,2,3,2.8,2
523,3,4,3,3,3,1,4,4,3,3,1,2,4,3,3,2,4,2,2,2,2,3,3,3,3,2.8,2
529,2,3,3,4,2,3,3,3,2,2,3,2,2,3,3,2,3,3,4,4,5,2,2,3,2,2.8,2
538,5,2,4,2,2,4,3,3,3,3,2,2,2,3,2,3,4,3,2,3,2,3,2,3,3,2.8,2
547,5,2,3,4,2,4,2,2,3,3,4,3,2,3,2,3,3,3,3,2,2,3,2,3,2,2.8,2
572,3,3,2,4,4,3,2,4,3,3,2,3,5,5,3,3,1,2,1,4,3,2,2,2,1,2.8,2
584,5,2,3,4,2,3,1,4,3,4,2,2,4,2,4,2,4,2,2,4,2,3,2,3,1,2.8,2
612,1,3,4,1,3,2,4,1,3,2,1,3,5,1,4,3,4,3,4,3,4,3,1,3,4,2.8,2
624,4,2,3,4,3,4,3,3,3,3,4,5,5,1,3,2,1,1,2,3,2,4,3,1,1,2.8,2
729,5,1,3,4,2,5,1,3,2,1,2,3,2,2,3,4,5,4,3,4,3,2,3,1,2,2.8,2
751,3,5,4,5,3,2,1,4,1,2,4,2,4,2,5,1,1,2,3,4,5,1,1,2,3,2.8,2
763,3,1,4,3,4,2,5,3,2,2,1,3,4,4,2,3,1,4,1,2,2,4,4,2,4,2.8,2
818,3,3,3,2,3,4,5,4,1,1,4,1,4,5,2,3,1,2,3,1,1,5,3,3,3,2.8,2
851,1,1,5,5,3,1,3,4,3,4,2,2,2,1,3,4,2,2,2,2,2,4,3,5,4,2.8,2
873,1,3,3,1,1,2,1,3,3,4,4,3,2,5,3,3,3,2,2,2,3,3,3,5,5,2.8,2
896,1,4,2,4,4,1,3,4,4,2,4,4,1,2,5,4,4,1,1,1,2,3,3,2,4,2.8,2
16,1,2,1,3,3,5,3,4,3,5,5,3,1,3,3,4,3,2,1,2,1,5,1,2,5,2.84,2
24,3,4,1,1,4,5,1,4,4,4,2,2,2,4,4,2,2,2,2,2,2,4,4,4,2,2.84,2
131,1,2,5,5,1,4,1,3,1,3,4,5,5,2,3,3,1,1,4,4,2,2,3,2,4,2.84,2
132,1,2,5,5,1,4,1,3,1,3,4,5,5,3,3,1,4,4,2,2,3,2,4,2,1,2.84,2
195,2,1,2,1,3,5,4,1,2,2,3,4,5,2,3,3,2,3,2,3,2,5,2,5,4,2.84,2
209,2,4,1,5,2,4,1,1,3,5,2,4,1,3,5,1,3,5,2,4,1,3,5,1,3,2.84,2
247,5,4,1,3,2,1,1,5,4,3,2,1,2,3,3,3,4,5,4,3,2,1,2,3,4,2.84,2
273,5,3,2,4,1,5,1,3,1,1,2,2,3,5,4,3,2,1,2,3,4,5,4,3,2,2.84,2
550,3,2,4,4,4,5,3,4,2,2,5,3,4,3,4,4,1,2,1,2,1,2,2,1,3,2.84,2
567,2,2,2,4,3,3,3,4,3,2,3,2,3,4,2,5,3,2,3,3,2,2,3,3,3,2.84,2
616,1,4,1,2,4,2,1,2,4,4,1,2,3,1,2,4,3,4,5,5,3,3,2,4,4,2.84,2
748,3,5,2,4,1,3,1,2,1,3,4,5,2,4,3,5,3,2,2,2,4,3,3,2,2,2.84,2
776,3,1,1,2,4,4,5,4,4,3,2,3,4,2,3,2,1,4,5,1,3,2,1,2,5,2.84,2
901,1,3,1,1,4,1,4,3,3,3,5,3,3,3,5,5,3,1,1,1,3,3,3,3,5,2.84,2
137,1,2,3,1,2,3,2,1,2,1,2,1,2,3,4,5,4,5,4,5,4,4,5,2,4,2.88,2
146,3,5,1,3,5,1,4,3,2,4,4,2,1,4,4,3,2,2,2,2,3,2,2,4,4,2.88,2
179,5,5,1,1,3,1,5,5,1,4,1,1,5,3,1,3,5,1,3,3,4,5,1,3,2,2.88,2
196,1,2,3,4,5,3,4,1,2,1,4,1,3,4,5,3,4,2,1,3,2,3,2,4,5,2.88,2
251,5,1,4,2,3,1,1,4,3,2,1,2,3,4,5,4,3,2,1,2,3,4,5,4,3,2.88,2
255,5,4,3,1,1,4,2,4,5,3,3,2,4,3,2,1,2,3,4,5,3,2,1,2,3,2.88,2
272,1,5,3,1,4,2,1,3,2,3,4,3,4,3,2,3,4,3,2,1,2,3,4,5,4,2.88,2
423,5,3,4,2,3,4,5,5,3,2,1,3,4,2,1,2,3,5,1,4,2,1,4,2,1,2.88,2
525,3,2,3,3,2,3,3,4,3,2,2,3,2,2,4,3,4,5,4,3,3,2,2,2,3,2.88,2
534,4,2,1,2,3,3,2,2,3,3,2,2,3,3,3,3,3,3,5,5,4,3,3,2,3,2.88,2
541,3,3,2,2,3,3,2,3,3,3,3,2,3,3,2,3,2,4,4,5,4,2,2,2,4,2.88,2
587,3,2,2,3,4,4,2,1,1,2,2,2,4,4,4,4,4,2,2,1,4,4,1,5,5,2.88,2
738,5,1,5,1,5,4,1,5,3,2,4,2,4,2,3,1,3,4,1,3,2,3,2,2,4,2.88,2
750,4,5,3,4,2,3,1,4,5,3,1,4,2,4,2,4,1,4,1,3,4,1,4,1,2,2.88,2
752,5,3,5,3,2,3,5,4,1,2,2,1,5,4,2,1,2,4,4,2,1,1,2,3,5,2.88,2
836,3,3,3,1,4,3,1,4,3,2,5,3,3,4,2,3,2,2,3,2,2,4,2,3,5,2.88,2
3,2,2,2,3,4,4,3,2,3,3,4,3,2,3,5,3,2,2,3,2,2,3,3,4,4,2.92,2
44,1,5,2,1,1,2,1,5,3,2,5,5,3,3,1,5,3,3,2,3,2,5,3,3,4,2.92,2
95,3,2,3,4,4,3,2,4,2,4,2,2,2,4,4,2,1,2,3,5,4,2,3,2,4,2.92,2
274,5,3,2,4,2,1,1,3,4,5,4,3,2,1,2,3,4,5,4,3,2,1,2,3,4,2.92,2
284,4,2,5,1,3,5,1,2,4,1,5,1,3,5,2,4,1,5,2,4,2,3,1,5,2,2.92,2
330,5,1,2,5,1,1,4,1,4,4,4,4,4,1,2,5,5,3,3,1,2,2,3,2,4,2.92,2
355,3,2,4,2,1,3,5,3,2,1,3,4,5,2,2,4,2,3,1,3,5,4,1,3,5,2.92,2
364,1,2,3,2,2,3,5,1,2,1,2,3,4,5,4,4,3,2,3,2,3,4,3,4,5,2.92,2
379,1,5,5,1,1,4,5,4,5,4,4,2,1,3,4,3,3,2,1,1,1,1,3,4,5,2.92,2
528,5,3,3,4,3,4,3,3,3,2,2,3,3,3,3,3,2,4,3,2,2,3,3,2,2,2.92,2
549,3,2,4,4,2,4,2,3,3,1,5,2,4,2,4,3,3,2,3,3,4,4,2,2,2,2.92,2
566,3,3,2,2,3,5,3,4,3,4,2,3,3,3,3,4,3,2,2,3,3,3,2,3,2,2.92,2
613,4,3,2,4,2,4,2,5,4,3,3,1,2,3,3,2,3,2,4,2,4,2,4,2,3,2.92,2
619,1,2,2,4,1,1,2,4,4,5,5,1,1,5,2,5,5,2,2,5,1,2,4,5,2,2.92,2
635,3,4,2,5,2,3,4,4,2,1,5,3,1,4,2,3,4,2,1,3,2,4,2,5,2,2.92,2
667,5,4,4,3,5,3,2,3,3,4,3,2,2,2,1,2,3,5,1,4,2,2,4,3,1,2.92,2
764,2,4,1,5,2,4,1,3,2,4,2,1,5,3,5,3,2,4,3,5,1,4,2,4,1,2.92,2
91,5,3,3,4,3,5,3,5,3,3,2,2,3,3,5,3,1,3,2,3,3,2,3,1,1,2.96,2
216,5,3,1,4,2,4,1,4,2,5,2,4,1,3,5,2,4,1,5,2,4,1,3,1,5,2.96,2
291,3,2,4,1,3,4,1,4,2,3,4,1,2,5,5,3,3,2,1,2,1,4,4,5,5,2.96,2
319,1,1,1,2,5,2,4,4,4,3,2,5,5,5,5,2,1,3,1,1,5,5,1,3,3,2.96,2
350,3,2,4,5,1,2,3,5,2,4,2,3,2,5,4,2,5,1,2,4,5,2,2,1,3,2.96,2
409,3,4,3,4,3,2,1,4,3,2,4,4,4,5,2,3,3,1,3,3,3,2,3,2,3,2.96,2
503,5,4,5,3,1,2,1,5,4,3,3,2,1,4,3,5,4,3,4,3,1,2,1,3,2,2.96,2
545,3,2,5,2,3,2,2,2,3,2,2,2,3,3,3,4,3,4,4,5,3,2,4,2,4,2.96,2
643,3,5,1,3,5,1,4,3,2,4,4,2,1,4,4,3,2,2,2,2,3,2,2,5,5,2.96,2
699,4,3,5,3,2,3,3,4,3,2,2,2,4,2,2,5,5,3,2,3,2,1,1,5,3,2.96,2
768,4,5,3,4,3,2,2,3,2,1,1,4,4,5,3,5,2,1,2,1,4,5,2,4,2,2.96,2
824,1,3,3,3,5,2,3,4,2,2,4,2,2,4,4,3,2,1,3,3,4,4,2,4,4,2.96,2
867,1,4,5,3,5,5,4,4,4,4,5,1,3,1,1,1,1,1,2,2,1,5,2,4,5,2.96,2
56,5,5,2,5,1,2,5,2,2,4,2,2,5,5,4,2,2,2,2,4,2,2,2,4,2,3,2
149,5,3,1,1,5,3,5,3,3,4,5,1,1,3,3,5,4,1,1,3,3,3,1,3,5,3,2
203,1,3,2,4,1,2,5,4,1,5,3,2,4,1,5,5,1,2,4,5,3,3,5,3,1,3,2
205,2,1,3,4,5,3,1,2,5,4,2,3,5,4,1,3,5,3,2,5,3,2,4,2,1,3,2
252,5,1,4,3,1,5,1,5,5,4,3,2,3,2,4,1,1,5,3,2,4,1,4,5,1,3,2
320,1,5,2,1,2,4,5,3,3,5,3,2,3,3,3,2,3,2,3,4,4,2,2,3,5,3,2
352,1,2,1,3,4,5,1,1,2,3,2,5,3,4,5,4,5,3,4,5,3,1,2,4,2,3,2
421,3,2,4,1,3,4,1,4,2,3,4,1,5,4,4,1,5,4,4,1,5,2,3,1,4,3,2
507,5,2,4,1,3,5,1,4,2,4,1,4,2,3,4,1,3,5,3,2,3,5,2,4,2,3,2
509,4,2,3,5,1,4,2,5,2,1,4,1,4,1,5,3,2,5,3,1,5,2,4,2,4,3,2
515,2,3,3,2,2,2,3,2,2,4,4,3,2,3,3,5,5,2,3,3,3,5,5,2,2,3,2
520,2,4,3,4,3,3,3,3,3,3,3,4,3,4,2,4,3,2,2,3,3,3,3,3,2,3,2
527,5,2,5,4,3,4,2,3,3,2,3,3,3,3,2,3,3,3,3,2,2,2,3,3,4,3,2
532,4,2,2,5,3,4,3,4,2,3,3,2,2,3,3,3,4,3,3,3,4,3,2,2,3,3,2
535,4,3,2,3,4,3,2,3,3,3,4,2,2,3,2,3,3,3,4,5,3,4,2,3,2,3,2
536,4,2,2,2,4,3,3,3,3,2,4,4,3,3,3,3,3,4,3,2,3,3,4,2,3,3,2
727,2,1,2,3,4,5,4,3,1,5,2,4,1,3,5,2,5,4,2,4,4,1,4,3,1,3,2
766,5,3,4,1,3,4,1,2,5,3,5,3,2,1,4,3,4,3,4,5,2,1,1,2,4,3,2
813,5,1,4,5,1,5,4,4,2,4,4,2,2,2,4,4,2,2,2,2,2,2,2,4,4,3,2
17,3,4,2,5,2,5,5,2,1,4,4,5,1,2,4,5,2,1,2,3,2,2,1,5,4,3.04,2
23,5,5,3,4,5,2,3,4,3,2,3,4,1,3,3,4,3,2,1,3,2,1,3,4,3,3.04,2
57,5,4,3,2,1,1,2,5,4,3,2,1,2,3,4,5,5,4,3,2,1,2,3,4,5,3.04,2
82,5,1,4,1,4,5,5,4,4,4,1,4,1,4,2,4,4,4,1,2,4,2,2,2,2,3.04,2
151,5,1,1,4,5,3,5,4,4,4,3,1,3,2,4,2,2,2,4,5,3,3,2,1,3,3.04,2
180,5,2,1,1,5,2,5,2,2,2,5,1,1,3,5,4,5,5,3,3,3,3,1,3,4,3.04,2
214,2,3,4,5,4,3,2,3,3,4,5,2,4,3,3,3,3,3,2,2,2,2,3,3,3,3.04,2
283,5,1,3,1,4,1,3,2,4,2,1,3,3,1,4,5,4,5,3,4,4,1,3,5,4,3.04,2
351,2,3,4,5,3,2,5,1,2,3,2,1,2,4,5,4,5,3,4,1,2,3,3,4,3,3.04,2
358,2,1,3,4,4,3,5,3,2,3,2,3,4,5,4,3,2,1,1,3,3,4,4,2,5,3.04,2
359,3,2,4,1,4,3,5,4,3,4,2,1,3,4,5,1,3,2,1,4,5,3,2,3,4,3.04,2
407,5,3,4,3,3,5,3,4,4,3,2,3,4,3,2,2,2,3,3,2,3,2,3,2,3,3.04,2
408,3,4,3,1,3,4,5,2,4,4,2,2,4,2,5,3,4,2,3,3,3,2,3,2,3,3.04,2
539,4,3,4,4,3,4,2,3,3,2,2,2,3,2,3,3,4,4,4,5,3,2,2,3,2,3.04,2
543,2,3,4,3,3,3,4,3,3,3,3,2,3,3,2,4,3,2,2,4,2,4,4,4,3,3.04,2
737,5,3,2,3,4,2,2,5,4,4,4,4,3,2,4,2,2,5,3,2,2,3,3,1,2,3.04,2
823,1,3,2,3,4,4,3,4,3,3,5,1,2,2,3,3,3,3,4,5,2,4,2,4,3,3.04,2
837,2,2,5,1,5,4,5,4,3,4,4,3,5,3,2,2,2,1,2,2,2,2,3,4,4,3.04,2
852,3,4,5,1,5,1,3,4,4,3,2,3,4,3,2,4,2,2,2,4,2,2,2,4,5,3.04,2
871,3,4,5,4,3,4,3,3,1,4,2,2,3,4,4,4,2,2,3,2,2,2,2,3,5,3.04,2
70,5,4,5,4,3,2,2,3,4,4,3,2,3,4,3,5,4,2,1,1,1,5,1,4,2,3.08,2
201,5,5,1,1,3,5,3,1,5,4,3,4,4,3,1,5,3,3,1,4,4,3,2,2,2,3.08,2
241,5,1,2,3,4,3,1,3,2,3,4,5,4,4,3,3,2,1,1,2,3,4,5,5,4,3.08,2
275,4,5,3,1,2,4,1,5,4,3,2,1,2,3,4,5,4,3,2,1,2,3,4,5,4,3.08,2
282,5,4,3,4,5,3,5,2,4,5,1,4,2,1,2,4,5,3,1,5,2,3,1,2,1,3.08,2
406,5,4,4,3,5,3,2,3,3,4,3,2,2,2,4,2,2,2,3,3,1,4,3,4,4,3.08,2
537,5,3,2,4,2,4,3,3,3,3,2,4,3,2,3,2,3,3,5,5,2,3,2,3,3,3.08,2
628,5,3,5,4,5,2,3,3,4,2,5,3,1,2,3,4,5,4,3,1,2,3,2,1,2,3.08,2
702,3,4,3,2,1,4,3,2,4,4,4,5,2,3,3,3,4,4,2,1,4,2,1,5,4,3.08,2
778,2,2,4,4,5,2,1,3,4,3,4,1,5,4,3,5,1,1,5,3,4,4,5,1,1,3.08,2
875,3,3,1,2,5,5,2,4,4,5,5,2,1,3,3,4,2,2,3,3,2,3,3,5,2,3.08,2
878,1,3,1,4,5,1,4,4,2,5,5,3,1,2,5,4,2,2,3,4,4,4,2,2,4,3.08,2
889,4,3,1,3,4,2,4,3,2,3,5,2,3,3,4,3,2,4,3,3,4,1,2,5,4,3.08,2
894,3,1,1,5,4,1,3,5,1,5,4,4,2,4,3,3,3,2,2,4,3,4,3,3,4,3.08,2
45,5,5,3,5,5,5,2,4,4,5,2,3,1,4,5,1,2,1,1,3,1,1,1,5,4,3.12,2
167,3,2,5,1,5,4,3,4,2,4,3,1,4,1,4,4,1,2,3,2,1,5,4,5,5,3.12,2
213,4,3,4,5,3,2,1,5,5,3,1,5,2,3,4,1,5,3,2,5,1,3,5,2,1,3.12,2
561,4,3,5,4,2,4,3,3,2,3,3,3,4,4,2,3,2,3,4,4,2,2,2,3,4,3.12,2
625,4,2,4,4,4,4,2,2,2,4,3,2,1,2,3,5,4,4,3,3,2,2,3,4,5,3.12,2
637,5,2,3,4,2,5,3,4,2,4,1,5,3,4,2,3,4,2,4,3,1,5,1,4,2,3.12,2
685,3,5,3,5,3,3,3,5,5,4,4,2,3,5,3,5,1,4,2,1,4,2,1,1,1,3.12,2
704,4,1,4,2,3,5,4,2,1,4,4,5,2,4,5,2,3,4,2,1,4,2,3,3,4,3.12,2
725,1,5,1,4,2,2,3,4,4,3,5,3,2,2,4,2,3,5,1,5,2,4,2,4,5,3.12,2
757,5,2,5,3,5,5,3,5,2,2,4,1,1,2,4,4,2,3,2,4,5,2,1,2,4,3.12,2
771,1,1,1,3,4,5,4,3,4,5,3,4,4,2,2,2,3,3,2,3,3,4,3,5,4,3.12,2
816,3,2,1,3,4,3,5,4,2,2,5,2,3,5,5,4,1,2,4,5,4,2,2,2,3,3.12,2
838,3,3,3,3,3,3,3,4,4,4,4,3,3,3,3,3,2,2,3,4,3,3,3,3,3,3.12,2
840,3,4,1,3,4,3,4,4,4,3,4,3,4,4,2,3,2,3,3,3,2,3,4,2,3,3.12,2
68,5,3,1,1,5,3,1,5,4,4,1,4,1,2,5,5,4,1,1,4,5,5,5,3,1,3.16,2
185,5,5,1,1,5,4,5,2,2,1,5,4,1,1,4,3,3,3,1,3,5,4,3,4,4,3.16,2
207,5,4,3,4,2,3,1,2,5,2,4,1,5,3,1,4,5,2,5,3,1,5,1,3,5,3.16,2
281,3,4,5,3,5,3,1,4,5,4,5,3,5,3,1,1,1,1,3,3,3,3,1,5,4,3.16,2
338,1,3,1,1,5,3,5,3,2,3,5,5,5,5,5,3,2,3,3,4,3,4,2,2,1,3.16,2
366,5,1,1,2,3,5,2,3,4,4,1,4,4,2,5,3,5,3,1,4,5,5,4,1,2,3.16,2
368,5,1,1,2,4,3,2,3,4,2,5,1,5,3,4,2,5,1,3,4,2,3,5,4,5,3.16,2
412,4,5,2,4,1,4,2,4,1,5,4,4,5,4,4,5,2,3,1,4,1,4,1,4,1,3.16,2
609,5,3,5,3,1,4,1,5,3,1,5,4,2,1,4,2,5,3,4,5,4,2,1,4,2,3.16,2
706,4,2,4,2,4,4,2,5,3,1,3,2,4,3,1,3,5,1,4,5,3,4,3,4,3,3.16,2
719,5,4,2,1,5,4,2,5,4,1,2,2,2,4,4,5,4,3,2,2,1,4,4,3,4,3.16,2
887,1,1,4,4,4,3,4,5,4,4,5,2,2,3,5,4,2,1,1,3,3,3,4,2,5,3.16,2
893,1,4,1,2,5,1,5,4,5,5,5,3,3,2,5,4,3,1,1,1,3,4,3,3,5,3.16,2
2,2,2,3,3,1,3,1,3,4,5,3,3,1,5,5,5,5,1,3,3,1,5,5,4,4,3.2,2
155,5,4,5,3,1,5,4,4,4,4,3,1,3,2,4,2,2,2,2,5,3,2,5,4,1,3.2,2
184,5,5,1,1,5,4,5,4,1,2,2,5,5,3,5,2,2,1,4,4,2,2,2,4,4,3.2,2
231,3,2,4,1,3,4,1,4,2,3,4,1,5,5,4,4,3,4,2,3,5,1,5,5,2,3.2,2
614,4,3,4,5,3,4,5,2,4,2,4,4,1,2,4,5,2,2,2,4,4,4,1,3,2,3.2,2
656,3,3,3,3,3,1,4,4,5,3,3,3,3,4,4,5,2,3,1,4,1,3,3,4,5,3.2,2
703,3,3,2,3,2,5,4,3,4,4,4,3,3,3,3,4,2,1,5,4,4,2,1,5,3,3.2,2
754,2,4,5,3,2,2,3,4,2,4,4,1,2,4,5,4,5,2,3,5,3,5,3,2,1,3.2,2
63,5,4,4,4,5,5,3,3,4,3,2,3,1,3,3,3,3,2,1,3,3,3,3,4,4,3.24,2
400,3,4,4,5,5,3,1,5,4,5,3,2,5,3,1,1,1,1,3,4,5,3,3,3,4,3.24,2
565,5,2,1,2,3,4,2,4,3,4,5,2,3,3,4,3,3,3,4,4,5,5,2,2,3,3.24,2
741,4,5,1,5,3,5,1,4,5,2,5,3,5,2,5,2,1,2,1,4,2,1,4,4,5,3.24,2
81,5,4,3,4,1,2,1,4,3,4,5,4,2,4,4,4,3,3,3,2,2,5,2,4,4,3.28,2
83,5,4,1,3,5,4,2,5,5,1,4,4,5,3,3,3,2,3,4,3,2,1,3,3,4,3.28,2
229,4,2,4,1,3,2,3,4,2,4,4,2,5,4,5,4,5,1,4,4,2,4,3,3,3,3.28,2
237,4,5,3,5,3,5,2,3,5,3,5,2,5,3,1,1,1,3,1,5,5,1,4,4,3,3.28,2
239,5,4,5,5,4,5,1,5,3,1,4,2,4,4,5,5,2,2,1,2,3,1,1,4,4,3.28,2
295,5,3,1,5,4,4,3,5,4,1,4,4,4,4,5,5,2,2,1,2,3,1,1,5,4,3.28,2
444,3,4,4,5,5,3,1,5,4,5,3,2,5,3,1,1,1,3,1,5,5,1,4,4,4,3.28,2
469,5,2,1,5,4,5,3,5,4,5,5,2,1,1,4,4,1,4,1,4,2,1,4,5,4,3.28,2
479,5,1,3,1,4,1,3,2,4,2,1,3,5,3,5,4,2,5,1,5,3,5,5,4,5,3.28,2
510,5,2,1,5,4,5,3,5,4,5,5,2,1,1,4,4,1,4,2,1,4,1,4,5,4,3.28,2
671,4,3,3,3,2,3,2,5,4,3,4,4,4,4,1,5,4,3,2,5,1,4,2,3,4,3.28,2
707,4,2,4,1,3,5,2,3,1,5,2,4,1,5,3,5,3,5,3,5,2,5,3,4,2,3.28,2
758,4,5,3,5,1,4,1,4,5,3,5,3,5,2,2,5,2,2,3,4,2,2,3,4,3,3.28,2
150,5,3,1,3,5,4,5,4,1,5,5,1,1,3,4,5,4,1,1,2,3,3,5,4,5,3.32,2
152,4,1,1,2,5,5,5,5,2,5,5,3,1,3,4,4,5,2,2,2,4,2,4,4,3,3.32,2
317,4,3,1,5,3,5,5,3,4,1,5,4,2,3,3,4,1,4,1,3,5,3,5,2,4,3.32,2
633,5,4,5,4,5,3,1,5,1,2,2,3,3,4,3,5,4,5,1,1,2,3,4,3,5,3.32,2
101,5,3,4,3,5,4,4,5,3,3,5,3,3,4,3,4,2,3,2,3,3,3,2,3,2,3.36,2
136,1,5,5,4,5,4,2,1,2,3,5,5,5,5,4,1,5,5,1,3,2,2,4,4,1,3.36,2
204,5,4,5,4,3,4,1,2,5,3,4,2,3,1,5,3,2,5,3,4,1,5,3,2,5,3.36,2
219,5,4,3,5,2,3,4,3,5,3,2,4,2,5,5,4,5,5,1,1,2,2,3,4,2,3.36,2
287,3,4,4,5,5,3,1,5,4,5,3,2,5,2,4,4,1,3,3,4,5,1,4,3,1,3.36,2
398,5,4,3,4,5,3,5,2,4,5,1,4,2,5,5,3,3,4,1,3,5,2,1,4,1,3.36,2
452,5,2,3,4,5,5,4,1,2,4,5,3,1,4,4,2,4,3,1,5,3,2,4,3,5,3.36,2
474,3,5,4,3,5,3,5,4,1,4,3,5,4,4,5,5,2,2,1,2,3,1,1,5,4,3.36,2
485,5,4,3,2,5,5,4,5,1,1,2,2,5,4,5,1,4,5,1,5,1,5,4,4,1,3.36,2
653,3,3,4,5,3,5,3,1,4,5,4,5,3,5,5,3,3,2,1,2,1,4,2,5,3,3.36,2
668,5,3,4,3,3,5,3,4,4,3,2,3,4,3,2,3,5,4,2,1,5,4,1,5,3,3.36,2
735,5,4,3,4,2,5,3,5,3,4,3,4,3,4,4,3,4,2,4,2,4,2,1,4,2,3.36,2
223,3,2,4,2,4,2,4,4,2,5,3,1,3,3,5,4,2,5,1,5,3,5,5,4,4,3.4,2
296,5,3,4,2,4,1,3,5,4,3,2,1,5,5,5,4,5,5,1,1,2,2,3,5,5,3.4,2
401,3,5,3,5,3,2,4,5,4,3,4,5,4,4,5,3,1,5,3,1,1,3,1,5,3,3.4,2
551,3,4,5,4,4,3,2,4,3,2,5,4,5,3,4,3,2,4,2,4,4,3,3,3,2,3.4,2
608,5,4,5,3,1,5,2,1,4,5,3,1,5,3,5,3,5,1,5,1,5,3,4,1,5,3.4,2
661,3,4,4,5,5,3,1,5,4,5,3,2,5,4,2,3,4,2,1,5,3,1,3,5,3,3.4,2
684,4,3,2,5,3,5,4,3,2,4,5,4,3,4,5,3,5,5,4,3,2,2,1,1,3,3.4,2
687,4,3,5,3,5,4,1,4,3,5,1,4,5,3,5,2,3,4,2,1,4,2,3,5,4,3.4,2
857,5,1,1,5,5,5,4,3,3,4,4,4,4,4,4,4,3,1,1,3,1,5,4,3,4,3.4,2
864,5,5,5,5,5,5,5,4,2,4,3,2,2,2,3,3,2,2,3,2,2,4,2,4,4,3.4,2
888,1,1,1,4,4,3,3,3,4,4,5,5,4,3,4,4,3,2,3,2,3,4,5,5,5,3.4,2
104,5,4,1,1,5,3,5,4,3,3,3,4,5,1,4,5,3,5,3,2,1,4,4,3,5,3.44,2
114,5,4,3,4,5,4,4,4,3,4,4,2,3,4,3,4,4,2,2,4,3,2,2,4,3,3.44,2
232,4,2,5,2,4,4,5,3,1,4,3,5,3,1,4,5,3,5,3,5,2,5,1,4,3,3.44,2
446,1,1,5,5,3,5,5,4,5,4,5,4,4,4,5,5,2,2,1,2,3,1,1,5,4,3.44,2
460,3,5,4,3,5,3,5,4,1,4,3,5,1,1,4,5,3,5,3,5,2,5,1,1,5,3.44,2
472,5,4,3,5,3,5,3,3,3,5,5,4,5,3,1,1,1,3,1,5,5,1,4,4,4,3.44,2
475,3,3,3,3,3,1,4,4,5,3,3,3,5,5,5,4,5,5,1,1,2,2,3,5,5,3.44,2
494,5,4,5,4,5,4,3,5,5,4,5,3,2,1,3,4,3,2,1,3,2,3,4,5,1,3.44,2
575,5,4,3,4,1,5,4,5,3,2,4,1,5,4,2,5,3,1,5,4,2,5,3,1,5,3.44,2
225,4,2,5,3,4,5,2,4,4,2,4,3,1,3,5,3,4,2,3,5,4,5,2,4,4,3.48,2
302,3,3,5,5,3,3,1,5,5,3,4,4,3,3,5,3,4,2,3,5,4,5,2,1,3,3.48,2
465,5,4,4,1,4,4,3,4,3,4,5,3,3,2,4,3,4,3,1,2,4,4,3,5,5,3.48,2
644,4,5,4,5,2,5,3,4,5,2,5,3,5,3,1,1,3,4,2,1,5,4,4,5,2,3.48,2
716,5,2,3,4,5,5,4,1,2,4,5,3,4,5,3,5,1,1,3,5,3,3,4,5,2,3.48,2
97,3,5,1,2,5,3,4,3,4,3,5,4,2,3,4,5,4,5,3,3,2,2,4,4,5,3.52,2
392,5,3,1,5,5,4,2,5,4,4,4,5,5,5,3,3,1,2,1,2,1,4,4,5,5,3.52,2
420,4,5,4,3,5,1,4,4,5,4,5,1,4,4,2,4,3,4,2,5,2,3,1,5,4,3.52,2
424,5,3,5,4,3,5,4,3,4,3,5,4,4,3,2,3,5,4,2,1,5,4,4,2,1,3.52,2
429,5,5,3,2,5,4,4,5,3,5,4,3,4,1,4,4,5,5,5,3,2,3,2,1,1,3.52,2
453,3,3,4,5,3,5,3,1,4,5,4,5,3,3,5,3,4,2,3,5,4,5,2,1,3,3.52,2
481,4,5,3,1,4,5,1,3,5,3,5,4,5,3,5,2,5,3,5,1,1,4,5,2,4,3.52,2
493,5,4,5,4,3,4,1,5,4,3,4,3,4,3,4,2,1,4,3,5,4,2,3,3,5,3.52,2
495,5,4,5,4,5,4,1,5,4,5,4,5,4,4,3,2,1,3,2,1,3,4,3,2,5,3.52,2
504,5,4,3,4,5,3,1,5,4,5,3,5,4,5,4,5,2,3,4,2,2,4,3,2,1,3.52,2
514,3,3,3,4,4,5,5,5,5,3,3,3,3,3,4,4,4,4,4,5,2,2,2,1,4,3.52,2
681,3,4,5,6,7,8,9,4,2,1,2,1,2,4,5,3,3,3,1,1,1,5,2,3,3,3.52,2
695,3,2,4,5,3,5,5,5,3,3,3,4,5,3,5,2,1,2,1,4,4,5,5,5,1,3.52,2
773,3,4,5,4,5,5,5,3,4,3,4,1,2,3,4,5,3,2,5,4,1,4,2,3,4,3.52,2
220,4,3,3,3,2,3,2,5,4,3,4,4,4,2,5,5,4,4,3,1,4,4,5,5,3,3.56,2
294,5,3,5,4,3,5,4,3,4,3,5,4,4,4,5,3,1,3,3,3,3,3,3,3,3,3.56,2
306,5,5,3,2,1,5,4,5,5,5,2,2,5,4,5,4,5,1,4,4,2,4,3,3,1,3.56,2
308,5,2,3,4,5,5,4,1,2,4,5,3,5,5,4,4,3,4,2,3,5,1,5,2,3,3.56,2
440,5,3,4,5,4,1,2,3,5,3,5,5,3,1,3,5,3,5,3,5,3,5,3,1,4,3.56,2
457,5,4,4,3,2,5,3,5,4,3,2,4,5,4,5,4,5,1,4,4,2,4,3,3,1,3.56,2
490,3,3,5,5,4,5,1,3,5,3,2,4,5,4,5,4,5,4,3,1,2,1,2,5,5,3.56,2
579,5,5,3,5,3,5,1,5,1,5,5,3,3,3,5,3,5,3,2,5,2,4,3,4,1,3.56,2
691,3,4,5,3,5,2,4,5,1,4,2,5,5,3,3,5,3,4,1,5,3,5,3,3,3,3.56,2
759,4,3,1,5,2,4,3,5,2,5,2,2,3,5,3,5,6,3,2,3,4,5,2,5,5,3.56,2
312,4,3,5,3,5,3,1,4,5,1,5,3,5,3,5,1,4,5,2,4,5,3,4,5,2,3.6,2
434,5,3,5,4,5,3,5,4,5,3,5,1,5,3,5,3,5,2,3,4,2,1,4,2,3,3.6,2
466,5,4,4,3,4,4,3,4,3,4,5,3,3,2,4,3,4,3,3,2,4,4,3,5,4,3.6,2
78,3,5,2,5,5,5,4,4,3,5,5,2,3,3,5,3,2,1,5,5,3,1,4,3,5,3.64,2
222,4,5,2,4,1,4,2,4,1,5,4,4,5,5,5,4,4,5,3,2,5,4,1,5,3,3.64,2
342,4,5,3,5,2,5,3,5,1,3,5,3,5,3,5,3,5,3,5,3,5,2,1,3,4,3.64,2
646,3,3,5,5,3,3,1,5,5,3,4,4,3,3,3,4,5,4,2,3,5,4,4,5,2,3.64,2
731,3,5,2,5,3,5,2,4,5,3,5,2,5,3,5,3,5,3,5,2,4,4,3,1,4,3.64,2
866,4,5,1,5,4,2,4,4,5,4,4,2,5,2,5,5,2,3,4,5,4,4,2,4,2,3.64,2
160,5,2,1,3,4,4,5,3,4,4,5,2,5,3,4,4,4,2,2,4,4,3,5,5,5,3.68,2
261,3,4,3,5,5,2,1,5,5,5,4,5,5,4,4,2,4,3,1,5,3,2,4,5,3,3.68,2
277,5,3,1,4,5,3,5,3,5,4,5,3,5,4,5,4,5,4,3,1,2,1,2,5,5,3.68,2
385,5,3,1,4,5,3,5,3,5,4,5,3,5,4,4,3,4,2,3,5,1,5,2,3,5,3.68,2
388,5,4,5,5,4,5,1,5,3,1,4,2,4,5,4,5,1,5,3,4,1,5,3,5,3,3.68,2
394,3,4,3,5,5,2,1,5,5,5,4,5,5,5,3,3,2,3,1,5,5,1,4,4,4,3.68,2
402,3,4,3,2,4,5,3,5,5,5,3,3,3,4,5,3,5,3,3,5,5,3,1,4,3,3.68,2
431,3,3,4,5,3,5,3,1,4,5,4,5,3,5,3,5,1,1,2,4,5,4,4,5,5,3.68,2
459,5,3,1,4,5,3,5,3,5,4,5,3,5,5,4,4,3,4,2,3,5,1,5,2,3,3.68,2
508,5,4,2,5,3,5,3,3,5,3,5,3,1,5,3,5,2,5,3,5,3,4,2,5,3,3.68,2
578,5,5,3,4,3,4,2,5,3,5,5,2,5,5,5,3,4,3,4,2,4,2,2,2,5,3.68,2
159,5,2,1,4,5,1,5,4,5,4,5,3,5,4,3,5,5,4,2,2,4,4,3,4,4,3.72,2
170,5,5,5,3,4,4,5,2,2,3,4,5,5,4,3,4,3,4,3,3,3,3,3,4,4,3.72,2
383,5,4,4,3,2,5,3,5,4,3,2,4,5,4,3,4,5,5,3,4,2,5,4,3,2,3.72,2
436,5,4,3,5,3,5,3,3,3,5,5,4,4,2,3,5,3,3,5,1,4,5,3,4,3,3.72,2
447,5,5,2,1,3,4,5,4,5,4,3,4,5,5,5,4,5,5,1,1,2,2,3,5,5,3.72,2
847,3,1,1,5,5,5,5,5,4,5,3,5,4,2,3,4,3,4,4,4,3,3,2,5,5,3.72,2
153,5,1,2,3,5,5,2,4,5,4,5,5,5,5,4,5,3,2,2,5,3,3,3,3,5,3.76,2
240,4,5,4,5,2,5,3,4,5,2,5,3,5,5,5,4,5,5,1,1,2,2,3,4,5,3.76,2
427,4,5,3,5,3,5,2,3,5,3,5,2,5,3,5,3,5,3,5,1,4,5,3,4,3,3.76,2
502,5,3,5,3,5,4,1,2,5,3,5,3,4,5,3,5,3,5,3,5,2,5,3,5,2,3.76,2
77,5,4,3,5,1,3,2,4,5,3,5,2,4,5,4,3,5,4,3,5,3,5,2,5,5,3.8,2
435,5,4,4,3,2,5,3,5,4,3,2,4,5,4,3,4,5,4,2,3,5,4,5,2,5,3.8,2
450,5,4,5,3,5,4,5,5,1,1,3,2,5,5,5,4,4,5,3,2,5,4,1,5,4,3.8,2
487,2,4,2,4,5,5,5,5,3,2,4,5,4,5,5,5,5,3,1,4,2,4,5,5,1,3.8,2
84,3,3,5,5,5,5,5,5,4,4,1,5,5,5,3,4,5,2,1,3,5,5,3,1,4,3.84,2
299,5,4,5,5,4,5,1,5,3,1,4,2,5,5,5,4,4,5,3,2,5,4,1,5,4,3.84,2
322,4,4,3,5,4,3,4,3,2,3,4,3,5,5,5,4,4,3,5,4,3,3,4,4,5,3.84,2
384,5,4,3,5,3,5,3,3,3,5,5,4,4,2,3,5,3,5,3,5,4,5,5,3,1,3.84,2
389,4,5,4,5,2,5,3,4,5,2,5,3,5,3,5,3,5,3,5,3,5,3,5,3,1,3.84,2
511,4,5,3,5,3,5,3,4,5,3,1,5,3,5,3,5,3,5,3,5,3,5,2,5,3,3.84,2
172,5,2,1,2,5,4,5,4,5,4,5,4,5,4,3,5,5,4,2,2,4,4,3,5,5,3.88,2
297,4,5,3,5,3,5,2,3,5,3,5,2,5,2,5,5,4,4,3,1,4,4,5,5,5,3.88,2
303,5,3,1,5,5,4,2,5,4,4,4,5,3,5,4,5,4,5,3,4,2,3,4,3,5,3.88,2
437,5,3,1,4,5,3,5,3,5,4,5,3,5,4,4,3,4,5,3,5,3,5,2,5,3,3.88,2
478,5,4,3,4,5,3,5,2,4,5,1,4,5,5,5,4,4,5,3,2,5,4,1,5,4,3.88,2
649,3,4,3,5,5,2,1,5,5,5,4,5,5,5,5,3,5,5,3,4,1,5,1,4,4,3.88,2
651,5,5,3,2,5,4,4,5,3,5,4,3,4,1,3,5,3,5,3,5,3,5,4,3,5,3.88,2
850,4,3,5,4,4,4,4,3,4,4,4,5,5,4,4,4,4,3,2,3,4,5,4,4,3,3.88,2
259,5,3,1,5,5,4,2,5,4,4,4,5,5,5,5,4,4,5,3,2,5,4,1,3,5,3.92,2
491,5,5,3,5,1,5,2,4,2,4,2,4,5,5,4,4,5,5,4,1,4,5,5,4,5,3.92,2
300,4,5,4,5,2,5,3,4,5,2,5,3,5,3,5,4,2,5,1,5,3,5,5,4,5,3.96,2
268,5,3,5,4,5,3,5,4,5,3,5,1,5,5,5,5,5,3,1,4,2,4,5,4,4,4,2
270,5,4,3,5,3,5,3,3,3,5,5,4,4,5,5,4,4,4,3,3,5,5,4,1,5,4,2
448,3,4,4,5,4,5,5,5,4,3,4,2,5,2,5,5,4,4,3,1,4,4,5,5,5,4,2
734,5,5,4,4,4,4,3,5,4,4,5,4,4,5,4,5,5,3,3,3,5,4,2,4,2,4,2
872,5,5,1,5,5,5,5,5,5,5,5,5,5,5,3,5,1,5,1,5,1,5,5,5,5,4.28,2
