,X1,X2,X3,X4,X5,X6,X7,X8,X9,X10,X11,X12,X13,X14,X15,X16,X17,X18,X19,X20,X21,X22,X23,X24,X25,Level,km.cluster
333,1,1,1,4,1,1,1,1,2,1,1,1,2,1,1,1,2,1,1,2,1,1,3,2,1,1.4,1
324,1,1,1,1,2,1,1,2,1,1,1,3,1,1,3,1,1,1,2,2,2,1,2,2,1,1.44,1
8,1,1,1,1,1,1,4,3,3,2,2,1,1,1,1,1,1,1,1,1,1,1,1,5,4,1.64,1
327,1,1,1,1,1,1,5,1,1,1,1,1,1,5,5,5,1,1,1,1,1,1,3,2,1,1.76,1
335,1,1,1,1,2,1,5,2,1,2,1,2,1,2,1,1,2,2,1,1,2,2,2,3,4,1.76,1
588,3,2,1,1,4,4,2,1,1,1,2,2,2,1,1,2,2,1,1,2,2,1,2,1,2,1.76,1
328,1,1,1,1,1,1,1,1,4,2,4,4,4,2,2,5,2,1,1,1,1,1,1,1,1,1.8,1
769,1,1,1,1,3,1,1,5,4,2,1,1,2,1,3,1,1,1,2,2,1,2,1,3,3,1.8,1
467,5,1,5,1,1,2,1,1,1,1,1,4,1,1,1,3,3,1,1,2,2,2,1,3,1,1.84,1
21,1,1,1,2,4,1,5,1,2,3,3,2,1,2,1,1,1,2,1,2,2,2,3,1,2,1.88,1
604,3,1,1,2,4,1,1,2,4,1,1,1,2,2,4,1,1,2,4,1,2,2,1,1,2,1.88,1
743,2,4,3,4,1,1,1,2,2,2,4,1,1,1,1,2,1,1,2,1,1,2,1,2,4,1.88,1
41,1,1,1,1,1,3,2,5,2,1,2,1,1,3,1,1,3,1,1,3,2,2,3,1,5,1.92,1
42,1,1,1,1,1,3,2,5,2,1,2,1,1,3,1,1,3,1,1,3,2,2,3,1,5,1.92,1
381,1,1,1,1,1,3,2,5,2,1,2,1,1,3,1,1,3,1,1,3,2,2,3,1,5,1.92,1
31,1,1,1,1,5,1,4,1,1,4,1,1,1,1,1,2,1,1,2,4,2,2,2,4,4,1.96,1
36,1,1,1,1,3,1,2,2,2,2,2,2,2,2,3,2,2,3,2,2,2,2,2,3,3,2,1
601,2,1,1,3,4,4,1,1,2,2,2,1,1,4,4,2,2,4,2,2,1,1,2,1,1,2.04,1
602,1,2,2,2,1,4,1,1,3,3,4,2,2,1,1,1,3,2,4,4,1,1,2,2,1,2.04,1
761,3,3,3,2,1,1,3,1,4,2,2,2,4,4,2,1,1,2,2,1,1,2,2,1,1,2.04,1
591,4,2,1,1,2,3,3,1,2,2,4,2,1,1,2,2,1,1,1,2,2,4,4,2,2,2.08,1
711,2,1,3,1,3,1,3,1,2,1,2,3,1,3,1,3,1,3,1,3,4,2,2,1,4,2.08,1
433,1,1,1,1,1,3,2,5,2,1,2,1,1,3,1,1,3,4,2,1,5,4,4,2,1,2.12,1
607,2,2,4,1,1,2,2,1,1,1,2,2,4,1,4,4,2,1,1,4,4,4,1,1,1,2.12,1
623,3,1,2,2,2,1,1,3,4,4,1,1,2,2,1,2,2,2,1,3,4,4,1,2,2,2.12,1
744,3,2,1,1,2,3,4,4,2,2,1,2,4,4,1,1,2,2,1,2,1,1,2,3,2,2.12,1
745,3,1,2,1,3,4,4,2,1,1,1,2,2,1,2,3,3,4,2,2,2,2,1,1,3,2.12,1
777,1,1,1,1,4,4,3,1,3,4,3,1,1,1,1,2,1,2,3,1,2,3,3,3,3,2.12,1
58,5,1,1,1,5,5,3,1,1,2,3,1,1,3,1,3,1,1,3,3,1,1,3,3,1,2.16,1
125,1,1,5,2,1,1,4,4,2,4,2,2,1,2,2,2,2,2,1,2,2,2,2,3,2,2.16,1
345,1,1,2,3,2,3,2,1,2,2,3,4,3,2,3,2,3,2,3,1,2,1,3,2,1,2.16,1
374,5,4,1,1,1,1,1,2,4,1,3,3,1,2,1,2,2,2,1,1,4,4,1,2,4,2.16,1
595,2,1,2,2,4,4,1,1,1,2,2,2,2,1,4,1,2,2,1,1,2,4,4,2,4,2.16,1
783,4,3,1,1,5,2,3,3,2,3,2,3,1,2,1,3,1,1,2,2,2,3,1,1,2,2.16,1
59,4,1,1,1,5,1,3,1,1,2,3,1,1,1,3,1,4,1,1,1,3,5,3,2,5,2.2,1
598,3,1,1,2,4,2,2,4,2,1,1,2,4,4,2,1,1,1,2,4,1,2,2,4,2,2.2,1
721,3,2,2,2,3,3,3,3,3,3,3,1,1,2,4,4,1,1,2,1,1,1,1,1,4,2.2,1
35,1,1,5,2,1,2,2,4,4,2,1,3,1,3,3,3,3,2,3,2,2,3,1,1,1,2.24,1
334,3,1,1,3,2,3,3,2,1,2,3,2,3,5,2,3,2,3,1,3,2,1,2,1,2,2.24,1
560,2,2,4,4,2,3,2,3,3,2,2,2,4,3,2,3,2,1,2,1,2,1,1,1,2,2.24,1
589,3,1,1,4,4,4,4,2,1,1,2,4,2,2,1,1,2,4,2,2,2,1,1,1,4,2.24,1
682,1,1,1,3,2,5,2,1,2,1,1,3,1,1,3,4,2,5,2,2,2,1,2,3,5,2.24,1
27,5,5,5,1,5,1,2,2,4,1,1,2,1,3,3,2,1,1,2,3,1,1,1,1,3,2.28,1
28,5,5,5,1,5,1,2,2,4,1,1,2,1,3,3,2,1,1,2,3,1,1,1,1,3,2.28,1
30,5,5,5,1,5,1,2,2,4,1,1,2,1,3,3,2,1,1,2,3,1,1,1,1,3,2.28,1
32,1,1,5,2,1,2,2,5,3,2,1,3,2,2,2,2,2,2,2,3,1,1,1,5,4,2.28,1
117,5,1,4,2,1,1,4,4,2,4,2,2,1,2,2,2,2,2,2,1,2,2,2,3,2,2.28,1
198,1,2,1,5,4,3,3,2,4,5,2,1,2,1,2,1,2,1,3,1,5,1,2,2,1,2.28,1
326,3,1,1,3,2,3,3,2,1,5,4,2,1,2,1,2,3,2,1,2,5,1,2,3,2,2.28,1
622,3,1,1,1,2,3,3,3,3,4,4,4,2,3,1,1,2,3,3,3,1,1,1,2,2,2.28,1
749,3,2,4,1,1,3,3,4,1,1,4,1,5,1,2,1,2,3,2,1,2,3,1,2,4,2.28,1
106,3,5,5,1,5,1,1,1,1,5,1,1,5,1,2,1,1,1,1,1,1,1,4,5,4,2.32,1
115,5,1,5,2,1,1,4,4,2,4,2,2,1,2,2,2,2,2,1,2,2,2,2,3,2,2.32,1
116,5,1,5,2,1,1,4,4,2,4,2,2,1,2,2,2,2,2,1,2,2,2,2,3,2,2.32,1
124,5,1,5,2,1,1,4,4,2,4,2,2,1,2,2,2,2,2,1,2,2,2,2,3,2,2.32,1
126,5,1,5,2,1,1,4,4,2,4,2,2,1,2,2,2,2,2,1,2,2,2,2,3,2,2.32,1
200,2,4,1,3,2,4,1,1,2,3,1,3,2,5,2,4,1,3,1,4,1,2,2,3,1,2.32,1
369,1,1,1,3,1,4,2,1,1,1,4,4,3,1,5,1,5,1,1,4,5,1,1,2,4,2.32,1
569,1,2,2,3,1,2,3,2,3,3,3,2,2,4,2,4,1,2,2,3,3,4,1,2,1,2.32,1
712,2,1,3,4,1,5,2,1,3,1,3,1,2,1,4,1,3,1,4,1,3,4,2,1,4,2.32,1
713,4,1,3,1,3,1,4,2,1,3,1,3,1,2,1,3,1,2,4,2,1,2,4,5,3,2.32,1
119,5,3,2,2,2,1,4,2,3,2,2,2,2,3,2,2,2,1,2,3,2,3,3,2,2,2.36,1
121,5,3,2,2,2,1,4,2,3,2,2,2,2,3,2,2,2,1,2,3,2,3,3,2,2,2.36,1
140,1,2,1,2,1,4,5,1,2,3,2,5,4,3,1,2,1,3,1,2,3,1,4,2,3,2.36,1
321,1,2,1,1,2,5,3,5,4,5,1,1,1,1,1,3,2,1,1,1,2,5,2,3,5,2.36,1
376,5,1,1,1,5,1,5,2,4,1,3,3,1,2,1,2,2,2,1,1,4,4,1,2,4,2.36,1
377,1,1,1,3,1,1,3,3,3,3,3,2,2,2,2,4,2,2,2,3,2,2,3,4,4,2.36,1
556,3,3,2,2,4,3,2,2,2,3,3,2,3,3,3,5,2,1,2,1,2,2,1,1,2,2.36,1
583,5,2,3,1,3,1,2,3,2,2,3,2,3,2,4,2,3,1,2,3,1,3,2,3,1,2.36,1
590,2,1,2,4,4,4,5,1,1,2,2,4,2,2,2,2,1,1,4,4,4,2,1,1,1,2.36,1
605,1,3,3,4,1,1,2,2,2,3,4,4,4,1,1,2,2,1,1,1,4,4,5,1,2,2.36,1
606,2,4,4,2,1,1,4,4,2,2,4,2,5,2,1,1,1,2,2,4,4,1,1,1,2,2.36,1
33,5,1,1,1,1,5,1,4,4,4,2,2,2,2,4,2,2,2,2,3,2,2,2,2,2,2.4,1
120,5,3,2,2,3,1,4,2,3,2,2,2,2,3,2,2,2,1,2,3,2,3,3,2,2,2.4,1
554,5,2,2,2,4,2,3,3,3,2,3,2,3,2,3,5,2,2,2,1,1,1,2,2,1,2.4,1
562,4,3,2,4,2,3,3,2,2,2,4,2,2,4,4,3,2,1,2,1,2,2,1,1,2,2.4,1
586,3,1,1,2,4,4,2,1,1,2,2,4,4,4,2,1,1,2,2,2,4,4,4,1,2,2.4,1
594,3,2,1,3,5,4,2,2,2,1,1,2,2,4,2,2,2,4,1,1,2,1,2,4,5,2.4,1
720,2,2,3,4,4,4,2,2,2,1,2,4,4,4,4,2,1,1,1,4,2,1,1,1,2,2.4,1
781,3,4,2,2,2,2,3,3,3,2,1,2,2,1,4,2,2,2,2,2,2,2,4,4,2,2.4,1
4,5,1,1,1,5,1,4,4,2,1,1,1,1,1,3,5,3,2,1,2,2,2,3,4,5,2.44,1
37,5,4,1,1,3,1,2,1,3,2,4,1,3,2,4,1,5,1,3,2,4,2,3,1,2,2.44,1
64,1,2,1,1,3,1,1,1,5,4,2,5,4,1,1,3,3,4,5,2,1,3,4,1,2,2.44,1
129,1,2,1,3,1,5,1,1,5,4,1,4,1,3,2,1,1,5,1,3,1,2,5,3,4,2.44,1
139,2,1,3,2,2,2,5,1,1,2,1,2,5,4,4,5,2,2,2,3,2,3,3,1,1,2.44,1
370,1,5,2,2,5,5,5,5,1,2,1,1,1,2,2,1,2,1,2,1,2,1,3,5,3,2.44,1
558,2,3,3,2,2,3,3,4,3,4,3,2,3,3,3,4,1,2,2,1,2,2,1,1,2,2.44,1
732,5,1,1,2,3,5,4,4,2,1,1,2,1,3,4,1,3,1,1,2,2,2,3,2,5,2.44,1
38,5,1,2,4,4,2,2,1,2,3,1,3,1,4,1,5,3,2,3,1,2,4,2,1,3,2.48,1
67,5,1,5,4,5,1,4,4,3,2,1,3,1,3,1,1,3,2,1,1,3,1,1,2,4,2.48,1
109,5,2,1,3,3,3,4,2,3,4,2,2,1,3,3,2,2,2,1,2,3,3,2,2,2,2.48,1
145,5,5,3,1,5,1,2,3,1,1,1,1,1,5,1,1,1,1,5,4,3,1,3,2,5,2.48,1
193,1,2,3,1,2,1,4,1,2,1,4,4,5,5,3,3,4,3,4,1,1,2,1,3,1,2.48,1
349,3,1,4,2,1,3,2,2,5,2,1,3,1,2,1,3,1,3,1,3,4,4,2,5,3,2.48,1
517,4,4,4,4,2,2,1,1,2,2,4,2,2,2,2,1,1,1,2,2,2,2,4,4,5,2.48,1
568,1,3,4,3,1,2,2,3,4,2,2,3,3,3,2,5,1,2,2,1,2,3,2,2,4,2.48,1
600,3,2,5,5,1,1,1,2,2,4,4,5,1,1,2,2,2,2,1,5,5,1,1,2,2,2.48,1
620,1,2,1,3,1,3,1,4,4,5,1,1,2,3,5,2,2,3,1,2,1,4,4,2,4,2.48,1
755,2,3,1,1,2,4,5,1,1,2,4,2,1,1,5,5,2,1,1,2,3,2,4,5,2,2.48,1
762,2,4,3,3,3,5,2,4,4,2,3,3,3,2,1,1,1,2,1,1,1,1,2,3,5,2.48,1
793,3,1,1,3,5,1,4,3,3,3,3,1,1,5,2,2,2,2,3,1,4,1,1,4,3,2.48,1
831,3,3,1,1,4,3,1,4,3,3,4,2,1,3,3,3,2,2,3,2,2,2,2,2,3,2.48,1
53,5,2,1,1,1,3,4,4,3,2,1,2,2,3,3,3,2,2,2,2,2,2,2,4,5,2.52,1
66,5,5,4,1,5,3,3,3,2,2,2,1,1,2,1,3,1,1,2,3,1,2,4,3,3,2.52,1
93,5,3,1,1,4,3,1,2,3,2,4,2,2,2,3,4,2,2,2,2,2,2,2,4,3,2.52,1
138,1,2,3,2,3,3,4,1,2,1,1,2,1,2,1,3,4,5,4,5,3,3,4,2,1,2.52,1
199,2,2,3,2,3,1,2,5,4,4,2,3,2,3,2,1,1,2,1,2,1,4,4,5,2,2.52,1
375,5,4,1,1,3,1,5,2,4,1,3,3,1,2,1,2,2,2,1,1,3,4,4,3,4,2.52,1
555,3,2,3,2,2,2,3,2,2,3,2,3,2,3,3,5,3,3,4,2,2,1,1,2,3,2.52,1
599,3,2,4,5,5,1,1,2,2,1,1,2,4,4,2,2,2,4,4,2,1,4,2,2,1,2.52,1
618,4,5,3,4,3,5,4,3,1,3,1,2,1,3,1,3,1,3,1,2,3,4,1,1,1,2.52,1
842,1,1,4,1,1,1,1,5,4,3,4,2,4,5,1,4,1,1,1,1,2,4,1,5,5,2.52,1
111,5,2,2,3,1,3,4,2,3,4,4,1,3,3,2,2,2,1,2,3,3,3,2,2,2,2.56,1
113,5,2,2,1,3,3,3,2,3,4,4,3,3,2,2,2,1,2,3,3,3,2,2,2,2,2.56,1
127,5,2,1,3,4,3,4,2,3,4,2,2,1,3,3,2,2,2,1,2,3,3,3,2,2,2.56,1
141,1,2,1,2,3,4,2,1,2,1,2,3,1,3,2,2,3,4,5,5,4,5,3,2,1,2.56,1
144,5,3,1,1,5,3,5,2,2,2,5,1,1,3,1,1,1,1,3,3,3,3,1,3,5,2.56,1
147,5,3,1,1,5,3,5,2,2,2,5,1,1,3,1,1,1,1,3,3,3,3,1,3,5,2.56,1
197,1,2,1,3,2,3,4,1,2,1,2,4,2,2,3,2,3,3,2,4,2,4,2,4,5,2.56,1
346,1,2,1,2,3,4,3,1,2,3,3,3,2,2,1,3,3,5,2,4,3,2,4,2,3,2.56,1
347,1,2,1,5,2,1,2,1,2,2,3,2,2,3,3,4,2,3,2,3,2,5,3,3,5,2.56,1
617,1,2,3,2,1,2,4,1,2,1,2,4,4,1,5,1,5,5,5,2,1,4,1,2,3,2.56,1
835,3,2,2,3,3,3,3,4,4,3,3,2,4,2,1,1,1,1,3,3,3,1,4,1,4,2.56,1
870,3,1,3,2,4,1,3,4,2,3,4,2,1,3,2,4,2,1,3,1,3,3,4,2,3,2.56,1
85,5,2,2,1,5,1,2,3,2,1,2,2,1,4,3,4,2,4,3,2,2,5,1,4,2,2.6,1
107,1,4,5,1,5,1,4,2,2,4,1,2,1,4,4,2,2,2,2,2,3,2,4,4,1,2.6,1
123,5,1,5,2,4,1,4,4,2,4,2,2,1,2,2,2,2,2,2,2,2,2,2,4,4,2.6,1
135,1,5,3,5,1,1,5,1,2,4,4,2,5,4,1,1,3,4,3,4,1,1,1,1,2,2.6,1
367,3,1,1,1,1,4,5,5,1,5,5,1,1,1,5,1,1,1,2,2,1,3,4,5,5,2.6,1
380,1,1,1,3,5,3,4,3,2,2,2,4,2,2,4,3,2,2,2,3,3,3,2,3,3,2.6,1
513,3,1,1,1,1,2,2,2,2,4,1,1,2,4,1,4,1,5,5,5,5,1,5,1,5,2.6,1
542,2,2,2,2,3,3,4,3,2,3,3,3,3,2,3,3,3,2,3,2,3,2,2,2,3,2.6,1
552,5,4,2,4,4,2,3,4,2,1,2,4,5,2,4,4,1,2,1,2,1,2,2,1,1,2.6,1
570,2,3,4,2,2,2,2,3,4,2,2,3,3,3,3,5,2,1,2,1,4,4,3,2,1,2.6,1
627,5,1,5,1,3,1,3,5,2,1,3,2,2,4,3,1,3,4,3,2,3,2,3,1,2,2.6,1
786,1,1,5,4,5,3,4,3,3,3,3,2,1,4,1,1,1,1,1,1,4,4,1,4,4,2.6,1
855,5,4,4,4,5,1,3,1,2,4,4,4,2,1,2,1,1,2,1,1,2,1,2,5,3,2.6,1
880,1,3,1,3,4,1,5,3,2,2,5,2,1,3,2,4,2,2,2,3,2,2,3,2,5,2.6,1
884,1,1,4,3,3,1,2,4,3,2,2,2,1,4,2,4,2,2,2,5,3,3,3,2,4,2.6,1
49,4,5,5,1,5,1,2,1,1,2,3,1,1,5,3,1,4,1,1,1,3,5,3,2,5,2.64,1
94,5,3,5,1,5,1,1,2,3,3,4,2,2,2,3,2,2,2,2,2,2,2,2,4,4,2.64,1
118,5,4,4,5,3,2,3,2,2,2,3,2,2,2,2,3,1,2,3,3,2,3,2,2,2,2.64,1
361,1,2,2,3,4,1,2,1,2,3,4,1,2,5,1,1,3,1,3,4,5,3,4,5,3,2.64,1
530,2,2,2,4,3,3,3,3,2,2,3,3,3,2,2,3,3,3,2,2,3,3,2,3,3,2.64,1
540,4,2,4,2,2,4,2,3,2,3,2,3,2,3,3,2,3,2,3,2,3,2,3,2,3,2.64,1
564,5,3,1,2,3,4,2,2,3,2,4,3,2,4,4,3,2,2,3,2,2,2,2,2,2,2.64,1
585,3,2,2,3,4,4,1,2,4,4,4,4,4,2,2,1,1,1,2,2,2,2,4,4,2,2.64,1
767,4,2,4,3,1,5,4,3,4,1,2,4,1,2,4,4,2,1,1,2,2,3,2,1,4,2.64,1
833,3,1,3,3,4,3,5,4,1,1,4,1,1,3,3,3,2,1,3,3,2,2,3,2,5,2.64,1
846,3,1,3,5,5,1,5,5,2,3,2,3,1,2,1,4,3,1,1,1,2,2,2,3,5,2.64,1
69,5,1,1,2,5,3,4,5,3,2,1,2,2,3,4,3,2,2,2,3,2,2,2,4,2,2.68,1
92,5,2,5,1,5,1,4,4,4,3,2,2,1,2,1,4,2,2,2,1,2,4,2,4,2,2.68,1
110,1,4,1,1,1,1,4,5,4,5,1,4,1,5,2,2,2,2,5,2,2,4,2,5,1,2.68,1
112,5,2,2,1,4,4,4,2,3,4,4,3,3,2,2,2,1,2,3,3,3,2,2,2,2,2.68,1
128,1,2,5,1,2,4,1,3,1,3,4,5,5,3,3,1,4,4,2,2,3,2,3,2,1,2.68,1
130,1,1,5,2,1,4,1,1,2,3,4,2,4,1,2,4,4,4,1,4,5,4,4,2,1,2.68,1
143,1,2,1,2,3,2,5,1,2,1,2,4,5,2,3,3,3,2,3,2,3,4,2,4,5,2.68,1
194,1,2,1,2,1,3,5,1,2,1,3,4,5,4,4,5,4,3,1,4,1,1,3,3,3,2.68,1
253,5,1,3,4,2,1,1,2,1,2,3,4,3,2,4,3,2,1,2,3,4,5,4,3,2,2.68,1
254,1,3,2,4,1,5,2,4,3,2,1,2,3,4,3,2,1,2,3,4,5,4,3,2,1,2.68,1
344,1,2,3,2,3,4,3,1,2,1,2,3,4,2,3,2,3,3,4,3,4,2,4,4,2,2.68,1
348,2,1,3,1,3,1,4,2,1,3,1,3,1,3,1,3,5,3,4,5,3,4,5,3,2,2.68,1
455,1,1,1,1,1,3,2,5,2,1,2,1,1,3,4,3,5,3,2,4,2,5,4,5,5,2.68,1
546,3,3,2,4,3,3,2,3,2,3,3,3,3,2,3,4,3,3,2,2,2,2,2,2,3,2.68,1
717,2,1,5,2,1,3,2,2,1,5,4,1,3,1,3,1,3,1,2,4,2,4,5,4,5,2.68,1
742,2,2,4,5,1,2,2,4,5,1,2,2,4,2,4,2,2,1,2,4,5,1,2,4,2,2.68,1
772,5,3,3,3,3,1,5,4,3,4,5,2,1,1,3,3,2,2,1,2,1,1,1,4,4,2.68,1
784,1,2,2,4,5,1,5,4,4,2,3,4,1,1,1,3,1,1,4,4,3,2,2,3,4,2.68,1
829,3,3,3,2,4,1,4,4,2,2,4,2,2,3,2,2,2,2,2,2,2,5,3,3,3,2.68,1
863,1,4,4,3,5,1,5,4,1,3,5,2,1,2,2,3,1,1,2,1,3,3,4,2,4,2.68,1
865,1,1,1,1,5,3,3,3,2,3,5,1,2,4,4,2,2,2,3,1,4,3,4,3,4,2.68,1
892,1,1,3,1,4,3,1,3,3,4,4,3,2,4,3,4,2,1,3,1,3,2,4,3,4,2.68,1
905,3,1,3,1,4,1,4,3,3,3,3,4,2,4,2,2,4,2,2,2,2,4,2,2,4,2.68,1
13,5,5,5,1,5,2,1,4,4,2,2,2,2,4,2,2,2,2,3,2,2,2,2,2,3,2.72,1
34,1,1,1,5,2,1,2,5,3,5,1,4,4,5,1,1,3,1,1,5,5,5,1,4,1,2.72,1
39,4,1,2,4,5,2,3,1,3,4,3,1,2,4,4,3,4,1,2,3,2,4,1,4,1,2.72,1
108,5,1,1,1,5,5,5,4,3,3,5,4,1,1,3,1,3,2,2,2,1,2,2,3,3,2.72,1
168,5,2,1,1,5,1,2,3,5,4,2,1,2,3,2,2,2,1,3,5,4,3,1,3,5,2.72,1
363,1,2,1,3,4,5,2,1,1,3,4,5,1,2,3,1,2,3,2,3,4,4,4,3,4,2.72,1
378,5,1,2,3,3,3,2,3,2,3,1,4,4,2,4,3,1,1,2,3,3,3,3,4,3,2.72,1
516,2,2,3,3,3,3,3,3,2,2,2,2,2,4,4,4,4,4,1,2,2,2,4,1,4,2.72,1
548,5,1,3,2,3,4,3,3,2,2,4,3,4,3,4,4,2,1,2,1,2,2,3,2,3,2.72,1
593,3,2,1,2,4,4,5,5,5,5,2,2,1,4,1,2,2,3,2,2,1,2,3,3,2,2.72,1
726,2,4,3,5,1,1,2,2,4,3,2,3,1,4,3,4,2,1,4,1,5,3,2,1,5,2.72,1
746,4,3,2,1,2,2,3,2,4,1,1,1,3,4,4,4,4,2,1,3,2,4,4,5,2,2.72,1
881,1,3,1,1,4,1,5,5,3,2,5,1,1,3,1,3,4,1,3,2,4,3,3,3,5,2.72,1
882,1,3,3,1,4,1,4,3,3,2,5,2,1,4,3,2,2,3,3,2,2,4,3,2,5,2.72,1
14,1,3,1,1,3,5,4,3,4,3,4,2,1,2,3,4,2,1,1,3,5,5,2,1,5,2.76,1
20,5,4,1,3,4,1,2,3,3,4,3,2,3,4,3,2,1,1,2,3,3,3,2,4,3,2.76,1
25,1,1,3,1,5,1,5,5,3,2,4,2,1,5,1,4,1,1,5,2,2,4,2,3,5,2.76,1
80,5,3,4,3,4,2,5,4,3,3,2,2,2,3,5,3,1,1,2,2,2,2,1,2,3,2.76,1
246,1,3,2,5,3,2,1,4,5,3,4,3,2,3,2,3,2,2,1,2,3,3,2,3,5,2.76,1
316,5,4,3,1,2,1,5,4,3,2,1,3,5,3,2,3,2,1,1,2,2,1,4,5,4,2.76,1
336,3,1,1,1,5,4,5,4,2,4,2,4,1,4,1,2,3,2,3,3,2,2,2,4,4,2.76,1
337,3,4,2,2,3,2,2,4,3,3,3,2,2,3,2,2,4,3,2,3,2,3,2,4,4,2.76,1
362,1,2,3,4,2,3,1,1,2,3,3,4,3,4,1,2,1,3,4,5,2,2,4,5,4,2.76,1
526,4,3,3,3,2,3,2,3,3,2,2,2,2,3,4,2,4,3,2,3,4,2,2,4,2,2.76,1
531,1,3,1,4,3,3,2,4,2,3,3,3,3,3,3,2,3,4,4,2,2,3,3,2,3,2.76,1
544,3,3,4,4,2,4,4,3,2,2,2,3,2,3,3,3,2,3,2,2,3,2,3,2,3,2.76,1
553,5,3,3,4,2,2,2,3,3,2,2,2,2,3,4,5,2,3,3,4,4,1,2,1,2,2.76,1
592,3,2,3,3,1,2,2,4,1,1,2,2,1,2,2,3,4,4,4,5,5,2,1,5,5,2.76,1
596,2,1,1,2,4,4,2,5,5,5,3,2,1,3,3,3,2,2,2,2,4,4,1,4,2,2.76,1
718,2,5,2,1,3,2,4,2,1,1,3,1,4,5,2,3,4,4,1,2,4,5,2,3,3,2.76,1
730,5,4,3,4,1,2,1,3,4,3,2,1,2,3,2,3,4,5,4,3,3,2,3,1,1,2.76,1
739,5,1,5,4,2,3,1,5,3,2,4,1,3,4,4,1,4,1,4,1,4,1,2,3,1,2.76,1
826,3,3,3,3,4,3,3,5,3,1,1,1,1,5,2,3,2,2,4,2,4,2,4,3,2,2.76,1
834,3,3,2,2,4,3,4,5,2,2,3,2,3,3,2,4,2,2,3,3,2,4,1,3,2,2.76,1
877,1,3,1,3,5,1,4,4,2,5,5,2,1,4,2,3,1,1,3,2,4,3,3,2,4,2.76,1
133,1,2,5,1,5,1,1,4,1,4,5,4,4,3,3,1,4,4,2,2,2,3,2,4,2,2.8,1
134,1,4,4,4,4,2,2,4,4,2,4,5,2,2,2,2,3,2,3,4,2,1,3,2,2,2.8,1
176,5,1,1,2,5,5,1,2,2,5,4,2,1,3,1,3,2,3,1,1,5,3,4,5,3,2.8,1
210,5,1,3,2,1,5,4,4,5,3,1,4,1,2,3,1,4,1,3,5,1,2,3,2,4,2.8,1
211,3,5,4,2,1,3,1,3,4,2,3,2,4,1,3,4,3,2,3,5,1,3,2,5,1,2.8,1
245,4,5,2,3,1,2,1,4,3,2,1,2,3,4,3,2,4,2,3,4,5,4,3,2,1,2.8,1
249,4,2,3,1,2,5,1,2,5,3,2,5,3,2,1,2,3,4,5,4,3,2,1,2,3,2.8,1
271,1,3,4,2,5,3,1,4,5,4,3,2,1,2,3,2,1,2,3,4,5,4,3,2,1,2.8,1
276,1,4,3,5,2,4,1,3,2,1,2,3,4,3,3,2,3,2,3,4,5,4,3,2,1,2.8,1
286,2,4,1,5,2,4,1,3,5,2,3,1,4,2,5,1,4,2,3,1,4,2,5,1,3,2.8,1
325,3,1,4,1,2,1,4,2,4,3,1,4,2,4,5,5,2,2,4,2,2,2,2,4,4,2.8,1
360,1,2,3,1,2,4,5,3,1,3,4,2,4,1,4,2,4,1,5,3,1,4,3,2,5,2.8,1
443,5,1,3,1,4,1,3,2,4,2,1,3,3,5,3,4,1,2,3,3,4,5,4,2,1,2.8,1
505,4,5,3,2,4,2,1,3,4,2,5,1,1,2,4,3,1,5,3,2,1,4,2,1,5,2.8,1
512,5,4,3,2,1,1,5,5,4,4,3,2,1,1,2,2,3,1,5,4,3,3,3,2,1,2.8,1
521,3,2,3,3,2,2,3,3,3,2,2,5,3,4,3,4,3,2,3,2,3,2,3,2,3,2.8,1
523,3,4,3,3,3,1,4,4,3,3,1,2,4,3,3,2,4,2,2,2,2,3,3,3,3,2.8,1
529,2,3,3,4,2,3,3,3,2,2,3,2,2,3,3,2,3,3,4,4,5,2,2,3,2,2.8,1
538,5,2,4,2,2,4,3,3,3,3,2,2,2,3,2,3,4,3,2,3,2,3,2,3,3,2.8,1
547,5,2,3,4,2,4,2,2,3,3,4,3,2,3,2,3,3,3,3,2,2,3,2,3,2,2.8,1
572,3,3,2,4,4,3,2,4,3,3,2,3,5,5,3,3,1,2,1,4,3,2,2,2,1,2.8,1
584,5,2,3,4,2,3,1,4,3,4,2,2,4,2,4,2,4,2,2,4,2,3,2,3,1,2.8,1
597,2,4,2,1,1,2,4,4,5,5,5,5,2,2,1,1,1,2,4,4,2,4,2,4,1,2.8,1
612,1,3,4,1,3,2,4,1,3,2,1,3,5,1,4,3,4,3,4,3,4,3,1,3,4,2.8,1
624,4,2,3,4,3,4,3,3,3,3,4,5,5,1,3,2,1,1,2,3,2,4,3,1,1,2.8,1
641,5,3,1,1,5,3,5,4,4,4,5,1,1,3,1,1,1,1,3,3,3,3,1,3,5,2.8,1
729,5,1,3,4,2,5,1,3,2,1,2,3,2,2,3,4,5,4,3,4,3,2,3,1,2,2.8,1
751,3,5,4,5,3,2,1,4,1,2,4,2,4,2,5,1,1,2,3,4,5,1,1,2,3,2.8,1
763,3,1,4,3,4,2,5,3,2,2,1,3,4,4,2,3,1,4,1,2,2,4,4,2,4,2.8,1
818,3,3,3,2,3,4,5,4,1,1,4,1,4,5,2,3,1,2,3,1,1,5,3,3,3,2.8,1
851,1,1,5,5,3,1,3,4,3,4,2,2,2,1,3,4,2,2,2,2,2,4,3,5,4,2.8,1
873,1,3,3,1,1,2,1,3,3,4,4,3,2,5,3,3,3,2,2,2,3,3,3,5,5,2.8,1
883,1,2,1,3,5,1,3,5,4,4,5,3,2,3,2,2,2,1,3,4,2,4,3,2,3,2.8,1
896,1,4,2,4,4,1,3,4,4,2,4,4,1,2,5,4,4,1,1,1,2,3,3,2,4,2.8,1
900,2,3,3,1,4,1,3,3,2,1,5,4,2,4,4,3,2,1,4,4,2,2,4,1,5,2.8,1
912,4,5,2,3,3,2,4,3,2,3,2,4,2,2,1,2,2,2,3,2,2,3,4,3,5,2.8,1
16,1,2,1,3,3,5,3,4,3,5,5,3,1,3,3,4,3,2,1,2,1,5,1,2,5,2.84,1
24,3,4,1,1,4,5,1,4,4,4,2,2,2,4,4,2,2,2,2,2,2,4,4,4,2,2.84,1
71,5,4,3,1,5,2,3,3,4,3,2,4,2,5,1,2,4,1,3,2,4,4,2,1,1,2.84,1
131,1,2,5,5,1,4,1,3,1,3,4,5,5,2,3,3,1,1,4,4,2,2,3,2,4,2.84,1
132,1,2,5,5,1,4,1,3,1,3,4,5,5,3,3,1,4,4,2,2,3,2,4,2,1,2.84,1
142,1,2,1,2,1,3,5,2,3,4,2,1,2,2,1,3,2,3,5,4,5,4,4,4,5,2.84,1
195,2,1,2,1,3,5,4,1,2,2,3,4,5,2,3,3,2,3,2,3,2,5,2,5,4,2.84,1
209,2,4,1,5,2,4,1,1,3,5,2,4,1,3,5,1,3,5,2,4,1,3,5,1,3,2.84,1
247,5,4,1,3,2,1,1,5,4,3,2,1,2,3,3,3,4,5,4,3,2,1,2,3,4,2.84,1
250,5,1,3,1,4,2,5,2,1,3,4,5,3,2,1,2,3,4,5,4,3,2,1,2,3,2.84,1
267,1,1,1,1,1,3,2,5,2,1,2,1,1,1,5,4,5,4,4,4,5,5,5,5,2,2.84,1
273,5,3,2,4,1,5,1,3,1,1,2,2,3,5,4,3,2,1,2,3,4,5,4,3,2,2.84,1
356,2,1,3,4,3,4,5,3,2,3,1,2,2,4,4,2,1,5,4,1,4,5,2,3,1,2.84,1
550,3,2,4,4,4,5,3,4,2,2,5,3,4,3,4,4,1,2,1,2,1,2,2,1,3,2.84,1
567,2,2,2,4,3,3,3,4,3,2,3,2,3,4,2,5,3,2,3,3,2,2,3,3,3,2.84,1
616,1,4,1,2,4,2,1,2,4,4,1,2,3,1,2,4,3,4,5,5,3,3,2,4,4,2.84,1
748,3,5,2,4,1,3,1,2,1,3,4,5,2,4,3,5,3,2,2,2,4,3,3,2,2,2.84,1
776,3,1,1,2,4,4,5,4,4,3,2,3,4,2,3,2,1,4,5,1,3,2,1,2,5,2.84,1
821,1,4,5,1,3,1,5,5,1,3,5,1,1,5,4,4,1,1,3,2,4,4,2,1,4,2.84,1
901,1,3,1,1,4,1,4,3,3,3,5,3,3,3,5,5,3,1,1,1,3,3,3,3,5,2.84,1
902,1,3,4,4,3,1,3,4,2,2,3,2,2,4,3,3,2,2,3,3,3,3,4,3,4,2.84,1
910,1,1,1,3,4,1,4,4,4,2,5,3,1,3,3,4,3,1,3,3,3,4,3,2,5,2.84,1
911,2,3,4,2,3,3,3,4,2,3,3,2,2,3,3,2,3,2,3,2,4,3,3,5,2,2.84,1
43,1,1,5,3,5,1,5,5,4,2,1,3,1,3,1,1,3,5,1,3,2,5,2,4,5,2.88,1
52,5,4,3,2,1,1,2,5,4,3,2,1,1,2,3,4,5,4,3,2,1,2,3,4,5,2.88,1
65,5,3,1,1,5,3,4,5,4,3,1,1,5,4,2,1,1,1,2,1,4,5,5,4,1,2.88,1
105,5,4,5,1,5,5,5,4,4,2,5,1,1,2,2,2,1,1,2,2,1,2,3,3,4,2.88,1
137,1,2,3,1,2,3,2,1,2,1,2,1,2,3,4,5,4,5,4,5,4,4,5,2,4,2.88,1
146,3,5,1,3,5,1,4,3,2,4,4,2,1,4,4,3,2,2,2,2,3,2,2,4,4,2.88,1
179,5,5,1,1,3,1,5,5,1,4,1,1,5,3,1,3,5,1,3,3,4,5,1,3,2,2.88,1
196,1,2,3,4,5,3,4,1,2,1,4,1,3,4,5,3,4,2,1,3,2,3,2,4,5,2.88,1
251,5,1,4,2,3,1,1,4,3,2,1,2,3,4,5,4,3,2,1,2,3,4,5,4,3,2.88,1
255,5,4,3,1,1,4,2,4,5,3,3,2,4,3,2,1,2,3,4,5,3,2,1,2,3,2.88,1
272,1,5,3,1,4,2,1,3,2,3,4,3,4,3,2,3,4,3,2,1,2,3,4,5,4,2.88,1
353,3,4,5,2,1,3,5,3,3,3,4,3,1,2,2,1,2,1,3,4,3,2,4,5,3,2.88,1
423,5,3,4,2,3,4,5,5,3,2,1,3,4,2,1,2,3,5,1,4,2,1,4,2,1,2.88,1
525,3,2,3,3,2,3,3,4,3,2,2,3,2,2,4,3,4,5,4,3,3,2,2,2,3,2.88,1
534,4,2,1,2,3,3,2,2,3,3,2,2,3,3,3,3,3,3,5,5,4,3,3,2,3,2.88,1
541,3,3,2,2,3,3,2,3,3,3,3,2,3,3,2,3,2,4,4,5,4,2,2,2,4,2.88,1
587,3,2,2,3,4,4,2,1,1,2,2,2,4,4,4,4,4,2,2,1,4,4,1,5,5,2.88,1
642,5,5,3,1,5,1,4,3,1,1,1,1,1,5,1,1,4,5,3,2,5,3,4,5,2,2.88,1
738,5,1,5,1,5,4,1,5,3,2,4,2,4,2,3,1,3,4,1,3,2,3,2,2,4,2.88,1
750,4,5,3,4,2,3,1,4,5,3,1,4,2,4,2,4,1,4,1,3,4,1,4,1,2,2.88,1
752,5,3,5,3,2,3,5,4,1,2,2,1,5,4,2,1,2,4,4,2,1,1,2,3,5,2.88,1
802,1,5,4,1,5,1,4,4,4,1,4,1,1,4,4,3,1,1,5,2,3,4,2,4,3,2.88,1
836,3,3,3,1,4,3,1,4,3,2,5,3,3,4,2,3,2,2,3,2,2,4,2,3,5,2.88,1
860,5,1,1,3,5,4,4,3,2,4,4,1,1,3,3,1,1,1,2,3,4,4,4,4,4,2.88,1
861,1,3,2,2,4,1,5,4,3,2,4,2,1,4,3,4,2,1,3,3,3,4,5,2,4,2.88,1
3,2,2,2,3,4,4,3,2,3,3,4,3,2,3,5,3,2,2,3,2,2,3,3,4,4,2.92,1
12,5,3,5,1,5,1,1,5,1,2,5,1,1,5,2,4,2,5,1,3,5,1,5,1,3,2.92,1
15,1,1,2,4,1,1,4,4,4,3,2,3,1,3,4,4,4,3,2,3,4,4,4,3,4,2.92,1
26,1,1,1,2,5,3,5,4,3,4,5,2,1,3,4,4,1,1,4,2,3,3,2,4,5,2.92,1
44,1,5,2,1,1,2,1,5,3,2,5,5,3,3,1,5,3,3,2,3,2,5,3,3,4,2.92,1
95,3,2,3,4,4,3,2,4,2,4,2,2,2,4,4,2,1,2,3,5,4,2,3,2,4,2.92,1
208,5,4,2,3,1,1,3,3,4,2,4,3,1,2,5,3,1,2,3,4,5,3,3,4,2,2.92,1
242,3,4,2,2,1,3,5,3,3,5,5,1,2,4,3,2,1,2,3,4,5,4,3,2,1,2.92,1
274,5,3,2,4,2,1,1,3,4,5,4,3,2,1,2,3,4,5,4,3,2,1,2,3,4,2.92,1
284,4,2,5,1,3,5,1,2,4,1,5,1,3,5,2,4,1,5,2,4,2,3,1,5,2,2.92,1
310,5,4,1,2,5,1,3,2,3,4,4,2,2,3,1,5,3,3,2,3,3,5,4,1,2,2.92,1
330,5,1,2,5,1,1,4,1,4,4,4,4,4,1,2,5,5,3,3,1,2,2,3,2,4,2.92,1
355,3,2,4,2,1,3,5,3,2,1,3,4,5,2,2,4,2,3,1,3,5,4,1,3,5,2.92,1
364,1,2,3,2,2,3,5,1,2,1,2,3,4,5,4,4,3,2,3,2,3,4,3,4,5,2.92,1
379,1,5,5,1,1,4,5,4,5,4,4,2,1,3,4,3,3,2,1,1,1,1,3,4,5,2.92,1
399,5,1,3,1,4,1,3,2,4,2,1,3,3,5,3,4,1,3,3,2,3,4,5,5,2,2.92,1
528,5,3,3,4,3,4,3,3,3,2,2,3,3,3,3,3,2,4,3,2,2,3,3,2,2,2.92,1
549,3,2,4,4,2,4,2,3,3,1,5,2,4,2,4,3,3,2,3,3,4,4,2,2,2,2.92,1
566,3,3,2,2,3,5,3,4,3,4,2,3,3,3,3,4,3,2,2,3,3,3,2,3,2,2.92,1
613,4,3,2,4,2,4,2,5,4,3,3,1,2,3,3,2,3,2,4,2,4,2,4,2,3,2.92,1
619,1,2,2,4,1,1,2,4,4,5,5,1,1,5,2,5,5,2,2,5,1,2,4,5,2,2.92,1
635,3,4,2,5,2,3,4,4,2,1,5,3,1,4,2,3,4,2,1,3,2,4,2,5,2,2.92,1
667,5,4,4,3,5,3,2,3,3,4,3,2,2,2,1,2,3,5,1,4,2,2,4,3,1,2.92,1
764,2,4,1,5,2,4,1,3,2,4,2,1,5,3,5,3,2,4,3,5,1,4,2,4,1,2.92,1
765,5,3,4,2,4,1,3,4,5,2,4,2,1,4,2,5,2,4,2,4,2,1,4,2,1,2.92,1
795,3,2,1,3,5,1,3,5,3,3,5,1,1,4,3,3,1,1,4,1,4,4,4,3,5,2.92,1
815,1,1,3,1,5,1,5,4,1,4,5,1,2,4,4,3,3,3,3,3,3,3,3,2,5,2.92,1
848,5,3,1,2,4,2,1,5,5,1,1,5,3,4,1,5,2,3,5,3,3,1,1,3,4,2.92,1
849,1,1,3,3,4,1,5,3,4,4,4,2,2,2,3,3,1,4,1,3,4,5,3,3,4,2.92,1
868,1,3,3,1,4,2,5,5,2,5,5,2,2,3,3,3,2,1,4,1,2,3,4,3,4,2.92,1
891,4,3,2,3,3,1,3,2,2,2,2,2,3,4,4,4,2,2,5,3,4,4,3,2,4,2.92,1
897,4,4,2,1,3,1,4,3,3,3,4,2,2,3,3,4,2,3,2,4,2,4,3,3,4,2.92,1
898,1,1,3,1,4,3,4,3,4,2,5,3,2,4,4,4,2,2,3,2,3,4,3,2,4,2.92,1
907,4,3,1,1,4,1,3,4,1,4,5,4,3,3,3,3,2,1,3,3,4,3,3,2,5,2.92,1
6,1,2,5,3,5,4,5,2,4,5,1,1,1,2,2,3,2,1,2,2,4,4,5,4,4,2.96,1
51,5,4,3,2,1,2,3,5,4,3,2,1,1,2,3,4,5,4,3,2,1,2,3,4,5,2.96,1
91,5,3,3,4,3,5,3,5,3,3,2,2,3,3,5,3,1,3,2,3,3,2,3,1,1,2.96,1
181,5,5,1,1,4,1,5,4,2,1,3,2,1,5,5,5,2,1,1,3,3,5,1,3,5,2.96,1
215,5,2,4,2,4,1,3,3,5,2,4,1,3,5,2,4,1,5,2,4,1,5,2,3,1,2.96,1
216,5,3,1,4,2,4,1,4,2,5,2,4,1,3,5,2,4,1,5,2,4,1,3,1,5,2.96,1
291,3,2,4,1,3,4,1,4,2,3,4,1,2,5,5,3,3,2,1,2,1,4,4,5,5,2.96,1
319,1,1,1,2,5,2,4,4,4,3,2,5,5,5,5,2,1,3,1,1,5,5,1,3,3,2.96,1
350,3,2,4,5,1,2,3,5,2,4,2,3,2,5,4,2,5,1,2,4,5,2,2,1,3,2.96,1
371,1,5,2,2,5,5,5,5,3,2,1,1,2,5,2,4,1,1,2,3,4,3,4,3,3,2.96,1
409,3,4,3,4,3,2,1,4,3,2,4,4,4,5,2,3,3,1,3,3,3,2,3,2,3,2.96,1
503,5,4,5,3,1,2,1,5,4,3,3,2,1,4,3,5,4,3,4,3,1,2,1,3,2,2.96,1
545,3,2,5,2,3,2,2,2,3,2,2,2,3,3,3,4,3,4,4,5,3,2,4,2,4,2.96,1
557,3,3,4,2,4,3,2,3,3,4,2,3,3,2,2,5,2,1,3,3,4,4,5,2,2,2.96,1
643,3,5,1,3,5,1,4,3,2,4,4,2,1,4,4,3,2,2,2,2,3,2,2,5,5,2.96,1
699,4,3,5,3,2,3,3,4,3,2,2,2,4,2,2,5,5,3,2,3,2,1,1,5,3,2.96,1
728,1,4,2,5,1,3,4,4,5,4,2,5,2,4,1,2,4,1,3,1,5,2,3,1,5,2.96,1
768,4,5,3,4,3,2,2,3,2,1,1,4,4,5,3,5,2,1,2,1,4,5,2,4,2,2.96,1
824,1,3,3,3,5,2,3,4,2,2,4,2,2,4,4,3,2,1,3,3,4,4,2,4,4,2.96,1
867,1,4,5,3,5,5,4,4,4,4,5,1,3,1,1,1,1,1,2,2,1,5,2,4,5,2.96,1
885,1,3,3,2,4,1,4,4,3,4,4,3,2,3,3,4,3,2,3,3,4,3,4,1,3,2.96,1
904,1,4,5,3,4,1,5,4,3,2,4,3,2,3,4,4,2,2,3,1,2,3,4,2,3,2.96,1
906,1,1,3,2,4,1,4,3,4,4,5,3,3,3,4,3,3,2,3,3,3,2,3,4,3,2.96,1
40,5,4,2,3,5,1,4,5,3,5,2,4,1,3,2,4,2,1,3,1,5,1,3,5,1,3,1
74,5,1,1,1,2,3,4,3,2,4,3,1,3,1,1,1,1,5,4,5,5,5,4,5,5,3,1
148,5,3,1,1,5,3,5,2,2,2,5,1,1,3,5,2,2,2,4,5,3,1,3,5,4,3,1
149,5,3,1,1,5,3,5,3,3,4,5,1,1,3,3,5,4,1,1,3,3,3,1,3,5,3,1
203,1,3,2,4,1,2,5,4,1,5,3,2,4,1,5,5,1,2,4,5,3,3,5,3,1,3,1
205,2,1,3,4,5,3,1,2,5,4,2,3,5,4,1,3,5,3,2,5,3,2,4,2,1,3,1
320,1,5,2,1,2,4,5,3,3,5,3,2,3,3,3,2,3,2,3,4,4,2,2,3,5,3,1
352,1,2,1,3,4,5,1,1,2,3,2,5,3,4,5,4,5,3,4,5,3,1,2,4,2,3,1
413,3,2,4,2,4,2,4,4,2,5,3,1,3,2,4,3,1,4,4,4,1,5,3,1,4,3,1
421,3,2,4,1,3,4,1,4,2,3,4,1,5,4,4,1,5,4,4,1,5,2,3,1,4,3,1
499,4,2,5,3,2,4,2,5,2,5,2,5,2,4,1,4,1,4,2,1,5,1,5,3,1,3,1
507,5,2,4,1,3,5,1,4,2,4,1,4,2,3,4,1,3,5,3,2,3,5,2,4,2,3,1
509,4,2,3,5,1,4,2,5,2,1,4,1,4,1,5,3,2,5,3,1,5,2,4,2,4,3,1
515,2,3,3,2,2,2,3,2,2,4,4,3,2,3,3,5,5,2,3,3,3,5,5,2,2,3,1
520,2,4,3,4,3,3,3,3,3,3,3,4,3,4,2,4,3,2,2,3,3,3,3,3,2,3,1
527,5,2,5,4,3,4,2,3,3,2,3,3,3,3,2,3,3,3,3,2,2,2,3,3,4,3,1
532,4,2,2,5,3,4,3,4,2,3,3,2,2,3,3,3,4,3,3,3,4,3,2,2,3,3,1
533,4,3,3,2,3,4,3,2,2,2,4,2,3,2,2,2,3,2,4,4,5,5,2,5,2,3,1
535,4,3,2,3,4,3,2,3,3,3,4,2,2,3,2,3,3,3,4,5,3,4,2,3,2,3,1
536,4,2,2,2,4,3,3,3,3,2,4,4,3,3,3,3,3,4,3,2,3,3,4,2,3,3,1
571,3,3,2,2,3,2,3,3,4,2,3,2,3,3,3,3,2,2,4,4,4,5,4,4,2,3,1
603,3,1,1,2,3,3,5,2,5,2,2,5,1,1,3,5,5,5,5,1,1,2,5,4,3,3,1
610,5,2,4,2,5,3,1,5,4,2,1,3,4,3,1,5,3,1,5,4,3,2,4,2,1,3,1
626,5,3,2,4,2,3,2,5,3,4,2,4,2,4,2,4,2,3,2,1,5,3,4,2,2,3,1
727,2,1,2,3,4,5,4,3,1,5,2,4,1,3,5,2,5,4,2,4,4,1,4,3,1,3,1
766,5,3,4,1,3,4,1,2,5,3,5,3,2,1,4,3,4,3,4,5,2,1,1,2,4,3,1
787,5,4,1,4,3,1,3,5,5,4,1,2,1,5,1,2,1,1,3,3,4,4,5,3,4,3,1
788,4,3,2,3,3,3,4,3,3,4,3,1,3,5,2,3,2,2,5,3,3,3,3,4,1,3,1
791,4,3,3,3,3,1,4,4,3,3,3,4,1,3,2,3,2,3,5,2,3,3,4,3,3,3,1
792,2,3,3,1,5,2,5,3,3,3,1,3,3,5,3,4,2,4,5,1,2,4,2,3,3,3,1
800,2,1,3,2,5,1,4,5,1,4,5,1,1,4,3,3,1,1,5,4,4,4,3,4,4,3,1
813,5,1,4,5,1,5,4,4,2,4,4,2,2,2,4,4,2,2,2,2,2,2,2,4,4,3,1
853,5,5,4,1,5,2,1,5,4,4,2,2,1,2,2,2,2,2,4,2,2,2,4,5,5,3,1
909,3,1,5,3,3,4,3,3,4,1,2,1,2,4,4,3,2,2,4,5,2,5,2,4,3,3,1
17,3,4,2,5,2,5,5,2,1,4,4,5,1,2,4,5,2,1,2,3,2,2,1,5,4,3.04,1
82,5,1,4,1,4,5,5,4,4,4,1,4,1,4,2,4,4,4,1,2,4,2,2,2,2,3.04,1
90,5,3,5,3,3,1,5,4,3,3,1,2,1,4,3,4,2,4,1,4,3,3,2,4,3,3.04,1
151,5,1,1,4,5,3,5,4,4,4,3,1,3,2,4,2,2,2,4,5,3,3,2,1,3,3.04,1
180,5,2,1,1,5,2,5,2,2,2,5,1,1,3,5,4,5,5,3,3,3,3,1,3,4,3.04,1
212,4,3,5,3,2,3,1,5,3,1,5,3,1,4,3,5,2,1,4,3,1,5,3,1,5,3.04,1
214,2,3,4,5,4,3,2,3,3,4,5,2,4,3,3,3,3,3,2,2,2,2,3,3,3,3.04,1
224,3,1,4,2,4,1,3,5,2,3,1,5,2,4,4,2,4,3,1,5,3,2,4,4,4,3.04,1
283,5,1,3,1,4,1,3,2,4,2,1,3,3,1,4,5,4,5,3,4,4,1,3,5,4,3.04,1
339,3,1,4,1,2,3,4,3,4,3,4,3,4,3,3,3,3,1,4,4,3,2,4,3,4,3.04,1
351,2,3,4,5,3,2,5,1,2,3,2,1,2,4,5,4,5,3,4,1,2,3,3,4,3,3.04,1
357,5,3,4,2,1,4,5,4,3,2,1,4,3,2,1,2,2,4,5,3,2,2,3,5,4,3.04,1
358,2,1,3,4,4,3,5,3,2,3,2,3,4,5,4,3,2,1,1,3,3,4,4,2,5,3.04,1
359,3,2,4,1,4,3,5,4,3,4,2,1,3,4,5,1,3,2,1,4,5,3,2,3,4,3.04,1
407,5,3,4,3,3,5,3,4,4,3,2,3,4,3,2,2,2,3,3,2,3,2,3,2,3,3.04,1
408,3,4,3,1,3,4,5,2,4,4,2,2,4,2,5,3,4,2,3,3,3,2,3,2,3,3.04,1
414,3,1,4,2,4,1,3,5,2,3,1,5,2,4,1,5,3,2,4,3,5,2,4,4,3,3.04,1
497,5,1,4,2,4,1,3,5,2,4,1,4,2,5,2,4,2,4,2,4,1,5,2,4,3,3.04,1
539,4,3,4,4,3,4,2,3,3,2,2,2,3,2,3,3,4,4,4,5,3,2,2,3,2,3.04,1
543,2,3,4,3,3,3,4,3,3,3,3,2,3,3,2,4,3,2,2,4,2,4,4,4,3,3.04,1
660,5,1,3,1,4,1,3,2,4,2,1,3,3,5,4,5,2,5,3,2,3,1,5,4,4,3.04,1
692,3,1,4,1,3,2,4,2,1,3,3,5,3,4,1,3,5,3,5,3,5,3,1,5,3,3.04,1
753,4,5,2,1,4,1,5,2,2,4,1,5,2,5,1,3,5,2,1,4,5,2,4,2,4,3.04,1
794,3,4,1,1,5,1,4,5,3,1,5,1,1,5,1,5,1,4,5,1,3,4,4,4,4,3.04,1
797,3,3,2,4,5,1,4,3,3,5,5,1,1,4,2,4,1,2,2,1,5,4,3,4,4,3.04,1
801,5,3,3,2,4,1,3,5,2,2,5,1,1,5,4,2,2,2,4,2,3,5,2,4,4,3.04,1
823,1,3,2,3,4,4,3,4,3,3,5,1,2,2,3,3,3,3,4,5,2,4,2,4,3,3.04,1
828,3,4,3,1,5,3,4,5,1,1,2,3,3,4,3,4,2,2,4,3,3,4,2,4,3,3.04,1
837,2,2,5,1,5,4,5,4,3,4,4,3,5,3,2,2,2,1,2,2,2,2,3,4,4,3.04,1
844,3,1,1,5,5,1,4,4,4,4,1,4,2,4,4,2,4,2,1,2,4,4,4,4,2,3.04,1
845,1,3,4,5,2,1,5,5,3,4,5,2,1,3,3,4,2,2,3,2,4,3,1,3,5,3.04,1
852,3,4,5,1,5,1,3,4,4,3,2,3,4,3,2,4,2,2,2,4,2,2,2,4,5,3.04,1
862,5,5,5,1,5,2,5,4,2,3,2,2,2,3,2,2,2,4,3,4,2,2,2,4,3,3.04,1
871,3,4,5,4,3,4,3,3,1,4,2,2,3,4,4,4,2,2,3,2,2,2,2,3,5,3.04,1
241,5,1,2,3,4,3,1,3,2,3,4,5,4,4,3,3,2,1,1,2,3,4,5,5,4,3.08,1
506,4,2,5,2,4,1,3,4,2,4,2,5,1,3,2,5,2,3,4,5,3,1,4,2,4,3.08,1
522,2,2,4,3,2,2,4,4,2,2,2,5,3,2,2,2,2,3,3,3,4,4,5,5,5,3.08,1
778,2,2,4,4,5,2,1,3,4,3,4,1,5,4,3,5,1,1,5,3,4,4,5,1,1,3.08,1
790,3,3,3,3,3,1,3,4,3,3,4,2,1,4,5,5,2,2,4,2,3,3,4,3,4,3.08,1
839,3,1,3,3,5,3,5,4,3,2,4,2,2,3,3,3,2,1,5,3,4,4,2,3,4,3.08,1
878,1,3,1,4,5,1,4,4,2,5,5,3,1,2,5,4,2,2,3,4,4,4,2,2,4,3.08,1
889,4,3,1,3,4,2,4,3,2,3,5,2,3,3,4,3,2,4,3,3,4,1,2,5,4,3.08,1
894,3,1,1,5,4,1,3,5,1,5,4,4,2,4,3,3,3,2,2,4,3,4,3,3,4,3.08,1
5,3,5,2,1,5,3,4,4,3,2,1,2,2,5,3,4,1,5,4,3,3,4,4,1,4,3.12,1
165,5,2,1,1,5,4,5,3,4,5,5,4,1,3,1,4,2,2,2,1,2,5,4,3,4,3.12,1
167,3,2,5,1,5,4,3,4,2,4,3,1,4,1,4,4,1,2,3,2,1,5,4,5,5,3.12,1
188,5,2,1,1,5,4,5,3,4,5,5,4,1,3,1,4,2,2,2,1,2,5,4,3,4,3.12,1
248,4,2,5,3,1,4,2,3,5,2,4,1,3,5,2,4,1,3,5,2,4,2,4,2,5,3.12,1
293,5,3,4,2,3,4,5,5,3,2,1,3,5,3,1,1,1,3,1,5,5,1,4,4,4,3.12,1
625,4,2,4,4,4,4,2,2,2,4,3,2,1,2,3,5,4,4,3,3,2,2,3,4,5,3.12,1
704,4,1,4,2,3,5,4,2,1,4,4,5,2,4,5,2,3,4,2,1,4,2,3,3,4,3.12,1
757,5,2,5,3,5,5,3,5,2,2,4,1,1,2,4,4,2,3,2,4,5,2,1,2,4,3.12,1
771,1,1,1,3,4,5,4,3,4,5,3,4,4,2,2,2,3,3,2,3,3,4,3,5,4,3.12,1
816,3,2,1,3,4,3,5,4,2,2,5,2,3,5,5,4,1,2,4,5,4,2,2,2,3,3.12,1
858,1,1,2,4,2,2,5,5,4,3,2,5,2,3,4,2,4,3,2,3,3,3,4,5,4,3.12,1
879,1,3,1,1,5,1,5,4,3,5,5,3,1,2,4,5,2,1,3,4,2,3,5,5,4,3.12,1
895,1,1,3,3,5,1,4,3,3,5,5,4,2,3,4,4,2,2,2,3,3,3,3,4,5,3.12,1
411,4,2,4,1,4,2,3,5,4,2,1,4,4,5,2,4,5,2,4,1,4,2,4,2,4,3.16,1
676,5,1,3,1,4,1,3,2,4,2,1,3,3,5,4,3,5,4,5,5,4,2,3,4,2,3.16,1
722,4,1,5,3,4,3,4,3,3,4,2,4,1,3,5,2,4,1,5,3,1,4,4,1,5,3.16,1
887,1,1,4,4,4,3,4,5,4,4,5,2,2,3,5,4,2,1,1,3,3,3,4,2,5,3.16,1
480,4,0,3,2,4,3,5,4,1,5,3,5,1,4,4,2,4,3,1,5,3,2,4,3,5,3.2,1
798,1,1,5,1,4,1,4,4,4,4,4,3,1,5,5,2,2,3,5,4,4,3,3,4,3,3.2,1
