,X1,X2,X3,X4,X5,X6,X7,X8,X9,X10,X11,X12,X13,X14,X15,X16,X17,X18,X19,X20,X21,X22,X23,X24,X25,Level,pam.res.clustering
27,5,5,5,1,5,1,2,2,4,1,1,2,1,3,3,2,1,1,2,3,1,1,1,1,3,2.28,1
28,5,5,5,1,5,1,2,2,4,1,1,2,1,3,3,2,1,1,2,3,1,1,1,1,3,2.28,1
30,5,5,5,1,5,1,2,2,4,1,1,2,1,3,3,2,1,1,2,3,1,1,1,1,3,2.28,1
200,2,4,1,3,2,4,1,1,2,3,1,3,2,5,2,4,1,3,1,4,1,2,2,3,1,2.32,1
33,5,1,1,1,1,5,1,4,4,4,2,2,2,2,4,2,2,2,2,3,2,2,2,2,2,2.4,1
129,1,2,1,3,1,5,1,1,5,4,1,4,1,3,2,1,1,5,1,3,1,2,5,3,4,2.44,1
145,5,5,3,1,5,1,2,3,1,1,1,1,1,5,1,1,1,1,5,4,3,1,3,2,5,2.48,1
349,3,1,4,2,1,3,2,2,5,2,1,3,1,2,1,3,1,3,1,3,4,4,2,5,3,2.48,1
517,4,4,4,4,2,2,1,1,2,2,4,2,2,2,2,1,1,1,2,2,2,2,4,4,5,2.48,1
600,3,2,5,5,1,1,1,2,2,4,4,5,1,1,2,2,2,2,1,5,5,1,1,2,2,2.48,1
620,1,2,1,3,1,3,1,4,4,5,1,1,2,3,5,2,2,3,1,2,1,4,4,2,4,2.48,1
66,5,5,4,1,5,3,3,3,2,2,2,1,1,2,1,3,1,1,2,3,1,2,4,3,3,2.52,1
199,2,2,3,2,3,1,2,5,4,4,2,3,2,3,2,1,1,2,1,2,1,4,4,5,2,2.52,1
842,1,1,4,1,1,1,1,5,4,3,4,2,4,5,1,4,1,1,1,1,2,4,1,5,5,2.52,1
111,5,2,2,3,1,3,4,2,3,4,4,1,3,3,2,2,2,1,2,3,3,3,2,2,2,2.56,1
835,3,2,2,3,3,3,3,4,4,3,3,2,4,2,1,1,1,1,3,3,3,1,4,1,4,2.56,1
855,5,4,4,4,5,1,3,1,2,4,4,4,2,1,2,1,1,2,1,1,2,1,2,5,3,2.6,1
884,1,1,4,3,3,1,2,4,3,2,2,2,1,4,2,4,2,2,2,5,3,3,3,2,4,2.6,1
94,5,3,5,1,5,1,1,2,3,3,4,2,2,2,3,2,2,2,2,2,2,2,2,4,4,2.64,1
118,5,4,4,5,3,2,3,2,2,2,3,2,2,2,2,3,1,2,3,3,2,3,2,2,2,2.64,1
361,1,2,2,3,4,1,2,1,2,3,4,1,2,5,1,1,3,1,3,4,5,3,4,5,3,2.64,1
585,3,2,2,3,4,4,1,2,4,4,4,4,4,2,2,1,1,1,2,2,2,2,4,4,2,2.64,1
92,5,2,5,1,5,1,4,4,4,3,2,2,1,2,1,4,2,2,2,1,2,4,2,4,2,2.68,1
110,1,4,1,1,1,1,4,5,4,5,1,4,1,5,2,2,2,2,5,2,2,4,2,5,1,2.68,1
253,5,1,3,4,2,1,1,2,1,2,3,4,3,2,4,3,2,1,2,3,4,5,4,3,2,2.68,1
254,1,3,2,4,1,5,2,4,3,2,1,2,3,4,3,2,1,2,3,4,5,4,3,2,1,2.68,1
717,2,1,5,2,1,3,2,2,1,5,4,1,3,1,3,1,3,1,2,4,2,4,5,4,5,2.68,1
742,2,2,4,5,1,2,2,4,5,1,2,2,4,2,4,2,2,1,2,4,5,1,2,4,2,2.68,1
772,5,3,3,3,3,1,5,4,3,4,5,2,1,1,3,3,2,2,1,2,1,1,1,4,4,2.68,1
829,3,3,3,2,4,1,4,4,2,2,4,2,2,3,2,2,2,2,2,2,2,5,3,3,3,2.68,1
13,5,5,5,1,5,2,1,4,4,2,2,2,2,4,2,2,2,2,3,2,2,2,2,2,3,2.72,1
34,1,1,1,5,2,1,2,5,3,5,1,4,4,5,1,1,3,1,1,5,5,5,1,4,1,2.72,1
39,4,1,2,4,5,2,3,1,3,4,3,1,2,4,4,3,4,1,2,3,2,4,1,4,1,2.72,1
168,5,2,1,1,5,1,2,3,5,4,2,1,2,3,2,2,2,1,3,5,4,3,1,3,5,2.72,1
378,5,1,2,3,3,3,2,3,2,3,1,4,4,2,4,3,1,1,2,3,3,3,3,4,3,2.72,1
593,3,2,1,2,4,4,5,5,5,5,2,2,1,4,1,2,2,3,2,2,1,2,3,3,2,2.72,1
726,2,4,3,5,1,1,2,2,4,3,2,3,1,4,3,4,2,1,4,1,5,3,2,1,5,2.72,1
746,4,3,2,1,2,2,3,2,4,1,1,1,3,4,4,4,4,2,1,3,2,4,4,5,2,2.72,1
20,5,4,1,3,4,1,2,3,3,4,3,2,3,4,3,2,1,1,2,3,3,3,2,4,3,2.76,1
246,1,3,2,5,3,2,1,4,5,3,4,3,2,3,2,3,2,2,1,2,3,3,2,3,5,2.76,1
337,3,4,2,2,3,2,2,4,3,3,3,2,2,3,2,2,4,3,2,3,2,3,2,4,4,2.76,1
362,1,2,3,4,2,3,1,1,2,3,3,4,3,4,1,2,1,3,4,5,2,2,4,5,4,2.76,1
526,4,3,3,3,2,3,2,3,3,2,2,2,2,3,4,2,4,3,2,3,4,2,2,4,2,2.76,1
553,5,3,3,4,2,2,2,3,3,2,2,2,2,3,4,5,2,3,3,4,4,1,2,1,2,2.76,1
596,2,1,1,2,4,4,2,5,5,5,3,2,1,3,3,3,2,2,2,2,4,4,1,4,2,2.76,1
730,5,4,3,4,1,2,1,3,4,3,2,1,2,3,2,3,4,5,4,3,3,2,3,1,1,2.76,1
739,5,1,5,4,2,3,1,5,3,2,4,1,3,4,4,1,4,1,4,1,4,1,2,3,1,2.76,1
826,3,3,3,3,4,3,3,5,3,1,1,1,1,5,2,3,2,2,4,2,4,2,4,3,2,2.76,1
877,1,3,1,3,5,1,4,4,2,5,5,2,1,4,2,3,1,1,3,2,4,3,3,2,4,2.76,1
134,1,4,4,4,4,2,2,4,4,2,4,5,2,2,2,2,3,2,3,4,2,1,3,2,2,2.8,1
176,5,1,1,2,5,5,1,2,2,5,4,2,1,3,1,3,2,3,1,1,5,3,4,5,3,2.8,1
210,5,1,3,2,1,5,4,4,5,3,1,4,1,2,3,1,4,1,3,5,1,2,3,2,4,2.8,1
211,3,5,4,2,1,3,1,3,4,2,3,2,4,1,3,4,3,2,3,5,1,3,2,5,1,2.8,1
245,4,5,2,3,1,2,1,4,3,2,1,2,3,4,3,2,4,2,3,4,5,4,3,2,1,2.8,1
249,4,2,3,1,2,5,1,2,5,3,2,5,3,2,1,2,3,4,5,4,3,2,1,2,3,2.8,1
271,1,3,4,2,5,3,1,4,5,4,3,2,1,2,3,2,1,2,3,4,5,4,3,2,1,2.8,1
276,1,4,3,5,2,4,1,3,2,1,2,3,4,3,3,2,3,2,3,4,5,4,3,2,1,2.8,1
286,2,4,1,5,2,4,1,3,5,2,3,1,4,2,5,1,4,2,3,1,4,2,5,1,3,2.8,1
443,5,1,3,1,4,1,3,2,4,2,1,3,3,5,3,4,1,2,3,3,4,5,4,2,1,2.8,1
505,4,5,3,2,4,2,1,3,4,2,5,1,1,2,4,3,1,5,3,2,1,4,2,1,5,2.8,1
512,5,4,3,2,1,1,5,5,4,4,3,2,1,1,2,2,3,1,5,4,3,3,3,2,1,2.8,1
538,5,2,4,2,2,4,3,3,3,3,2,2,2,3,2,3,4,3,2,3,2,3,2,3,3,2.8,1
547,5,2,3,4,2,4,2,2,3,3,4,3,2,3,2,3,3,3,3,2,2,3,2,3,2,2.8,1
572,3,3,2,4,4,3,2,4,3,3,2,3,5,5,3,3,1,2,1,4,3,2,2,2,1,2.8,1
584,5,2,3,4,2,3,1,4,3,4,2,2,4,2,4,2,4,2,2,4,2,3,2,3,1,2.8,1
597,2,4,2,1,1,2,4,4,5,5,5,5,2,2,1,1,1,2,4,4,2,4,2,4,1,2.8,1
624,4,2,3,4,3,4,3,3,3,3,4,5,5,1,3,2,1,1,2,3,2,4,3,1,1,2.8,1
641,5,3,1,1,5,3,5,4,4,4,5,1,1,3,1,1,1,1,3,3,3,3,1,3,5,2.8,1
751,3,5,4,5,3,2,1,4,1,2,4,2,4,2,5,1,1,2,3,4,5,1,1,2,3,2.8,1
851,1,1,5,5,3,1,3,4,3,4,2,2,2,1,3,4,2,2,2,2,2,4,3,5,4,2.8,1
873,1,3,3,1,1,2,1,3,3,4,4,3,2,5,3,3,3,2,2,2,3,3,3,5,5,2.8,1
883,1,2,1,3,5,1,3,5,4,4,5,3,2,3,2,2,2,1,3,4,2,4,3,2,3,2.8,1
24,3,4,1,1,4,5,1,4,4,4,2,2,2,4,4,2,2,2,2,2,2,4,4,4,2,2.84,1
71,5,4,3,1,5,2,3,3,4,3,2,4,2,5,1,2,4,1,3,2,4,4,2,1,1,2.84,1
131,1,2,5,5,1,4,1,3,1,3,4,5,5,2,3,3,1,1,4,4,2,2,3,2,4,2.84,1
209,2,4,1,5,2,4,1,1,3,5,2,4,1,3,5,1,3,5,2,4,1,3,5,1,3,2.84,1
247,5,4,1,3,2,1,1,5,4,3,2,1,2,3,3,3,4,5,4,3,2,1,2,3,4,2.84,1
273,5,3,2,4,1,5,1,3,1,1,2,2,3,5,4,3,2,1,2,3,4,5,4,3,2,2.84,1
567,2,2,2,4,3,3,3,4,3,2,3,2,3,4,2,5,3,2,3,3,2,2,3,3,3,2.84,1
616,1,4,1,2,4,2,1,2,4,4,1,2,3,1,2,4,3,4,5,5,3,3,2,4,4,2.84,1
748,3,5,2,4,1,3,1,2,1,3,4,5,2,4,3,5,3,2,2,2,4,3,3,2,2,2.84,1
902,1,3,4,4,3,1,3,4,2,2,3,2,2,4,3,3,2,2,3,3,3,3,4,3,4,2.84,1
911,2,3,4,2,3,3,3,4,2,3,3,2,2,3,3,2,3,2,3,2,4,3,3,5,2,2.84,1
43,1,1,5,3,5,1,5,5,4,2,1,3,1,3,1,1,3,5,1,3,2,5,2,4,5,2.88,1
52,5,4,3,2,1,1,2,5,4,3,2,1,1,2,3,4,5,4,3,2,1,2,3,4,5,2.88,1
65,5,3,1,1,5,3,4,5,4,3,1,1,5,4,2,1,1,1,2,1,4,5,5,4,1,2.88,1
105,5,4,5,1,5,5,5,4,4,2,5,1,1,2,2,2,1,1,2,2,1,2,3,3,4,2.88,1
146,3,5,1,3,5,1,4,3,2,4,4,2,1,4,4,3,2,2,2,2,3,2,2,4,4,2.88,1
251,5,1,4,2,3,1,1,4,3,2,1,2,3,4,5,4,3,2,1,2,3,4,5,4,3,2.88,1
255,5,4,3,1,1,4,2,4,5,3,3,2,4,3,2,1,2,3,4,5,3,2,1,2,3,2.88,1
353,3,4,5,2,1,3,5,3,3,3,4,3,1,2,2,1,2,1,3,4,3,2,4,5,3,2.88,1
423,5,3,4,2,3,4,5,5,3,2,1,3,4,2,1,2,3,5,1,4,2,1,4,2,1,2.88,1
534,4,2,1,2,3,3,2,2,3,3,2,2,3,3,3,3,3,3,5,5,4,3,3,2,3,2.88,1
541,3,3,2,2,3,3,2,3,3,3,3,2,3,3,2,3,2,4,4,5,4,2,2,2,4,2.88,1
738,5,1,5,1,5,4,1,5,3,2,4,2,4,2,3,1,3,4,1,3,2,3,2,2,4,2.88,1
750,4,5,3,4,2,3,1,4,5,3,1,4,2,4,2,4,1,4,1,3,4,1,4,1,2,2.88,1
802,1,5,4,1,5,1,4,4,4,1,4,1,1,4,4,3,1,1,5,2,3,4,2,4,3,2.88,1
836,3,3,3,1,4,3,1,4,3,2,5,3,3,4,2,3,2,2,3,2,2,4,2,3,5,2.88,1
860,5,1,1,3,5,4,4,3,2,4,4,1,1,3,3,1,1,1,2,3,4,4,4,4,4,2.88,1
861,1,3,2,2,4,1,5,4,3,2,4,2,1,4,3,4,2,1,3,3,3,4,5,2,4,2.88,1
12,5,3,5,1,5,1,1,5,1,2,5,1,1,5,2,4,2,5,1,3,5,1,5,1,3,2.92,1
15,1,1,2,4,1,1,4,4,4,3,2,3,1,3,4,4,4,3,2,3,4,4,4,3,4,2.92,1
44,1,5,2,1,1,2,1,5,3,2,5,5,3,3,1,5,3,3,2,3,2,5,3,3,4,2.92,1
95,3,2,3,4,4,3,2,4,2,4,2,2,2,4,4,2,1,2,3,5,4,2,3,2,4,2.92,1
208,5,4,2,3,1,1,3,3,4,2,4,3,1,2,5,3,1,2,3,4,5,3,3,4,2,2.92,1
242,3,4,2,2,1,3,5,3,3,5,5,1,2,4,3,2,1,2,3,4,5,4,3,2,1,2.92,1
274,5,3,2,4,2,1,1,3,4,5,4,3,2,1,2,3,4,5,4,3,2,1,2,3,4,2.92,1
284,4,2,5,1,3,5,1,2,4,1,5,1,3,5,2,4,1,5,2,4,2,3,1,5,2,2.92,1
310,5,4,1,2,5,1,3,2,3,4,4,2,2,3,1,5,3,3,2,3,3,5,4,1,2,2.92,1
379,1,5,5,1,1,4,5,4,5,4,4,2,1,3,4,3,3,2,1,1,1,1,3,4,5,2.92,1
399,5,1,3,1,4,1,3,2,4,2,1,3,3,5,3,4,1,3,3,2,3,4,5,5,2,2.92,1
528,5,3,3,4,3,4,3,3,3,2,2,3,3,3,3,3,2,4,3,2,2,3,3,2,2,2.92,1
549,3,2,4,4,2,4,2,3,3,1,5,2,4,2,4,3,3,2,3,3,4,4,2,2,2,2.92,1
566,3,3,2,2,3,5,3,4,3,4,2,3,3,3,3,4,3,2,2,3,3,3,2,3,2,2.92,1
613,4,3,2,4,2,4,2,5,4,3,3,1,2,3,3,2,3,2,4,2,4,2,4,2,3,2.92,1
619,1,2,2,4,1,1,2,4,4,5,5,1,1,5,2,5,5,2,2,5,1,2,4,5,2,2.92,1
635,3,4,2,5,2,3,4,4,2,1,5,3,1,4,2,3,4,2,1,3,2,4,2,5,2,2.92,1
667,5,4,4,3,5,3,2,3,3,4,3,2,2,2,1,2,3,5,1,4,2,2,4,3,1,2.92,1
764,2,4,1,5,2,4,1,3,2,4,2,1,5,3,5,3,2,4,3,5,1,4,2,4,1,2.92,1
765,5,3,4,2,4,1,3,4,5,2,4,2,1,4,2,5,2,4,2,4,2,1,4,2,1,2.92,1
795,3,2,1,3,5,1,3,5,3,3,5,1,1,4,3,3,1,1,4,1,4,4,4,3,5,2.92,1
848,5,3,1,2,4,2,1,5,5,1,1,5,3,4,1,5,2,3,5,3,3,1,1,3,4,2.92,1
849,1,1,3,3,4,1,5,3,4,4,4,2,2,2,3,3,1,4,1,3,4,5,3,3,4,2.92,1
897,4,4,2,1,3,1,4,3,3,3,4,2,2,3,3,4,2,3,2,4,2,4,3,3,4,2.92,1
6,1,2,5,3,5,4,5,2,4,5,1,1,1,2,2,3,2,1,2,2,4,4,5,4,4,2.96,1
51,5,4,3,2,1,2,3,5,4,3,2,1,1,2,3,4,5,4,3,2,1,2,3,4,5,2.96,1
91,5,3,3,4,3,5,3,5,3,3,2,2,3,3,5,3,1,3,2,3,3,2,3,1,1,2.96,1
181,5,5,1,1,4,1,5,4,2,1,3,2,1,5,5,5,2,1,1,3,3,5,1,3,5,2.96,1
215,5,2,4,2,4,1,3,3,5,2,4,1,3,5,2,4,1,5,2,4,1,5,2,3,1,2.96,1
256,4,5,2,3,1,1,5,5,5,4,4,3,3,2,2,1,1,2,5,4,3,3,2,3,1,2.96,1
291,3,2,4,1,3,4,1,4,2,3,4,1,2,5,5,3,3,2,1,2,1,4,4,5,5,2.96,1
350,3,2,4,5,1,2,3,5,2,4,2,3,2,5,4,2,5,1,2,4,5,2,2,1,3,2.96,1
371,1,5,2,2,5,5,5,5,3,2,1,1,2,5,2,4,1,1,2,3,4,3,4,3,3,2.96,1
409,3,4,3,4,3,2,1,4,3,2,4,4,4,5,2,3,3,1,3,3,3,2,3,2,3,2.96,1
503,5,4,5,3,1,2,1,5,4,3,3,2,1,4,3,5,4,3,4,3,1,2,1,3,2,2.96,1
545,3,2,5,2,3,2,2,2,3,2,2,2,3,3,3,4,3,4,4,5,3,2,4,2,4,2.96,1
557,3,3,4,2,4,3,2,3,3,4,2,3,3,2,2,5,2,1,3,3,4,4,5,2,2,2.96,1
643,3,5,1,3,5,1,4,3,2,4,4,2,1,4,4,3,2,2,2,2,3,2,2,5,5,2.96,1
768,4,5,3,4,3,2,2,3,2,1,1,4,4,5,3,5,2,1,2,1,4,5,2,4,2,2.96,1
824,1,3,3,3,5,2,3,4,2,2,4,2,2,4,4,3,2,1,3,3,4,4,2,4,4,2.96,1
867,1,4,5,3,5,5,4,4,4,4,5,1,3,1,1,1,1,1,2,2,1,5,2,4,5,2.96,1
885,1,3,3,2,4,1,4,4,3,4,4,3,2,3,3,4,3,2,3,3,4,3,4,1,3,2.96,1
906,1,1,3,2,4,1,4,3,4,4,5,3,3,3,4,3,3,2,3,3,3,2,3,4,3,2.96,1
10,5,5,5,4,2,1,4,4,4,3,3,3,2,2,3,3,2,2,2,2,2,2,3,3,4,3,1
40,5,4,2,3,5,1,4,5,3,5,2,4,1,3,2,4,2,1,3,1,5,1,3,5,1,3,1
56,5,5,2,5,1,2,5,2,2,4,2,2,5,5,4,2,2,2,2,4,2,2,2,4,2,3,1
74,5,1,1,1,2,3,4,3,2,4,3,1,3,1,1,1,1,5,4,5,5,5,4,5,5,3,1
148,5,3,1,1,5,3,5,2,2,2,5,1,1,3,5,2,2,2,4,5,3,1,3,5,4,3,1
203,1,3,2,4,1,2,5,4,1,5,3,2,4,1,5,5,1,2,4,5,3,3,5,3,1,3,1
205,2,1,3,4,5,3,1,2,5,4,2,3,5,4,1,3,5,3,2,5,3,2,4,2,1,3,1
252,5,1,4,3,1,5,1,5,5,4,3,2,3,2,4,1,1,5,3,2,4,1,4,5,1,3,1
413,3,2,4,2,4,2,4,4,2,5,3,1,3,2,4,3,1,4,4,4,1,5,3,1,4,3,1
499,4,2,5,3,2,4,2,5,2,5,2,5,2,4,1,4,1,4,2,1,5,1,5,3,1,3,1
507,5,2,4,1,3,5,1,4,2,4,1,4,2,3,4,1,3,5,3,2,3,5,2,4,2,3,1
515,2,3,3,2,2,2,3,2,2,4,4,3,2,3,3,5,5,2,3,3,3,5,5,2,2,3,1
520,2,4,3,4,3,3,3,3,3,3,3,4,3,4,2,4,3,2,2,3,3,3,3,3,2,3,1
527,5,2,5,4,3,4,2,3,3,2,3,3,3,3,2,3,3,3,3,2,2,2,3,3,4,3,1
533,4,3,3,2,3,4,3,2,2,2,4,2,3,2,2,2,3,2,4,4,5,5,2,5,2,3,1
535,4,3,2,3,4,3,2,3,3,3,4,2,2,3,2,3,3,3,4,5,3,4,2,3,2,3,1
571,3,3,2,2,3,2,3,3,4,2,3,2,3,3,3,3,2,2,4,4,4,5,4,4,2,3,1
610,5,2,4,2,5,3,1,5,4,2,1,3,4,3,1,5,3,1,5,4,3,2,4,2,1,3,1
626,5,3,2,4,2,3,2,5,3,4,2,4,2,4,2,4,2,3,2,1,5,3,4,2,2,3,1
766,5,3,4,1,3,4,1,2,5,3,5,3,2,1,4,3,4,3,4,5,2,1,1,2,4,3,1
787,5,4,1,4,3,1,3,5,5,4,1,2,1,5,1,2,1,1,3,3,4,4,5,3,4,3,1
788,4,3,2,3,3,3,4,3,3,4,3,1,3,5,2,3,2,2,5,3,3,3,3,4,1,3,1
791,4,3,3,3,3,1,4,4,3,3,3,4,1,3,2,3,2,3,5,2,3,3,4,3,3,3,1
800,2,1,3,2,5,1,4,5,1,4,5,1,1,4,3,3,1,1,5,4,4,4,3,4,4,3,1
813,5,1,4,5,1,5,4,4,2,4,4,2,2,2,4,4,2,2,2,2,2,2,2,4,4,3,1
853,5,5,4,1,5,2,1,5,4,4,2,2,1,2,2,2,2,2,4,2,2,2,4,5,5,3,1
909,3,1,5,3,3,4,3,3,4,1,2,1,2,4,4,3,2,2,4,5,2,5,2,4,3,3,1
23,5,5,3,4,5,2,3,4,3,2,3,4,1,3,3,4,3,2,1,3,2,1,3,4,3,3.04,1
57,5,4,3,2,1,1,2,5,4,3,2,1,2,3,4,5,5,4,3,2,1,2,3,4,5,3.04,1
90,5,3,5,3,3,1,5,4,3,3,1,2,1,4,3,4,2,4,1,4,3,3,2,4,3,3.04,1
151,5,1,1,4,5,3,5,4,4,4,3,1,3,2,4,2,2,2,4,5,3,3,2,1,3,3.04,1
212,4,3,5,3,2,3,1,5,3,1,5,3,1,4,3,5,2,1,4,3,1,5,3,1,5,3.04,1
214,2,3,4,5,4,3,2,3,3,4,5,2,4,3,3,3,3,3,2,2,2,2,3,3,3,3.04,1
224,3,1,4,2,4,1,3,5,2,3,1,5,2,4,4,2,4,3,1,5,3,2,4,4,4,3.04,1
339,3,1,4,1,2,3,4,3,4,3,4,3,4,3,3,3,3,1,4,4,3,2,4,3,4,3.04,1
357,5,3,4,2,1,4,5,4,3,2,1,4,3,2,1,2,2,4,5,3,2,2,3,5,4,3.04,1
359,3,2,4,1,4,3,5,4,3,4,2,1,3,4,5,1,3,2,1,4,5,3,2,3,4,3.04,1
407,5,3,4,3,3,5,3,4,4,3,2,3,4,3,2,2,2,3,3,2,3,2,3,2,3,3.04,1
414,3,1,4,2,4,1,3,5,2,3,1,5,2,4,1,5,3,2,4,3,5,2,4,4,3,3.04,1
497,5,1,4,2,4,1,3,5,2,4,1,4,2,5,2,4,2,4,2,4,1,5,2,4,3,3.04,1
539,4,3,4,4,3,4,2,3,3,2,2,2,3,2,3,3,4,4,4,5,3,2,2,3,2,3.04,1
543,2,3,4,3,3,3,4,3,3,3,3,2,3,3,2,4,3,2,2,4,2,4,4,4,3,3.04,1
660,5,1,3,1,4,1,3,2,4,2,1,3,3,5,4,5,2,5,3,2,3,1,5,4,4,3.04,1
736,5,4,3,4,4,3,2,5,3,4,2,4,2,4,2,2,4,2,3,2,3,2,3,2,2,3.04,1
737,5,3,2,3,4,2,2,5,4,4,4,4,3,2,4,2,2,5,3,2,2,3,3,1,2,3.04,1
794,3,4,1,1,5,1,4,5,3,1,5,1,1,5,1,5,1,4,5,1,3,4,4,4,4,3.04,1
796,5,5,1,1,4,1,4,4,5,4,4,1,1,5,3,4,1,2,5,1,2,4,2,4,3,3.04,1
797,3,3,2,4,5,1,4,3,3,5,5,1,1,4,2,4,1,2,2,1,5,4,3,4,4,3.04,1
801,5,3,3,2,4,1,3,5,2,2,5,1,1,5,4,2,2,2,4,2,3,5,2,4,4,3.04,1
823,1,3,2,3,4,4,3,4,3,3,5,1,2,2,3,3,3,3,4,5,2,4,2,4,3,3.04,1
837,2,2,5,1,5,4,5,4,3,4,4,3,5,3,2,2,2,1,2,2,2,2,3,4,4,3.04,1
844,3,1,1,5,5,1,4,4,4,4,1,4,2,4,4,2,4,2,1,2,4,4,4,4,2,3.04,1
845,1,3,4,5,2,1,5,5,3,4,5,2,1,3,3,4,2,2,3,2,4,3,1,3,5,3.04,1
852,3,4,5,1,5,1,3,4,4,3,2,3,4,3,2,4,2,2,2,4,2,2,2,4,5,3.04,1
862,5,5,5,1,5,2,5,4,2,3,2,2,2,3,2,2,2,4,3,4,2,2,2,4,3,3.04,1
871,3,4,5,4,3,4,3,3,1,4,2,2,3,4,4,4,2,2,3,2,2,2,2,3,5,3.04,1
890,3,4,1,4,4,1,3,3,4,3,3,4,1,2,4,4,4,2,3,2,2,3,5,4,3,3.04,1
47,5,5,1,4,1,2,1,3,2,5,4,4,3,3,4,2,2,1,4,4,5,3,5,3,1,3.08,1
70,5,4,5,4,3,2,2,3,4,4,3,2,3,4,3,5,4,2,1,1,1,5,1,4,2,3.08,1
186,5,5,4,1,5,1,4,4,2,4,4,2,2,2,4,4,2,2,2,1,1,5,4,4,3,3.08,1
201,5,5,1,1,3,5,3,1,5,4,3,4,4,3,1,5,3,3,1,4,4,3,2,2,2,3.08,1
202,5,4,2,4,2,1,5,5,3,2,4,3,2,3,3,4,2,1,1,4,2,5,3,5,2,3.08,1
241,5,1,2,3,4,3,1,3,2,3,4,5,4,4,3,3,2,1,1,2,3,4,5,5,4,3.08,1
275,4,5,3,1,2,4,1,5,4,3,2,1,2,3,4,5,4,3,2,1,2,3,4,5,4,3.08,1
282,5,4,3,4,5,3,5,2,4,5,1,4,2,1,2,4,5,3,1,5,2,3,1,2,1,3.08,1
313,5,4,5,3,2,1,5,5,4,3,2,1,4,3,3,4,1,3,4,3,2,1,2,4,3,3.08,1
406,5,4,4,3,5,3,2,3,3,4,3,2,2,2,4,2,2,2,3,3,1,4,3,4,4,3.08,1
498,4,5,5,3,2,2,1,3,4,2,5,3,1,2,4,3,5,2,4,1,4,2,4,5,1,3.08,1
506,4,2,5,2,4,1,3,4,2,4,2,5,1,3,2,5,2,3,4,5,3,1,4,2,4,3.08,1
522,2,2,4,3,2,2,4,4,2,2,2,5,3,2,2,2,2,3,3,3,4,4,5,5,5,3.08,1
537,5,3,2,4,2,4,3,3,3,3,2,4,3,2,3,2,3,3,5,5,2,3,2,3,3,3.08,1
628,5,3,5,4,5,2,3,3,4,2,5,3,1,2,3,4,5,4,3,1,2,3,2,1,2,3.08,1
770,3,3,2,4,5,3,2,3,4,4,1,2,2,3,4,3,2,2,4,3,4,5,4,4,1,3.08,1
778,2,2,4,4,5,2,1,3,4,3,4,1,5,4,3,5,1,1,5,3,4,4,5,1,1,3.08,1
790,3,3,3,3,3,1,3,4,3,3,4,2,1,4,5,5,2,2,4,2,3,3,4,3,4,3.08,1
839,3,1,3,3,5,3,5,4,3,2,4,2,2,3,3,3,2,1,5,3,4,4,2,3,4,3.08,1
875,3,3,1,2,5,5,2,4,4,5,5,2,1,3,3,4,2,2,3,3,2,3,3,5,2,3.08,1
878,1,3,1,4,5,1,4,4,2,5,5,3,1,2,5,4,2,2,3,4,4,4,2,2,4,3.08,1
889,4,3,1,3,4,2,4,3,2,3,5,2,3,3,4,3,2,4,3,3,4,1,2,5,4,3.08,1
894,3,1,1,5,4,1,3,5,1,5,4,4,2,4,3,3,3,2,2,4,3,4,3,3,4,3.08,1
5,3,5,2,1,5,3,4,4,3,2,1,2,2,5,3,4,1,5,4,3,3,4,4,1,4,3.12,1
45,5,5,3,5,5,5,2,4,4,5,2,3,1,4,5,1,2,1,1,3,1,1,1,5,4,3.12,1
54,5,4,3,2,1,2,3,5,4,3,2,1,2,3,4,5,4,3,2,1,2,3,4,5,5,3.12,1
165,5,2,1,1,5,4,5,3,4,5,5,4,1,3,1,4,2,2,2,1,2,5,4,3,4,3.12,1
167,3,2,5,1,5,4,3,4,2,4,3,1,4,1,4,4,1,2,3,2,1,5,4,5,5,3.12,1
188,5,2,1,1,5,4,5,3,4,5,5,4,1,3,1,4,2,2,2,1,2,5,4,3,4,3.12,1
213,4,3,4,5,3,2,1,5,5,3,1,5,2,3,4,1,5,3,2,5,1,3,5,2,1,3.12,1
248,4,2,5,3,1,4,2,3,5,2,4,1,3,5,2,4,1,3,5,2,4,2,4,2,5,3.12,1
285,3,5,2,4,3,1,4,2,4,2,5,2,4,2,5,4,1,3,5,1,3,2,4,2,5,3.12,1
293,5,3,4,2,3,4,5,5,3,2,1,3,5,3,1,1,1,3,1,5,5,1,4,4,4,3.12,1
419,4,2,4,1,3,2,3,4,2,4,4,2,5,4,2,4,5,2,4,3,1,4,4,3,2,3.12,1
492,5,4,5,3,5,4,3,5,4,5,4,3,1,3,2,1,2,3,2,1,3,2,4,3,1,3.12,1
561,4,3,5,4,2,4,3,3,2,3,3,3,4,4,2,3,2,3,4,4,2,2,2,3,4,3.12,1
625,4,2,4,4,4,4,2,2,2,4,3,2,1,2,3,5,4,4,3,3,2,2,3,4,5,3.12,1
634,4,2,4,3,4,3,4,5,2,4,3,4,1,3,5,1,3,4,2,3,1,4,2,4,3,3.12,1
637,5,2,3,4,2,5,3,4,2,4,1,5,3,4,2,3,4,2,4,3,1,5,1,4,2,3.12,1
685,3,5,3,5,3,3,3,5,5,4,4,2,3,5,3,5,1,4,2,1,4,2,1,1,1,3.12,1
723,5,4,1,3,1,1,2,4,3,5,1,2,4,5,2,3,4,3,5,5,2,2,4,5,2,3.12,1
725,1,5,1,4,2,2,3,4,4,3,5,3,2,2,4,2,3,5,1,5,2,4,2,4,5,3.12,1
757,5,2,5,3,5,5,3,5,2,2,4,1,1,2,4,4,2,3,2,4,5,2,1,2,4,3.12,1
771,1,1,1,3,4,5,4,3,4,5,3,4,4,2,2,2,3,3,2,3,3,4,3,5,4,3.12,1
789,3,3,1,1,3,3,3,5,5,3,4,3,1,3,5,4,1,1,3,2,4,4,5,4,4,3.12,1
816,3,2,1,3,4,3,5,4,2,2,5,2,3,5,5,4,1,2,4,5,4,2,2,2,3,3.12,1
838,3,3,3,3,3,3,3,4,4,4,4,3,3,3,3,3,2,2,3,4,3,3,3,3,3,3.12,1
840,3,4,1,3,4,3,4,4,4,3,4,3,4,4,2,3,2,3,3,3,2,3,4,2,3,3.12,1
858,1,1,2,4,2,2,5,5,4,3,2,5,2,3,4,2,4,3,2,3,3,3,4,5,4,3.12,1
879,1,3,1,1,5,1,5,4,3,5,5,3,1,2,4,5,2,1,3,4,2,3,5,5,4,3.12,1
895,1,1,3,3,5,1,4,3,3,5,5,4,2,3,4,4,2,2,2,3,3,3,3,4,5,3.12,1
68,5,3,1,1,5,3,1,5,4,4,1,4,1,2,5,5,4,1,1,4,5,5,5,3,1,3.16,1
100,1,5,1,4,3,1,5,3,3,3,5,2,4,4,1,1,3,3,2,4,3,4,4,5,5,3.16,1
175,5,4,5,1,5,4,4,5,1,4,4,3,1,1,5,3,3,1,3,5,2,1,3,5,1,3.16,1
191,5,4,5,3,2,1,5,2,2,4,2,5,4,2,3,3,4,2,2,3,1,5,4,1,5,3.16,1
206,4,3,4,2,3,1,2,4,2,5,2,4,3,5,1,5,4,1,4,2,5,3,1,5,4,3.16,1
207,5,4,3,4,2,3,1,2,5,2,4,1,5,3,1,4,5,2,5,3,1,5,1,3,5,3.16,1
281,3,4,5,3,5,3,1,4,5,4,5,3,5,3,1,1,1,1,3,3,3,3,1,5,4,3.16,1
311,5,4,3,5,4,3,1,5,4,3,5,3,1,3,2,3,2,1,3,2,4,2,4,5,2,3.16,1
366,5,1,1,2,3,5,2,3,4,4,1,4,4,2,5,3,5,3,1,4,5,5,4,1,2,3.16,1
368,5,1,1,2,4,3,2,3,4,2,5,1,5,3,4,2,5,1,3,4,2,3,5,4,5,3.16,1
412,4,5,2,4,1,4,2,4,1,5,4,4,5,4,4,5,2,3,1,4,1,4,1,4,1,3.16,1
425,5,3,1,5,4,4,3,5,4,1,4,4,1,5,3,1,5,2,3,4,2,1,4,2,3,3.16,1
484,3,3,2,4,3,4,1,5,4,3,2,5,1,4,4,1,3,3,5,4,5,1,5,3,1,3.16,1
609,5,3,5,3,1,4,1,5,3,1,5,4,2,1,4,2,5,3,4,5,4,2,1,4,2,3.16,1
676,5,1,3,1,4,1,3,2,4,2,1,3,3,5,4,3,5,4,5,5,4,2,3,4,2,3.16,1
706,4,2,4,2,4,4,2,5,3,1,3,2,4,3,1,3,5,1,4,5,3,4,3,4,3,3.16,1
719,5,4,2,1,5,4,2,5,4,1,2,2,2,4,4,5,4,3,2,2,1,4,4,3,4,3.16,1
722,4,1,5,3,4,3,4,3,3,4,2,4,1,3,5,2,4,1,5,3,1,4,4,1,5,3.16,1
819,3,5,1,1,4,1,5,4,2,5,5,1,3,5,1,4,1,2,5,4,3,5,2,3,4,3.16,1
822,3,2,2,4,4,1,4,5,2,4,5,2,1,4,3,3,3,3,2,3,3,4,5,4,3,3.16,1
827,3,3,3,4,5,1,4,5,4,4,4,2,2,3,2,2,2,3,3,3,4,3,2,5,3,3.16,1
832,2,5,1,4,5,1,5,4,2,3,4,3,2,4,2,2,2,2,5,3,4,3,3,5,3,3.16,1
887,1,1,4,4,4,3,4,5,4,4,5,2,2,3,5,4,2,1,1,3,3,3,4,2,5,3.16,1
893,1,4,1,2,5,1,5,4,5,5,5,3,3,2,5,4,3,1,1,1,3,4,3,3,5,3.16,1
2,2,2,3,3,1,3,1,3,4,5,3,3,1,5,5,5,5,1,3,3,1,5,5,4,4,3.2,1
155,5,4,5,3,1,5,4,4,4,4,3,1,3,2,4,2,2,2,2,5,3,2,5,4,1,3.2,1
231,3,2,4,1,3,4,1,4,2,3,4,1,5,5,4,4,3,4,2,3,5,1,5,5,2,3.2,1
288,3,5,3,5,3,2,4,5,4,3,4,5,4,5,2,1,2,1,1,1,5,4,5,1,2,3.2,1
426,5,3,4,2,4,1,3,5,4,3,2,1,3,4,3,2,1,4,2,3,5,4,5,2,5,3.2,1
480,4,0,3,2,4,3,5,4,1,5,3,5,1,4,4,2,4,3,1,5,3,2,4,3,5,3.2,1
518,3,2,3,3,2,2,2,4,4,5,5,5,3,3,2,2,3,5,5,2,2,3,2,3,5,3.2,1
519,3,2,3,5,2,2,3,3,2,1,1,4,4,5,5,1,2,2,4,4,5,5,5,5,2,3.2,1
559,2,2,4,2,2,3,3,4,3,2,3,3,4,2,3,4,2,3,3,4,5,5,6,4,2,3.2,1
614,4,3,4,5,3,4,5,2,4,2,4,4,1,2,4,5,2,2,2,4,4,4,1,3,2,3.2,1
656,3,3,3,3,3,1,4,4,5,3,3,3,3,4,4,5,2,3,1,4,1,3,3,4,5,3.2,1
672,4,2,4,1,4,2,3,5,4,2,1,4,4,5,4,5,1,1,2,2,5,4,2,5,4,3.2,1
703,3,3,2,3,2,5,4,3,4,4,4,3,3,3,3,4,2,1,5,4,4,2,1,5,3,3.2,1
754,2,4,5,3,2,2,3,4,2,4,4,1,2,4,5,4,5,2,3,5,3,5,3,2,1,3.2,1
775,5,1,1,2,1,1,4,5,5,5,2,4,2,4,2,5,2,4,2,3,4,5,2,4,5,3.2,1
798,1,1,5,1,4,1,4,4,4,4,4,3,1,5,5,2,2,3,5,4,4,3,3,4,3,3.2,1
814,1,4,4,3,4,1,4,5,1,2,5,2,4,4,2,3,3,3,5,3,4,2,3,4,4,3.2,1
830,3,4,3,3,4,3,5,4,3,3,5,1,1,5,4,3,2,2,2,2,4,3,3,4,4,3.2,1
908,3,3,2,3,3,3,3,5,4,3,2,3,3,2,4,3,3,5,3,2,4,4,4,3,3,3.2,1
18,5,4,4,4,2,4,4,3,4,5,2,2,1,4,4,2,2,2,4,4,3,2,4,2,4,3.24,1
63,5,4,4,4,5,5,3,3,4,3,2,3,1,3,3,3,3,2,1,3,3,3,3,4,4,3.24,1
169,5,5,5,3,4,2,4,5,4,4,3,1,1,2,3,3,2,4,2,2,2,3,2,5,5,3.24,1
221,4,2,4,1,4,2,3,5,4,2,1,4,4,4,2,1,2,1,5,4,3,5,5,5,4,3.24,1
235,5,3,1,5,4,4,3,5,4,1,4,4,1,5,3,5,1,1,3,5,3,3,4,3,1,3.24,1
331,5,5,2,5,1,2,5,5,4,4,2,4,2,1,4,5,1,2,5,2,3,5,2,3,2,3.24,1
365,5,4,3,4,5,3,5,5,1,3,4,3,1,3,4,2,4,1,3,5,2,4,2,4,1,3.24,1
373,1,4,2,1,3,1,4,5,3,4,5,1,3,5,2,5,3,1,5,3,4,5,4,4,3,3.24,1
400,3,4,4,5,5,3,1,5,4,5,3,2,5,3,1,1,1,1,3,4,5,3,3,3,4,3.24,1
565,5,2,1,2,3,4,2,4,3,4,5,2,3,3,4,3,3,3,4,4,5,5,2,2,3,3.24,1
611,5,3,5,2,5,2,4,5,5,3,2,4,3,1,4,2,5,3,4,2,3,1,4,1,3,3.24,1
615,2,3,4,5,2,3,4,4,2,4,2,5,4,2,4,4,1,2,4,3,3,5,4,2,3,3.24,1
629,5,4,5,4,1,2,4,3,5,3,4,5,2,1,3,1,2,1,3,4,3,4,3,4,5,3.24,1
632,5,5,4,1,1,1,3,5,4,3,2,4,3,5,4,5,3,4,3,1,2,1,3,4,5,3.24,1
638,5,3,4,2,3,2,4,5,3,3,3,4,2,5,2,4,2,5,3,3,3,3,3,4,1,3.24,1
669,4,4,3,1,3,4,5,2,4,4,2,2,4,5,3,1,5,2,3,4,2,5,3,2,4,3.24,1
697,3,3,4,4,4,5,1,1,1,3,3,5,3,4,2,3,1,5,5,1,4,4,4,3,5,3.24,1
724,1,2,4,5,3,2,1,4,3,3,5,4,3,5,4,3,3,5,4,2,5,1,5,3,1,3.24,1
741,4,5,1,5,3,5,1,4,5,2,5,3,5,2,5,2,1,2,1,4,2,1,4,4,5,3.24,1
782,3,3,3,3,4,1,4,5,4,5,4,2,3,2,3,4,2,2,4,4,2,4,1,4,5,3.24,1
812,3,5,3,2,5,3,5,4,2,3,4,2,2,3,4,2,2,2,3,3,4,5,2,4,4,3.24,1
903,3,1,1,3,4,1,5,5,2,5,5,4,2,3,5,4,3,1,3,3,4,4,3,4,3,3.24,1
81,5,4,3,4,1,2,1,4,3,4,5,4,2,4,4,4,3,3,3,2,2,5,2,4,4,3.28,1
83,5,4,1,3,5,4,2,5,5,1,4,4,5,3,3,3,2,3,4,3,2,1,3,3,4,3.28,1
157,5,5,1,1,3,1,5,4,3,4,4,3,1,3,2,4,5,5,3,3,4,3,5,1,4,3.28,1
229,4,2,4,1,3,2,3,4,2,4,4,2,5,4,5,4,5,1,4,4,2,4,3,3,3,3.28,1
237,4,5,3,5,3,5,2,3,5,3,5,2,5,3,1,1,1,3,1,5,5,1,4,4,3,3.28,1
239,5,4,5,5,4,5,1,5,3,1,4,2,4,4,5,5,2,2,1,2,3,1,1,4,4,3.28,1
243,5,4,2,1,3,1,1,5,4,5,3,4,3,3,4,3,2,2,3,4,5,5,4,3,3,3.28,1
244,3,4,5,3,1,5,2,3,3,4,5,5,4,3,2,1,1,2,3,4,5,5,4,3,2,3.28,1
279,3,3,3,3,3,1,4,4,5,3,3,3,3,2,1,4,4,5,4,2,3,5,1,5,5,3.28,1
292,4,2,5,2,4,4,5,3,1,4,3,5,3,5,3,4,1,2,3,3,4,5,4,2,1,3.28,1
295,5,3,1,5,4,4,3,5,4,1,4,4,4,4,5,5,2,2,1,2,3,1,1,5,4,3.28,1
329,5,5,2,5,1,2,5,5,2,4,4,2,2,1,4,5,1,2,5,2,1,5,5,2,5,3.28,1
404,5,3,3,3,4,4,4,5,1,1,1,3,3,5,3,4,2,3,4,3,5,5,5,2,1,3.28,1
444,3,4,4,5,5,3,1,5,4,5,3,2,5,3,1,1,1,3,1,5,5,1,4,4,4,3.28,1
469,5,2,1,5,4,5,3,5,4,5,5,2,1,1,4,4,1,4,1,4,2,1,4,5,4,3.28,1
479,5,1,3,1,4,1,3,2,4,2,1,3,5,3,5,4,2,5,1,5,3,5,5,4,5,3.28,1
510,5,2,1,5,4,5,3,5,4,5,5,2,1,1,4,4,1,4,2,1,4,1,4,5,4,3.28,1
574,5,3,3,2,1,3,5,5,3,2,3,4,1,5,3,4,2,5,3,5,2,1,4,5,3,3.28,1
636,5,3,4,2,5,3,2,4,2,5,3,1,3,4,2,3,4,2,4,2,5,4,2,3,5,3.28,1
671,4,3,3,3,2,3,2,5,4,3,4,4,4,4,1,5,4,3,2,5,1,4,2,3,4,3.28,1
707,4,2,4,1,3,5,2,3,1,5,2,4,1,5,3,5,3,5,3,5,2,5,3,4,2,3.28,1
758,4,5,3,5,1,4,1,4,5,3,5,3,5,2,2,5,2,2,3,4,2,2,3,4,3,3.28,1
7,5,5,5,5,5,5,5,4,4,3,2,3,1,3,3,3,2,2,2,2,2,3,3,3,3,3.32,1
50,5,4,3,2,1,1,2,5,4,3,2,1,1,4,5,4,3,4,5,4,3,2,5,5,5,3.32,1
150,5,3,1,3,5,4,5,4,1,5,5,1,1,3,4,5,4,1,1,2,3,3,5,4,5,3.32,1
158,4,4,3,5,4,1,3,3,4,4,4,3,1,3,2,4,5,5,4,3,5,3,2,1,3,3.32,1
161,5,1,5,1,5,4,5,4,1,5,3,3,2,2,4,4,2,2,2,3,4,4,4,4,4,3.32,1
178,5,5,4,1,5,3,5,2,2,1,3,3,3,3,5,3,1,2,2,5,5,3,5,4,3,3.32,1
236,5,3,4,2,4,1,3,5,4,3,2,1,3,3,5,3,4,1,5,3,4,2,5,3,5,3.32,1
258,3,3,5,5,3,3,1,5,5,3,4,4,3,4,2,1,2,1,5,4,3,5,5,1,3,3.32,1
317,4,3,1,5,3,5,5,3,4,1,5,4,2,3,3,4,1,4,1,3,5,3,5,2,4,3.32,1
332,5,5,2,5,1,2,5,5,4,4,2,4,2,1,4,5,1,2,4,5,4,4,2,3,2,3.32,1
471,5,4,1,4,2,4,3,4,3,4,3,3,1,3,2,3,3,3,4,4,4,3,4,4,5,3.32,1
563,4,2,2,4,2,3,2,2,3,2,4,3,3,4,4,3,2,2,3,4,5,5,5,5,5,3.32,1
581,5,4,4,1,3,2,3,5,4,3,4,4,2,2,4,3,4,3,3,3,4,3,4,3,3,3.32,1
633,5,4,5,4,5,3,1,5,1,2,2,3,3,4,3,5,4,5,1,1,2,3,4,3,5,3.32,1
670,3,4,3,4,3,2,1,4,3,2,4,4,4,3,3,3,2,4,3,4,4,5,4,5,2,3.32,1
785,4,4,4,4,4,4,4,4,3,4,5,5,1,3,4,2,1,4,2,2,1,2,4,4,4,3.32,1
799,1,4,5,3,5,1,4,4,3,3,5,2,1,5,4,3,2,3,4,2,4,4,3,4,4,3.32,1
803,1,4,1,3,4,1,1,5,4,4,5,4,3,4,4,4,2,2,5,4,4,3,4,3,4,3.32,1
804,3,3,3,3,4,2,4,4,2,3,5,3,2,5,3,3,2,2,5,5,4,2,4,4,3,3.32,1
807,1,4,4,3,4,1,4,4,4,5,5,2,1,5,2,2,1,4,5,5,3,4,3,3,4,3.32,1
808,3,2,3,3,4,1,4,4,4,3,5,1,2,5,4,3,2,2,5,4,5,4,3,3,4,3.32,1
811,4,3,3,2,4,2,3,5,4,4,5,2,2,5,4,2,2,2,5,4,3,5,1,4,3,3.32,1
825,3,4,1,4,1,4,3,4,2,3,2,3,4,4,4,3,3,2,5,4,4,3,5,4,4,3.32,1
854,4,4,4,1,3,1,3,4,4,2,5,2,4,3,4,4,2,4,4,4,4,4,1,4,4,3.32,1
874,3,3,4,4,4,3,5,4,3,4,5,2,2,4,2,4,1,4,4,4,2,1,2,4,5,3.32,1
89,5,5,2,1,2,4,5,5,5,2,2,3,3,3,2,3,2,3,3,3,3,5,3,5,5,3.36,1
101,5,3,4,3,5,4,4,5,3,3,5,3,3,4,3,4,2,3,2,3,3,3,2,3,2,3.36,1
136,1,5,5,4,5,4,2,1,2,3,5,5,5,5,4,1,5,5,1,3,2,2,4,4,1,3.36,1
192,3,5,5,5,5,5,5,4,2,2,3,2,3,4,2,4,2,2,4,3,3,3,3,3,2,3.36,1
204,5,4,5,4,3,4,1,2,5,3,4,2,3,1,5,3,2,5,3,4,1,5,3,2,5,3.36,1
219,5,4,3,5,2,3,4,3,5,3,2,4,2,5,5,4,5,5,1,1,2,2,3,4,2,3.36,1
262,5,5,3,2,1,5,4,5,5,5,2,2,2,3,5,2,5,3,5,1,1,4,5,3,1,3.36,1
287,3,4,4,5,5,3,1,5,4,5,3,2,5,2,4,4,1,3,3,4,5,1,4,3,1,3.36,1
395,3,3,3,3,3,1,4,4,5,3,3,3,3,3,5,4,4,5,5,3,5,2,4,2,1,3.36,1
398,5,4,3,4,5,3,5,2,4,5,1,4,2,5,5,3,3,4,1,3,5,2,1,4,1,3.36,1
410,4,3,3,3,2,3,2,5,4,3,4,4,4,3,3,3,3,4,4,5,2,4,3,4,2,3.36,1
417,5,4,3,3,2,1,4,5,4,5,4,5,3,4,2,3,4,2,1,5,3,4,5,2,1,3.36,1
452,5,2,3,4,5,5,4,1,2,4,5,3,1,4,4,2,4,3,1,5,3,2,4,3,5,3.36,1
468,5,5,1,4,2,4,3,4,3,4,3,3,1,3,2,3,3,3,4,4,4,3,4,4,5,3.36,1
485,5,4,3,2,5,5,4,5,1,1,2,2,5,4,5,1,4,5,1,5,1,5,4,4,1,3.36,1
653,3,3,4,5,3,5,3,1,4,5,4,5,3,5,5,3,3,2,1,2,1,4,2,5,3,3.36,1
668,5,3,4,3,3,5,3,4,4,3,2,3,4,3,2,3,5,4,2,1,5,4,1,5,3,3.36,1
693,4,5,5,3,1,5,4,5,3,2,5,3,1,1,1,5,3,5,3,5,3,1,4,3,4,3.36,1
735,5,4,3,4,2,5,3,5,3,4,3,4,3,4,4,3,4,2,4,2,4,2,1,4,2,3.36,1
760,4,5,4,2,3,4,3,5,4,2,3,3,3,3,2,2,2,4,4,5,5,3,3,4,2,3.36,1
805,3,3,1,1,4,1,5,4,4,4,4,5,2,5,4,3,4,2,4,2,4,4,2,4,5,3.36,1
810,3,4,4,1,4,1,3,4,4,4,5,2,1,4,4,3,2,2,5,5,3,5,4,3,4,3.36,1
841,3,4,2,4,4,4,2,4,5,4,3,3,3,3,2,2,2,2,3,3,4,5,3,5,5,3.36,1
11,1,3,5,5,2,1,4,5,3,3,5,4,1,3,5,5,5,1,4,3,1,5,5,1,5,3.4,1
102,5,5,1,2,5,3,4,3,4,3,5,4,2,3,4,5,4,4,3,3,2,2,4,4,1,3.4,1
182,5,2,1,2,5,4,5,5,4,3,3,4,4,4,5,2,1,1,3,3,5,1,4,5,4,3.4,1
223,3,2,4,2,4,2,4,4,2,5,3,1,3,3,5,4,2,5,1,5,3,5,5,4,4,3.4,1
264,5,2,3,4,5,5,4,1,2,4,5,3,1,5,2,3,1,1,5,4,4,5,3,4,4,3.4,1
296,5,3,4,2,4,1,3,5,4,3,2,1,5,5,5,4,5,5,1,1,2,2,3,5,5,3.4,1
314,5,5,4,3,2,1,4,5,4,5,1,4,3,2,4,3,1,5,3,5,3,1,3,4,5,3.4,1
341,5,4,3,2,1,4,5,5,4,3,4,1,5,4,3,4,2,4,5,3,2,5,4,2,1,3.4,1
393,5,3,4,5,5,1,5,5,4,3,2,5,1,4,3,2,4,2,3,3,4,5,4,2,1,3.4,1
401,3,5,3,5,3,2,4,5,4,3,4,5,4,4,5,3,1,5,3,1,1,3,1,5,3,3.4,1
439,3,3,3,3,3,1,4,4,5,3,3,3,3,3,5,4,4,3,5,3,5,3,5,3,1,3.4,1
463,5,3,5,3,5,3,1,4,3,3,2,4,4,5,3,5,1,1,3,5,3,3,4,5,2,3.4,1
482,4,5,3,4,2,5,1,5,3,5,4,5,1,5,4,2,3,1,4,1,5,3,4,5,1,3.4,1
500,5,4,3,2,5,1,3,5,4,3,5,3,2,4,3,4,1,4,5,3,5,2,3,5,1,3.4,1
524,3,2,3,3,2,4,3,4,3,3,1,2,3,3,4,3,5,5,3,3,4,5,5,6,3,3.4,1
551,3,4,5,4,4,3,2,4,3,2,5,4,5,3,4,3,2,4,2,4,4,3,3,3,2,3.4,1
577,5,4,5,1,5,4,2,5,3,3,2,5,3,2,4,3,1,4,5,3,1,5,2,3,5,3.4,1
608,5,4,5,3,1,5,2,1,4,5,3,1,5,3,5,3,5,1,5,1,5,3,4,1,5,3.4,1
631,5,5,4,5,2,2,1,5,5,4,5,1,2,3,2,1,3,5,5,4,5,3,2,1,5,3.4,1
655,3,2,4,1,5,5,4,3,3,5,2,4,1,5,2,4,4,5,1,3,3,4,5,4,3,3.4,1
661,3,4,4,5,5,3,1,5,4,5,3,2,5,4,2,3,4,2,1,5,3,1,3,5,3,3.4,1
687,4,3,5,3,5,4,1,4,3,5,1,4,5,3,5,2,3,4,2,1,4,2,3,5,4,3.4,1
817,3,1,4,5,5,5,5,4,4,5,5,2,2,2,3,2,2,2,2,2,3,5,4,4,4,3.4,1
857,5,1,1,5,5,5,4,3,3,4,4,4,4,4,4,4,3,1,1,3,1,5,4,3,4,3.4,1
864,5,5,5,5,5,5,5,4,2,4,3,2,2,2,3,3,2,2,3,2,2,4,2,4,4,3.4,1
886,3,4,2,4,5,4,5,3,4,3,5,4,1,4,3,3,4,2,4,1,4,4,3,4,2,3.4,1
888,1,1,1,4,4,3,3,3,4,4,5,5,4,3,4,4,3,2,3,2,3,4,5,5,5,3.4,1
899,3,2,1,4,5,1,5,3,4,5,5,4,2,3,4,3,4,2,3,2,3,5,3,4,5,3.4,1
1,1,4,1,1,4,1,4,5,4,4,5,3,1,5,4,5,3,1,5,3,4,5,4,4,5,3.44,1
75,5,4,3,5,4,2,3,3,4,3,2,4,2,5,4,3,2,4,4,5,4,3,2,4,2,3.44,1
114,5,4,3,4,5,4,4,4,3,4,4,2,3,4,3,4,4,2,2,4,3,2,2,4,3,3.44,1
230,4,5,4,3,5,1,4,4,5,4,5,1,4,4,2,3,4,1,5,4,4,1,5,3,1,3.44,1
232,4,2,5,2,4,4,5,3,1,4,3,5,3,1,4,5,3,5,3,5,2,5,1,4,3,3.44,1
315,5,4,3,4,3,2,5,4,3,4,3,1,3,4,3,5,5,4,5,4,2,1,2,5,2,3.44,1
396,5,3,4,5,4,1,2,3,5,3,5,5,3,1,3,5,3,5,4,4,4,3,2,3,1,3.44,1
446,1,1,5,5,3,5,5,4,5,4,5,4,4,4,5,5,2,2,1,2,3,1,1,5,4,3.44,1
460,3,5,4,3,5,3,5,4,1,4,3,5,1,1,4,5,3,5,3,5,2,5,1,1,5,3.44,1
472,5,4,3,5,3,5,3,3,3,5,5,4,5,3,1,1,1,3,1,5,5,1,4,4,4,3.44,1
475,3,3,3,3,3,1,4,4,5,3,3,3,5,5,5,4,5,5,1,1,2,2,3,5,5,3.44,1
494,5,4,5,4,5,4,3,5,5,4,5,3,2,1,3,4,3,2,1,3,2,3,4,5,1,3.44,1
575,5,4,3,4,1,5,4,5,3,2,4,1,5,4,2,5,3,1,5,4,2,5,3,1,5,3.44,1
709,4,4,1,3,4,3,5,3,4,2,3,5,4,5,2,3,5,3,2,4,5,4,3,3,2,3.44,1
876,3,4,1,3,4,5,5,4,4,3,2,5,1,3,4,3,3,5,3,4,3,3,3,5,3,3.44,1
73,5,5,2,1,2,5,5,4,2,5,2,2,5,5,3,5,2,2,5,2,2,4,3,4,5,3.48,1
122,5,1,1,4,5,5,5,4,4,5,4,2,1,3,1,4,3,2,4,2,3,4,5,5,5,3.48,1
225,4,2,5,3,4,5,2,4,4,2,4,3,1,3,5,3,4,2,3,5,4,5,2,4,4,3.48,1
301,4,5,3,1,5,3,5,4,3,5,3,5,1,4,4,2,4,3,1,5,3,2,4,3,5,3.48,1
302,3,3,5,5,3,3,1,5,5,3,4,4,3,3,5,3,4,2,3,5,4,5,2,1,3,3.48,1
309,5,4,5,3,5,3,2,5,4,5,4,2,3,2,3,2,1,4,3,2,3,5,3,5,4,3.48,1
397,3,4,5,3,5,3,1,4,5,4,5,3,5,3,5,1,1,3,5,3,3,4,5,3,1,3.48,1
416,5,3,4,4,1,3,4,3,5,3,4,2,3,5,4,5,2,5,3,2,3,5,3,2,4,3.48,1
442,5,4,3,4,5,3,5,2,4,5,1,4,2,5,5,3,3,2,1,2,1,4,4,5,5,3.48,1
445,3,5,3,5,3,2,4,5,4,3,4,5,4,4,5,3,1,3,3,3,3,3,3,3,3,3.48,1
461,3,3,3,3,3,1,4,4,5,3,3,3,3,3,3,5,4,4,5,5,3,5,2,4,3,3.48,1
465,5,4,4,1,4,4,3,4,3,4,5,3,3,2,4,3,4,3,1,2,4,4,3,5,5,3.48,1
644,4,5,4,5,2,5,3,4,5,2,5,3,5,3,1,1,3,4,2,1,5,4,4,5,2,3.48,1
652,5,2,3,4,5,5,4,1,2,4,5,3,1,5,5,1,1,2,4,5,4,4,3,5,4,3.48,1
657,5,3,4,5,4,1,2,3,5,3,5,5,3,2,4,3,1,4,4,4,1,5,3,5,3,3.48,1
696,4,5,4,3,5,3,5,3,3,5,2,3,3,5,3,2,3,3,4,5,4,2,1,3,4,3.48,1
701,3,1,3,4,5,2,4,4,2,2,4,2,5,3,4,1,2,4,5,4,4,5,5,5,4,3.48,1
716,5,2,3,4,5,5,4,1,2,4,5,3,4,5,3,5,1,1,3,5,3,3,4,5,2,3.48,1
747,5,4,2,5,4,2,4,5,4,3,5,4,1,4,3,2,5,2,3,4,1,3,4,3,5,3.48,1
779,4,5,2,2,3,3,5,4,5,4,5,3,2,3,4,4,3,2,3,3,2,5,3,4,4,3.48,1
19,5,5,4,3,5,4,4,3,4,4,5,2,1,2,4,5,2,4,5,2,1,3,2,4,5,3.52,1
46,5,5,1,2,5,1,5,5,4,2,5,3,3,5,3,5,3,2,5,4,3,5,3,1,3,3.52,1
48,5,5,1,2,2,2,2,5,4,5,2,3,3,4,5,3,5,5,5,5,3,1,3,3,5,3.52,1
88,5,4,1,4,5,5,5,5,5,2,4,4,1,5,2,5,1,5,1,1,1,4,4,4,5,3.52,1
97,3,5,1,2,5,3,4,3,4,3,5,4,2,3,4,5,4,5,3,3,2,2,4,4,5,3.52,1
98,5,5,4,5,4,5,5,5,4,3,1,5,2,5,2,3,3,3,1,1,1,3,3,5,5,3.52,1
99,5,5,5,5,5,4,5,5,4,3,1,3,2,5,3,2,2,4,1,2,2,4,4,5,2,3.52,1
183,5,1,1,4,5,1,5,4,3,4,5,3,2,4,4,2,2,5,5,4,5,3,3,4,4,3.52,1
218,3,3,2,1,4,5,4,5,4,5,3,4,2,3,4,3,2,4,5,3,5,5,5,3,1,3.52,1
289,4,2,4,1,3,2,3,4,2,4,4,2,5,4,5,3,5,1,5,5,5,5,5,1,4,3.52,1
323,5,2,3,4,4,3,3,3,2,4,2,3,4,5,4,3,4,3,5,5,4,4,5,2,2,3.52,1
392,5,3,1,5,5,4,2,5,4,4,4,5,5,5,3,3,1,2,1,2,1,4,4,5,5,3.52,1
405,5,4,3,5,1,4,5,5,1,4,3,4,1,5,3,5,2,4,2,2,2,5,5,5,3,3.52,1
420,4,5,4,3,5,1,4,4,5,4,5,1,4,4,2,4,3,4,2,5,2,3,1,5,4,3.52,1
424,5,3,5,4,3,5,4,3,4,3,5,4,4,3,2,3,5,4,2,1,5,4,4,2,1,3.52,1
429,5,5,3,2,5,4,4,5,3,5,4,3,4,1,4,4,5,5,5,3,2,3,2,1,1,3.52,1
453,3,3,4,5,3,5,3,1,4,5,4,5,3,3,5,3,4,2,3,5,4,5,2,1,3,3.52,1
462,5,3,4,5,4,1,2,3,5,3,5,5,3,3,1,3,5,3,5,4,4,4,3,2,3,3.52,1
470,5,4,5,5,4,5,3,5,4,5,5,2,1,3,4,1,4,1,4,2,2,1,4,5,4,3.52,1
481,4,5,3,1,4,5,1,3,5,3,5,4,5,3,5,2,5,3,5,1,1,4,5,2,4,3.52,1
493,5,4,5,4,3,4,1,5,4,3,4,3,4,3,4,2,1,4,3,5,4,2,3,3,5,3.52,1
495,5,4,5,4,5,4,1,5,4,5,4,5,4,4,3,2,1,3,2,1,3,4,3,2,5,3.52,1
504,5,4,3,4,5,3,1,5,4,5,3,5,4,5,4,5,2,3,4,2,2,4,3,2,1,3.52,1
514,3,3,3,4,4,5,5,5,5,3,3,3,3,3,4,4,4,4,4,5,2,2,2,1,4,3.52,1
645,4,5,3,1,5,3,5,4,3,5,3,5,2,5,5,3,5,2,3,4,2,1,3,4,3,3.52,1
666,5,4,3,5,1,4,5,5,1,4,3,4,1,1,5,2,3,3,5,5,4,4,4,5,2,3.52,1
689,4,5,4,1,2,3,5,3,5,5,3,1,3,5,3,3,5,1,4,5,3,4,3,5,3,3.52,1
695,3,2,4,5,3,5,5,5,3,3,3,4,5,3,5,2,1,2,1,4,4,5,5,5,1,3.52,1
705,2,4,1,4,2,4,1,5,4,4,5,4,4,5,2,4,2,3,5,4,5,2,5,3,4,3.52,1
733,5,5,4,4,5,3,5,5,4,4,3,4,3,4,3,4,2,4,2,3,2,3,2,3,2,3.52,1
773,3,4,5,4,5,5,5,3,4,3,4,1,2,3,4,5,3,2,5,4,1,4,2,3,4,3.52,1
809,3,5,5,1,3,1,5,4,4,3,4,4,1,4,2,4,5,4,4,2,5,5,4,2,4,3.52,1
843,3,5,5,5,4,5,5,5,5,4,2,3,2,2,2,1,2,1,3,5,5,4,1,4,5,3.52,1
55,3,3,3,4,5,4,4,5,2,4,5,5,2,5,2,2,2,2,1,5,5,5,1,5,5,3.56,1
166,5,1,5,4,5,4,5,5,4,5,5,1,1,4,5,1,4,1,1,5,2,5,5,5,1,3.56,1
189,5,5,2,1,5,1,5,4,3,4,4,2,2,3,3,5,5,4,4,5,4,3,3,3,4,3.56,1
220,4,3,3,3,2,3,2,5,4,3,4,4,4,2,5,5,4,4,3,1,4,4,5,5,3,3.56,1
233,5,3,4,2,3,4,5,5,3,2,1,3,4,3,3,5,4,4,5,5,3,5,2,4,2,3.56,1
294,5,3,5,4,3,5,4,3,4,3,5,4,4,4,5,3,1,3,3,3,3,3,3,3,3,3.56,1
306,5,5,3,2,1,5,4,5,5,5,2,2,5,4,5,4,5,1,4,4,2,4,3,3,1,3.56,1
308,5,2,3,4,5,5,4,1,2,4,5,3,5,5,4,4,3,4,2,3,5,1,5,2,3,3.56,1
418,5,3,5,4,3,5,2,3,4,3,5,3,2,4,2,5,4,1,5,4,5,5,1,4,2,3.56,1
428,5,5,3,2,1,5,4,5,5,5,2,2,2,1,1,5,5,3,2,4,5,5,4,4,4,3.56,1
440,5,3,4,5,4,1,2,3,5,3,5,5,3,1,3,5,3,5,3,5,3,5,3,1,4,3.56,1
457,5,4,4,3,2,5,3,5,4,3,2,4,5,4,5,4,5,1,4,4,2,4,3,3,1,3.56,1
490,3,3,5,5,4,5,1,3,5,3,2,4,5,4,5,4,5,4,3,1,2,1,2,5,5,3.56,1
501,5,4,5,1,2,3,5,5,4,5,4,1,3,4,5,4,3,1,4,5,4,3,3,1,5,3.56,1
579,5,5,3,5,3,5,1,5,1,5,5,3,3,3,5,3,5,3,2,5,2,4,3,4,1,3.56,1
582,5,5,2,4,2,4,2,5,4,4,3,4,3,4,3,4,3,2,4,3,4,4,4,4,3,3.56,1
630,5,3,4,5,4,1,1,5,4,5,3,3,2,1,3,5,4,3,5,4,2,4,3,5,5,3.56,1
639,1,1,5,5,2,3,5,4,5,4,4,5,5,2,1,4,4,5,4,2,3,5,1,5,4,3.56,1
650,5,5,3,2,1,5,4,5,5,5,2,2,2,1,5,4,4,3,5,3,5,3,3,5,2,3.56,1
654,5,4,3,2,5,3,7,2,4,4,1,3,3,4,5,3,2,4,4,2,4,2,4,4,5,3.56,1
663,3,4,3,2,4,5,3,5,5,5,3,3,3,4,2,4,5,2,4,3,1,5,5,3,3,3.56,1
677,3,4,4,5,5,3,1,5,4,5,3,3,1,3,3,5,4,3,5,4,4,2,5,4,1,3.56,1
686,1,4,5,3,5,3,5,4,5,3,5,4,4,3,4,4,2,1,5,4,4,2,1,5,3,3.56,1
691,3,4,5,3,5,2,4,5,1,4,2,5,5,3,3,5,3,4,1,5,3,5,3,3,3,3.56,1
698,3,5,1,4,5,5,1,4,3,4,1,5,3,5,2,3,2,4,5,5,4,4,4,3,4,3.56,1
700,4,3,3,5,3,4,4,3,2,3,4,3,2,2,2,5,3,3,5,4,4,5,5,5,3,3.56,1
710,5,4,5,3,2,3,5,5,5,3,4,4,1,1,4,5,3,5,3,5,2,5,1,1,5,3.56,1
715,5,3,5,2,5,1,4,5,5,4,4,3,3,3,1,3,5,3,5,4,4,4,3,2,3,3.56,1
759,4,3,1,5,2,4,3,5,2,5,2,2,3,5,3,5,6,3,2,3,4,5,2,5,5,3.56,1
29,1,3,5,3,4,1,5,4,4,4,5,5,1,5,5,2,5,5,1,4,1,4,3,5,5,3.6,1
87,5,5,2,1,2,5,5,5,2,5,5,2,3,3,4,3,3,3,3,3,4,3,4,5,5,3.6,1
177,5,4,5,1,5,4,4,4,4,4,3,1,3,2,5,1,3,5,3,5,3,4,3,5,4,3.6,1
228,5,3,5,4,3,5,2,3,4,3,5,3,2,4,2,4,4,2,5,4,2,4,5,5,2,3.6,1
234,5,3,5,4,3,5,4,3,4,3,5,4,4,3,1,3,5,3,5,4,4,4,3,1,2,3.6,1
266,5,4,3,2,5,3,7,2,4,4,1,3,3,4,5,1,4,5,1,5,1,5,4,5,4,3.6,1
312,4,3,5,3,5,3,1,4,5,1,5,3,5,3,5,1,4,5,2,4,5,3,4,5,2,3.6,1
391,3,3,5,5,3,3,1,5,5,3,4,4,3,3,3,2,2,2,4,5,4,4,5,5,4,3.6,1
434,5,3,5,4,5,3,5,4,5,3,5,1,5,3,5,3,5,2,3,4,2,1,4,2,3,3.6,1
466,5,4,4,3,4,4,3,4,3,4,5,3,3,2,4,3,4,3,3,2,4,4,3,5,4,3.6,1
477,3,4,5,3,5,3,1,4,5,4,5,3,4,4,2,1,2,1,5,4,3,5,5,4,5,3.6,1
664,5,3,4,5,4,3,5,3,5,3,3,5,2,4,2,4,3,4,2,5,2,4,5,3,2,3.6,1
675,5,4,3,4,5,3,5,2,4,5,1,5,2,4,5,1,2,2,1,5,5,4,5,5,3,3.6,1
678,3,5,3,5,3,2,4,5,4,3,4,5,2,2,4,3,4,5,4,3,4,2,4,5,2,3.6,1
688,3,3,3,1,4,4,5,3,3,3,3,3,5,4,4,4,2,3,5,4,5,2,5,5,4,3.6,1
740,4,5,3,1,5,1,4,5,3,4,5,3,4,5,4,5,2,1,3,5,4,3,2,4,5,3.6,1
78,3,5,2,5,5,5,4,4,3,5,5,2,3,3,5,3,2,1,5,5,3,1,4,3,5,3.64,1
162,5,5,4,1,5,1,5,3,4,5,5,4,1,1,4,3,3,3,5,4,4,5,4,3,4,3.64,1
217,4,5,3,5,3,5,3,4,1,5,3,5,2,5,3,5,1,3,5,3,5,4,3,2,4,3.64,1
222,4,5,2,4,1,4,2,4,1,5,4,4,5,5,5,4,4,5,3,2,5,4,1,5,3,3.64,1
265,3,3,4,5,3,5,3,1,4,5,4,5,3,4,4,1,3,3,5,4,5,1,5,3,5,3.64,1
342,4,5,3,5,2,5,3,5,1,3,5,3,5,3,5,3,5,3,5,3,5,2,1,3,4,3.64,1
415,4,2,5,3,4,5,2,4,4,2,4,3,1,5,3,2,4,3,4,4,5,4,5,4,5,3.64,1
646,3,3,5,5,3,3,1,5,5,3,4,4,3,3,3,4,5,4,2,3,5,4,4,5,2,3.64,1
731,3,5,2,5,3,5,2,4,5,3,5,2,5,3,5,3,5,3,5,2,4,4,3,1,4,3.64,1
806,1,4,2,4,5,1,4,5,2,3,5,3,4,5,5,4,2,2,5,5,5,5,4,2,4,3.64,1
866,4,5,1,5,4,2,4,4,5,4,4,2,5,2,5,5,2,3,4,5,4,4,2,4,2,3.64,1
72,5,5,2,1,2,5,5,4,2,5,5,2,4,5,3,5,2,2,4,2,5,5,3,4,5,3.68,1
156,5,1,1,4,1,1,5,4,5,4,5,3,5,5,4,3,5,5,4,2,2,5,3,5,5,3.68,1
160,5,2,1,3,4,4,5,3,4,4,5,2,5,3,4,4,4,2,2,4,4,3,5,5,5,3.68,1
174,5,4,5,1,5,4,5,4,4,4,5,2,2,5,4,4,3,2,2,2,4,5,4,3,4,3.68,1
227,5,4,3,3,2,1,4,5,4,5,4,5,3,3,4,3,5,3,2,4,2,5,4,4,5,3.68,1
261,3,4,3,5,5,2,1,5,5,5,4,5,5,4,4,2,4,3,1,5,3,2,4,5,3,3.68,1
263,5,5,3,2,5,4,4,5,3,5,4,3,4,5,4,2,3,1,4,1,5,3,4,3,5,3.68,1
277,5,3,1,4,5,3,5,3,5,4,5,3,5,4,5,4,5,4,3,1,2,1,2,5,5,3.68,1
343,3,5,4,5,3,5,3,4,5,3,5,1,3,5,3,5,1,4,5,2,5,1,5,3,4,3.68,1
372,1,4,5,5,5,5,5,3,5,5,4,5,1,4,2,1,1,1,5,4,5,4,4,5,3,3.68,1
385,5,3,1,4,5,3,5,3,5,4,5,3,5,4,4,3,4,2,3,5,1,5,2,3,5,3.68,1
388,5,4,5,5,4,5,1,5,3,1,4,2,4,5,4,5,1,5,3,4,1,5,3,5,3,3.68,1
394,3,4,3,5,5,2,1,5,5,5,4,5,5,5,3,3,2,3,1,5,5,1,4,4,4,3.68,1
402,3,4,3,2,4,5,3,5,5,5,3,3,3,4,5,3,5,3,3,5,5,3,1,4,3,3.68,1
431,3,3,4,5,3,5,3,1,4,5,4,5,3,5,3,5,1,1,2,4,5,4,4,5,5,3.68,1
438,3,5,4,3,5,3,5,4,1,4,3,5,1,4,5,3,5,5,3,4,1,5,3,5,3,3.68,1
459,5,3,1,4,5,3,5,3,5,4,5,3,5,5,4,4,3,4,2,3,5,1,5,2,3,3.68,1
464,5,4,5,1,5,3,5,5,2,5,3,5,4,3,5,3,4,1,5,3,4,2,5,4,1,3.68,1
483,5,4,3,5,5,4,5,5,4,1,5,2,3,5,2,3,1,1,5,4,4,5,3,4,4,3.68,1
508,5,4,2,5,3,5,3,3,5,3,5,3,1,5,3,5,2,5,3,5,3,4,2,5,3,3.68,1
578,5,5,3,4,3,4,2,5,3,5,5,2,5,5,5,3,4,3,4,2,4,2,2,2,5,3.68,1
658,3,4,5,3,5,3,1,4,5,4,5,3,5,4,1,5,3,2,4,3,5,4,4,3,4,3.68,1
662,3,5,3,5,3,2,4,5,4,3,4,5,4,4,2,5,4,1,5,4,5,5,5,1,1,3.68,1
690,5,3,5,3,1,4,5,4,5,3,5,3,5,1,1,5,3,5,3,5,2,5,3,3,5,3.68,1
708,5,3,4,5,2,4,4,2,4,3,1,5,3,2,4,4,5,5,3,1,5,4,5,4,5,3.68,1
714,5,4,5,3,5,4,5,5,1,1,3,2,3,3,3,5,4,4,5,5,3,5,2,4,3,3.68,1
159,5,2,1,4,5,1,5,4,5,4,5,3,5,4,3,5,5,4,2,2,4,4,3,4,4,3.72,1
170,5,5,5,3,4,4,5,2,2,3,4,5,5,4,3,4,3,4,3,3,3,3,3,4,4,3.72,1
226,5,3,4,4,1,3,4,3,5,3,4,2,3,5,4,5,4,5,3,4,2,3,4,5,5,3.72,1
257,4,5,3,1,5,3,5,4,3,5,3,5,2,2,5,5,4,4,3,1,4,4,5,3,5,3.72,1
290,4,5,4,3,5,1,4,4,5,4,5,1,5,3,5,1,1,2,4,5,4,4,5,5,4,3.72,1
304,5,3,4,5,5,1,5,5,4,3,2,5,1,3,4,3,5,3,2,4,2,5,4,5,5,3.72,1
383,5,4,4,3,2,5,3,5,4,3,2,4,5,4,3,4,5,5,3,4,2,5,4,3,2,3.72,1
390,4,5,3,1,5,3,5,4,3,5,3,5,2,5,3,5,3,5,3,5,3,5,3,1,4,3.72,1
436,5,4,3,5,3,5,3,3,3,5,5,4,4,2,3,5,3,3,5,1,4,5,3,4,3,3.72,1
441,3,4,5,3,5,3,1,4,5,4,5,3,5,3,5,1,1,2,4,5,4,4,5,5,4,3.72,1
447,5,5,2,1,3,4,5,4,5,4,3,4,5,5,5,4,5,5,1,1,2,2,3,5,5,3.72,1
449,5,4,5,3,2,3,5,5,5,3,4,4,4,4,2,1,2,1,5,4,3,5,5,4,5,3.72,1
454,5,4,3,2,5,3,7,2,4,4,1,3,3,5,4,5,4,5,3,4,2,3,4,3,5,3.72,1
679,3,4,3,2,4,5,3,5,5,5,3,4,3,3,3,5,5,4,5,2,4,2,4,3,4,3.72,1
847,3,1,1,5,5,5,5,5,4,5,3,5,4,2,3,4,3,4,4,4,3,3,2,5,5,3.72,1
60,5,4,3,5,5,4,3,5,4,5,4,4,2,4,4,4,2,2,3,4,4,4,2,4,4,3.76,1
153,5,1,2,3,5,5,2,4,5,4,5,5,5,5,4,5,3,2,2,5,3,3,3,3,5,3.76,1
163,5,5,1,1,5,4,5,3,4,5,5,4,1,1,4,5,5,4,4,5,4,3,5,5,1,3.76,1
240,4,5,4,5,2,5,3,4,5,2,5,3,5,5,5,4,5,5,1,1,2,2,3,4,5,3.76,1
307,5,5,3,2,5,4,4,5,3,5,4,3,4,4,2,3,4,1,5,4,4,1,5,4,5,3.76,1
318,5,3,3,3,3,3,5,4,4,5,5,4,3,4,4,4,3,3,4,4,3,3,4,4,4,3.76,1
427,4,5,3,5,3,5,2,3,5,3,5,2,5,3,5,3,5,3,5,1,4,5,3,4,3,3.76,1
458,5,4,3,5,3,5,3,3,3,5,5,4,4,4,2,3,4,1,5,4,4,1,5,4,5,3.76,1
496,5,5,4,3,2,1,4,5,4,5,4,5,4,3,2,4,3,4,3,4,5,3,4,3,5,3.76,1
502,5,3,5,3,5,4,1,2,5,3,5,3,4,5,3,5,3,5,3,5,2,5,3,5,2,3.76,1
576,5,4,3,5,4,2,4,5,4,3,2,4,5,3,5,4,2,5,3,5,3,5,3,5,1,3.76,1
820,5,5,1,5,5,1,5,5,3,3,5,3,1,1,3,5,5,5,3,2,3,5,5,5,5,3.76,1
62,3,4,3,4,5,5,4,3,4,5,4,3,3,5,2,4,3,2,4,4,4,3,5,4,5,3.8,1
77,5,4,3,5,1,3,2,4,5,3,5,2,4,5,4,3,5,4,3,5,3,5,2,5,5,3.8,1
86,5,4,4,5,4,3,4,4,3,3,3,4,4,3,4,4,4,4,5,3,4,3,4,3,4,3.8,1
164,5,4,3,4,4,3,5,5,4,4,4,2,1,5,5,4,4,1,3,5,4,5,3,5,3,3.8,1
187,5,5,1,5,1,5,4,5,5,3,3,2,3,5,5,5,5,4,4,3,3,3,5,5,1,3.8,1
238,5,3,5,3,5,2,5,5,4,5,3,5,3,4,5,3,1,4,5,3,5,2,5,2,3,3.8,1
298,5,3,5,3,5,2,5,5,4,5,3,5,4,4,2,1,2,1,5,4,3,5,5,4,5,3.8,1
382,5,3,5,4,5,3,5,4,5,3,5,1,5,3,5,3,5,3,4,4,1,4,3,5,2,3.8,1
435,5,4,4,3,2,5,3,5,4,3,2,4,5,4,3,4,5,4,2,3,5,4,5,2,5,3.8,1
450,5,4,5,3,5,4,5,5,1,1,3,2,5,5,5,4,4,5,3,2,5,4,1,5,4,3.8,1
487,2,4,2,4,5,5,5,5,3,2,4,5,4,5,5,5,5,3,1,4,2,4,5,5,1,3.8,1
580,5,5,4,3,4,3,4,5,4,3,4,4,5,5,4,3,4,5,3,5,2,3,3,4,1,3.8,1
647,5,3,1,5,5,4,2,5,4,4,4,5,5,5,3,5,3,3,5,1,4,5,5,3,1,3.8,1
659,5,4,3,4,5,3,5,2,4,5,1,4,2,5,3,2,4,3,4,4,5,5,5,3,5,3.8,1
84,3,3,5,5,5,5,5,5,4,4,1,5,5,5,3,4,5,2,1,3,5,5,3,1,4,3.84,1
96,5,5,3,4,5,5,4,4,3,5,4,2,3,4,3,5,1,4,4,3,3,4,4,5,4,3.84,1
260,5,3,4,5,5,1,5,5,4,3,2,5,1,3,5,4,2,5,1,5,3,5,5,5,5,3.84,1
269,5,4,4,3,2,5,3,5,4,3,2,4,5,4,5,4,4,4,5,1,1,5,5,4,5,3.84,1
299,5,4,5,5,4,5,1,5,3,1,4,2,5,5,5,4,4,5,3,2,5,4,1,5,4,3.84,1
305,3,4,3,5,5,2,1,5,5,5,4,5,5,4,2,4,4,2,5,4,2,4,5,5,3,3.84,1
322,4,4,3,5,4,3,4,3,2,3,4,3,5,5,5,4,4,3,5,4,3,3,4,4,5,3.84,1
384,5,4,3,5,3,5,3,3,3,5,5,4,4,2,3,5,3,5,3,5,4,5,5,3,1,3.84,1
389,4,5,4,5,2,5,3,4,5,2,5,3,5,3,5,3,5,3,5,3,5,3,5,3,1,3.84,1
403,5,3,4,5,4,3,5,3,5,3,3,5,2,3,3,5,3,3,5,3,5,3,5,3,5,3.84,1
511,4,5,3,5,3,5,3,4,5,3,1,5,3,5,3,5,3,5,3,5,3,5,2,5,3,3.84,1
673,5,3,4,5,4,1,2,3,5,3,5,5,5,3,5,5,5,4,5,3,1,1,5,4,5,3.84,1
680,5,4,5,3,5,2,5,5,4,5,4,4,2,5,5,2,2,4,4,3,4,4,1,5,4,3.84,1
683,5,4,5,3,5,4,5,3,5,1,5,3,5,3,5,4,4,1,5,4,3,2,3,5,4,3.84,1
61,3,5,5,4,1,5,4,3,4,5,4,4,5,3,4,4,3,2,4,4,4,3,5,4,5,3.88,1
103,5,5,5,4,2,5,5,5,5,4,5,3,2,2,5,4,4,4,3,4,2,2,4,4,4,3.88,1
154,5,3,5,4,3,2,5,4,5,3,4,5,5,5,4,5,3,2,2,3,5,4,5,3,3,3.88,1
172,5,2,1,2,5,4,5,4,5,4,5,4,5,4,3,5,5,4,2,2,4,4,3,5,5,3.88,1
278,3,5,4,3,5,3,5,4,1,4,3,5,1,5,4,4,5,5,4,1,4,5,5,4,5,3.88,1
297,4,5,3,5,3,5,2,3,5,3,5,2,5,2,5,5,4,4,3,1,4,4,5,5,5,3.88,1
303,5,3,1,5,5,4,2,5,4,4,4,5,3,5,4,5,4,5,3,4,2,3,4,3,5,3.88,1
340,5,5,5,5,5,5,5,5,3,2,5,5,4,3,1,3,4,2,3,5,3,5,5,3,1,3.88,1
430,5,2,3,4,5,5,4,1,2,4,5,3,1,5,5,5,4,5,3,3,5,4,4,5,5,3.88,1
437,5,3,1,4,5,3,5,3,5,4,5,3,5,4,4,3,4,5,3,5,3,5,2,5,3,3.88,1
456,5,3,5,4,5,3,5,4,5,3,5,1,5,4,2,4,4,2,5,4,2,4,5,5,3,3.88,1
473,5,3,1,4,5,3,5,3,5,4,5,3,4,4,5,3,1,4,5,3,5,2,5,5,5,3.88,1
476,5,3,4,5,4,1,2,3,5,3,5,5,5,2,5,5,4,4,3,1,4,4,5,5,5,3.88,1
478,5,4,3,4,5,3,5,2,4,5,1,4,5,5,5,4,4,5,3,2,5,4,1,5,4,3.88,1
649,3,4,3,5,5,2,1,5,5,5,4,5,5,5,5,3,5,5,3,4,1,5,1,4,4,3.88,1
651,5,5,3,2,5,4,4,5,3,5,4,3,4,1,3,5,3,5,3,5,3,5,4,3,5,3.88,1
694,3,5,3,2,4,5,4,3,4,5,4,4,5,3,1,2,4,5,4,4,5,5,4,5,4,3.88,1
850,4,3,5,4,4,4,4,3,4,4,4,5,5,4,4,4,4,3,2,3,4,5,4,4,3,3.88,1
22,2,5,5,5,4,5,5,5,5,5,5,4,4,5,4,5,1,1,5,5,4,4,1,3,1,3.92,1
76,5,3,5,3,5,3,5,3,3,4,5,5,5,2,5,3,3,5,4,3,3,3,5,3,5,3.92,1
259,5,3,1,5,5,4,2,5,4,4,4,5,5,5,5,4,4,5,3,2,5,4,1,3,5,3.92,1
387,5,3,5,3,5,2,5,5,4,5,3,5,3,5,3,5,1,5,3,5,3,5,2,5,3,3.92,1
451,5,3,5,2,5,1,4,5,5,4,4,3,5,3,5,4,2,5,1,5,3,5,5,4,5,3.92,1
486,1,1,5,4,5,3,5,5,5,4,5,3,1,1,5,4,5,4,4,4,5,5,5,4,5,3.92,1
491,5,5,3,5,1,5,2,4,2,4,2,4,5,5,4,4,5,5,4,1,4,5,5,4,5,3.92,1
856,1,5,1,4,5,1,5,5,5,5,5,5,4,5,5,3,3,5,3,5,2,3,4,4,5,3.92,1
9,5,1,5,5,5,2,5,5,2,5,2,5,5,5,5,4,1,1,5,5,1,5,5,5,5,3.96,1
300,4,5,4,5,2,5,3,4,5,2,5,3,5,3,5,4,2,5,1,5,3,5,5,4,5,3.96,1
573,5,5,4,3,3,3,3,4,3,3,5,3,4,5,3,5,3,5,5,5,4,4,3,4,5,3.96,1
648,5,3,4,5,5,1,5,5,4,3,2,5,1,4,4,3,4,5,3,5,3,5,5,5,5,3.96,1
774,3,5,5,4,5,3,5,5,4,4,2,4,4,5,3,5,5,4,4,4,2,3,2,4,5,3.96,1
268,5,3,5,4,5,3,5,4,5,3,5,1,5,5,5,5,5,3,1,4,2,4,5,4,4,4,1
270,5,4,3,5,3,5,3,3,3,5,5,4,4,5,5,4,4,4,3,3,5,5,4,1,5,4,1
448,3,4,4,5,4,5,5,5,4,3,4,2,5,2,5,5,4,4,3,1,4,4,5,5,5,4,1
489,5,5,4,3,5,4,5,5,5,2,3,2,1,5,5,4,4,4,3,3,5,5,4,5,4,4,1
734,5,5,4,4,4,4,3,5,4,4,5,4,4,5,4,5,5,3,3,3,5,4,2,4,2,4,1
756,4,5,3,5,3,5,2,4,5,3,5,3,5,3,5,1,5,3,5,3,5,4,5,4,5,4,1
859,2,5,5,3,5,5,5,4,5,5,5,3,1,5,2,4,2,4,5,3,5,5,3,5,4,4,1
869,4,5,1,4,5,4,5,5,4,4,4,3,4,5,3,5,2,5,5,4,4,4,3,4,4,4,1
280,5,3,4,5,4,1,2,3,5,3,5,5,3,5,4,5,4,4,4,5,5,4,5,4,5,4.08,1
674,3,4,5,3,5,3,1,4,5,4,5,4,5,5,5,5,3,2,4,5,4,5,5,3,5,4.08,1
640,5,3,5,3,1,4,5,3,5,4,5,5,3,5,4,5,4,4,4,5,5,4,5,5,2,4.12,1
171,5,4,5,3,5,4,5,4,5,4,5,1,1,5,5,4,4,4,5,5,4,4,3,5,5,4.16,1
872,5,5,1,5,5,5,5,5,5,5,5,5,5,5,3,5,1,5,1,5,1,5,5,5,5,4.28,1
780,5,5,5,5,5,3,5,5,5,5,5,5,4,3,4,4,3,4,5,3,5,5,2,5,5,4.4,1
